series,event,label,week,change,change_sd,p_perm,level_z
joy,a,October 7 attack,2023-10-12,,,,-0.7030179351929753
joy,b,Iranian attack (True Promise I),2024-04-18,0.0031499842099425683,0.248722069602178,0.3025210084033613,-0.5234628181199099
joy,c,Nuseirat hostage rescue,2024-06-13,-0.0015157120058850032,-0.11968029104230335,0.5294117647058824,-0.15170216183073038
joy,d,Pager attacks on Hezbollah,2024-09-19,0.010235876607099365,0.8082225954893568,0.05042016806722689,0.2524709054656129
joy,e,Iranian missile barrage (True Promise II),2024-10-03,0.0238941029650436,1.8866731845813083,0.01680672268907563,1.6990047679998364
joy,f,Sinwar killed,2024-10-17,0.023004976079121844,1.8164679186287431,0.025210084033613446,2.7611393006584817
joy,g,Israel–Hezbollah ceasefire,2024-11-28,0.0006030763579833384,0.04761877834571581,0.8235294117647058,2.485767802212484
joy,h,Gaza ceasefire takes effect,2025-01-23,-0.004682035600691498,-0.36969251492733607,0.20168067226890757,1.4925659730043463
joy,i,Fighting in Gaza resumes,2025-03-20,-0.0026643149220800313,-0.21037372803332022,0.3445378151260504,0.42656929872577826
joy,j,12-day war with Iran (Rising Lion),2025-06-19,-0.003793477508842468,-0.2995321608313128,0.226890756302521,-0.5182548088320201
joy,k,Gaza peace deal signed; hostages released Oct 13,2025-10-09,0.0020974828822500034,0.16561679318318676,0.42016806722689076,-0.4101887529402153
sadness,a,October 7 attack,2023-10-12,,,,-1.191042140249761
sadness,b,Iranian attack (True Promise I),2024-04-18,-0.007796597042054099,-0.1186395948280373,0.7815126050420168,-0.31252128145142677
sadness,c,Nuseirat hostage rescue,2024-06-13,-0.015078416480749257,-0.22944589957328196,0.5630252100840336,-1.1545350353756507
sadness,d,Pager attacks on Hezbollah,2024-09-19,0.01657703253463544,0.25225010511024104,0.5294117647058824,-0.9535938823313375
sadness,e,Iranian missile barrage (True Promise II),2024-10-03,-0.020500099493466817,-0.31194679995909935,0.4117647058823529,-1.2474162067531567
sadness,f,Sinwar killed,2024-10-17,-0.020633544849202046,-0.31397741701558124,0.40336134453781514,-1.373341497833709
sadness,g,Israel–Hezbollah ceasefire,2024-11-28,0.03794392417083675,0.5773867452085011,0.08403361344537816,0.18456032424136934
sadness,h,Gaza ceasefire takes effect,2025-01-23,-0.011221923641000275,-0.1707622526569211,0.6470588235294118,0.1730375172174205
sadness,i,Fighting in Gaza resumes,2025-03-20,-0.03321948797610702,-0.505495740336717,0.14285714285714285,-0.3308252599308671
sadness,j,12-day war with Iran (Rising Lion),2025-06-19,0.02838893211878074,0.4319899291967835,0.23529411764705882,0.09573444967545465
sadness,k,Gaza peace deal signed; hostages released Oct 13,2025-10-09,0.004747721682417105,0.07224533648719313,0.8403361344537815,1.7926666316377395
anger,a,October 7 attack,2023-10-12,,,,0.026147697363943186
anger,b,Iranian attack (True Promise I),2024-04-18,0.03794015597404776,0.7454513861472447,0.09243697478991597,0.27311861345627436
anger,c,Nuseirat hostage rescue,2024-06-13,0.022903245508189674,0.45000490042869834,0.2184873949579832,1.4710393895076526
anger,d,Pager attacks on Hezbollah,2024-09-19,0.006170901581328048,0.12124639499968931,0.7478991596638656,1.9922021165522805
anger,e,Iranian missile barrage (True Promise II),2024-10-03,-0.039285531125366036,-0.7718854306494415,0.058823529411764705,1.283778524754907
anger,f,Sinwar killed,2024-10-17,-0.047053848896273065,-0.9245179937394845,0.025210084033613446,0.7603757968796224
anger,g,Israel–Hezbollah ceasefire,2024-11-28,-0.0035422017485249313,-0.06959747886269403,0.8403361344537815,0.4369532224041491
anger,h,Gaza ceasefire takes effect,2025-01-23,0.00024412771550186285,0.004796641954827688,1.0,0.33071009916666877
anger,i,Fighting in Gaza resumes,2025-03-20,0.02000354055940634,0.39303125290423496,0.2605042016806723,0.6706127368251062
anger,j,12-day war with Iran (Rising Lion),2025-06-19,-0.019391893652268455,-0.38101356285914134,0.29411764705882354,-0.7028064838410711
anger,k,Gaza peace deal signed; hostages released Oct 13,2025-10-09,0.0018011179171388836,0.03538851682276241,0.9243697478991597,-0.5000379855238375
fear,a,October 7 attack,2023-10-12,,,,1.441762227184879
fear,b,Iranian attack (True Promise I),2024-04-18,-0.0028768288605799976,-0.48333569283696387,0.31092436974789917,1.199560303622688
fear,c,Nuseirat hostage rescue,2024-06-13,-0.0017958112197169647,-0.3017140407550343,0.453781512605042,-0.32536898128611996
fear,d,Pager attacks on Hezbollah,2024-09-19,-0.0003055166065792335,-0.05132981065978348,0.8739495798319328,0.12080959264175138
fear,e,Iranian missile barrage (True Promise II),2024-10-03,-0.0030976135020868018,-0.5204296955886386,0.2857142857142857,-0.32786673958416046
fear,f,Sinwar killed,2024-10-17,-0.006575944371051096,-1.1048236731046,0.09243697478991597,-1.0872484131363085
fear,g,Israel–Hezbollah ceasefire,2024-11-28,-0.00044744684237946544,-0.07517549359039352,0.7983193277310925,-1.2383253447218956
fear,h,Gaza ceasefire takes effect,2025-01-23,-0.0042691062508277006,-0.7172520603545445,0.17647058823529413,0.8280743005213076
fear,i,Fighting in Gaza resumes,2025-03-20,0.0028776622063771996,0.4834757031704886,0.3025210084033613,0.6745032429071003
fear,j,12-day war with Iran (Rising Lion),2025-06-19,-0.007202813426183901,-1.2101438724506195,0.06722689075630252,-1.4857245316612013
fear,k,Gaza peace deal signed; hostages released Oct 13,2025-10-09,0.001335280368405167,0.22434030429762544,0.5630252100840336,-0.8030223628193858
trust,a,October 7 attack,2023-10-12,,,,-0.7704639353419667
trust,b,Iranian attack (True Promise I),2024-04-18,0.004318068514367904,0.6620846842925624,0.226890756302521,-0.15659688131761992
trust,c,Nuseirat hostage rescue,2024-06-13,0.0024606571406148026,0.37728984629941065,0.5882352941176471,1.1769575371443715
trust,d,Pager attacks on Hezbollah,2024-09-19,0.0022667979647726377,0.3475656326127585,0.6302521008403361,2.4094541991018716
trust,e,Iranian missile barrage (True Promise II),2024-10-03,-0.004409822076320125,-0.676153156781065,0.2184873949579832,1.8263448377650515
trust,f,Sinwar killed,2024-10-17,-0.0029962862350002006,-0.45941726476766065,0.4957983193277311,1.6547644527198548
trust,g,Israel–Hezbollah ceasefire,2024-11-28,-0.0015942375262130298,-0.2444426821200221,0.6974789915966386,0.7809429854277932
trust,h,Gaza ceasefire takes effect,2025-01-23,0.0009721572683031379,0.14905980206787506,0.8403361344537815,-0.029341257419673503
trust,i,Fighting in Gaza resumes,2025-03-20,-0.0028162010273110327,-0.4318049984310074,0.5294117647058824,-0.5467259681093761
trust,j,12-day war with Iran (Rising Lion),2025-06-19,-0.0023826189197150988,-0.3653243319322314,0.6050420168067226,-1.624170396072238
trust,k,Gaza peace deal signed; hostages released Oct 13,2025-10-09,-0.0035112822175357057,-0.5383810309456206,0.40336134453781514,-0.7410602644772544
disgust,a,October 7 attack,2023-10-12,,,,-1.6612760587018969
disgust,b,Iranian attack (True Promise I),2024-04-18,0.018482661607249762,0.3513255542927996,0.2857142857142857,0.5101360508234264
disgust,c,Nuseirat hostage rescue,2024-06-13,0.004720399143505638,0.08972716596861105,0.7899159663865546,0.5835507709458233
disgust,d,Pager attacks on Hezbollah,2024-09-19,-0.007269482924848969,-0.13818113279706565,0.6638655462184874,0.40428203712229954
disgust,e,Iranian missile barrage (True Promise II),2024-10-03,-0.025370429332095212,-0.4822508974707651,0.13445378151260504,-0.011676927020935946
disgust,f,Sinwar killed,2024-10-17,-0.031719774060263384,-0.6029416888416772,0.09243697478991597,-0.3551623704173861
disgust,g,Israel–Hezbollah ceasefire,2024-11-28,0.008217460637387708,0.15620065846885825,0.6134453781512605,-0.013171812735326239
disgust,h,Gaza ceasefire takes effect,2025-01-23,7.432012575459002e-05,0.0014127055902814413,1.0,0.19998701732822685
disgust,i,Fighting in Gaza resumes,2025-03-20,0.01203080166119641,0.22868611415515194,0.47058823529411764,0.9304987185596278
disgust,j,12-day war with Iran (Rising Lion),2025-06-19,0.03023769414254862,0.5747697426327435,0.10084033613445378,0.6115639495259566
disgust,k,Gaza peace deal signed; hostages released Oct 13,2025-10-09,0.0017112526932990813,0.03252815064105943,0.9411764705882353,0.6282634660095067
anticipation,a,October 7 attack,2023-10-12,,,,1.0786787157125342
anticipation,b,Iranian attack (True Promise I),2024-04-18,-0.029587257998796745,-0.6393400083318282,0.08403361344537816,-0.37523554111132407
anticipation,c,Nuseirat hostage rescue,2024-06-13,-0.0030264976084508066,-0.06539845653429216,0.865546218487395,-0.43720130735616863
anticipation,d,Pager attacks on Hezbollah,2024-09-19,-0.012567762383180914,-0.2715720837362521,0.37815126050420167,-1.0111623299565404
anticipation,e,Iranian missile barrage (True Promise II),2024-10-03,0.006589609127133522,0.14239240264901776,0.6386554621848739,-0.8054357791444875
anticipation,f,Sinwar killed,2024-10-17,0.018197080548368272,0.39321391762230407,0.2184873949579832,-0.5479053875482696
anticipation,g,Israel–Hezbollah ceasefire,2024-11-28,-0.012692130181729988,-0.27425950104825203,0.3697478991596639,-1.0075938629026637
anticipation,h,Gaza ceasefire takes effect,2025-01-23,-0.0037923773052372933,-0.08194806487395527,0.8235294117647058,-0.9779019203548267
anticipation,i,Fighting in Gaza resumes,2025-03-20,-0.011953966268795857,-0.2583087927310178,0.4117647058823529,-1.1693209110640943
anticipation,j,12-day war with Iran (Rising Lion),2025-06-19,-0.002058626885029613,-0.044484099536377594,0.957983193277311,-0.7002643204740964
anticipation,k,Gaza peace deal signed; hostages released Oct 13,2025-10-09,0.0059215384086889755,0.12795631199425153,0.7142857142857143,0.09607446729782346
war_security,a,October 7 attack,2023-10-12,,,,0.27053935909403465
war_security,b,Iranian attack (True Promise I),2024-04-18,-0.02204619070475694,-0.49023881801493674,0.3445378151260504,-0.1549102396095248
war_security,c,Nuseirat hostage rescue,2024-06-13,-0.01122086501690392,-0.2495171921834638,0.6554621848739496,-0.8958661465087463
war_security,d,Pager attacks on Hezbollah,2024-09-19,0.011962957477319125,0.2660190239748965,0.6470588235294118,-0.1915151510144823
war_security,e,Iranian missile barrage (True Promise II),2024-10-03,0.02458304399214087,0.5466505570649876,0.2605042016806723,0.16217979269087524
war_security,f,Sinwar killed,2024-10-17,0.01956705710881801,0.435110585657227,0.4117647058823529,0.37995771819111696
war_security,g,Israel–Hezbollah ceasefire,2024-11-28,-0.026098667199697334,-0.5803533105147328,0.21008403361344538,-0.571609054658778
war_security,h,Gaza ceasefire takes effect,2025-01-23,-0.0075573631136875985,-0.1680522866639485,0.7815126050420168,0.25313644711149696
war_security,i,Fighting in Gaza resumes,2025-03-20,0.03195335566500335,0.710543400563169,0.12605042016806722,1.401626716673979
war_security,j,12-day war with Iran (Rising Lion),2025-06-19,-0.019099555539480118,-0.4247148025561181,0.42857142857142855,-0.49905544929371976
war_security,k,Gaza peace deal signed; hostages released Oct 13,2025-10-09,-0.006156221472610843,-0.1368952477363679,0.8067226890756303,-1.4490913299017776
grief_loss,a,October 7 attack,2023-10-12,,,,1.484522426218157
grief_loss,b,Iranian attack (True Promise I),2024-04-18,-0.004378902866311866,-0.7650457143695074,0.18487394957983194,-0.277867880338678
grief_loss,c,Nuseirat hostage rescue,2024-06-13,-0.00045322455582850075,-0.07918364820356427,0.6722689075630253,-0.2385189190016399
grief_loss,d,Pager attacks on Hezbollah,2024-09-19,0.0023385154287897,0.4085660863926351,0.3277310924369748,0.34537341042978115
grief_loss,e,Iranian missile barrage (True Promise II),2024-10-03,-0.006185522908594367,-1.0806834352871217,0.06722689075630252,-0.6578291767543789
grief_loss,f,Sinwar killed,2024-10-17,-0.0024936401029966005,-0.43566818726543,0.3025210084033613,-0.5940528401991055
grief_loss,g,Israel–Hezbollah ceasefire,2024-11-28,0.0011130938736927665,0.1944705611789097,0.5882352941176471,-0.4522567247435018
grief_loss,h,Gaza ceasefire takes effect,2025-01-23,0.0030992434530635674,0.5414741988901584,0.25210084033613445,1.055367957297549
grief_loss,i,Fighting in Gaza resumes,2025-03-20,-0.00033037627257103287,-0.05772061157244218,0.7058823529411765,-0.2269842069919819
grief_loss,j,12-day war with Iran (Rising Lion),2025-06-19,0.0,0.0,1.0,-1.0903583080048347
grief_loss,k,Gaza peace deal signed; hostages released Oct 13,2025-10-09,0.0012047447474786332,0.21048304429369372,0.5798319327731093,-0.879875263711141
faith_prayer,a,October 7 attack,2023-10-12,,,,-1.7803659306972106
faith_prayer,b,Iranian attack (True Promise I),2024-04-18,-0.01858155808567727,-0.5882902758307716,0.3025210084033613,0.1324851619862418
faith_prayer,c,Nuseirat hostage rescue,2024-06-13,-0.014539429243589697,-0.4603168798167881,0.44537815126050423,-1.4107318691289288
faith_prayer,d,Pager attacks on Hezbollah,2024-09-19,0.037963119017620506,1.2019085619890506,0.04201680672268908,-0.4809777872407583
faith_prayer,e,Iranian missile barrage (True Promise II),2024-10-03,0.04824901248122253,1.5275589232218132,0.025210084033613446,0.43862569038064875
faith_prayer,f,Sinwar killed,2024-10-17,0.02098225313258925,0.6642960415917187,0.2689075630252101,0.7415919527478121
faith_prayer,g,Israel–Hezbollah ceasefire,2024-11-28,-0.006402843372026401,-0.20271338259486696,0.6890756302521008,-0.24221339884830007
faith_prayer,h,Gaza ceasefire takes effect,2025-01-23,0.000527477911686447,0.016699898077968362,0.9747899159663865,1.2444338815250038
faith_prayer,i,Fighting in Gaza resumes,2025-03-20,-0.029521723410397965,-0.9346548189352096,0.14285714285714285,0.5658620203476016
faith_prayer,j,12-day war with Iran (Rising Lion),2025-06-19,-0.0335071948630694,-1.0608344476507898,0.10084033613445378,-0.9839570170984986
faith_prayer,k,Gaza peace deal signed; hostages released Oct 13,2025-10-09,-0.000639140172004754,-0.02023511410343063,0.9495798319327731,0.8670151312135556
hope_resilience,a,October 7 attack,2023-10-12,,,,1.5588213216091085
hope_resilience,b,Iranian attack (True Promise I),2024-04-18,-0.009327012626605402,-0.32747027830207553,0.2773109243697479,0.9576755601543052
hope_resilience,c,Nuseirat hostage rescue,2024-06-13,-0.010581399968573366,-0.37151166523030926,0.18487394957983194,0.04593098110938273
hope_resilience,d,Pager attacks on Hezbollah,2024-09-19,-0.006906379514139041,-0.24248214429382567,0.42016806722689076,-0.5931040379997864
hope_resilience,e,Iranian missile barrage (True Promise II),2024-10-03,-0.009964548891090268,-0.34985409896540287,0.226890756302521,-0.8359822055378843
hope_resilience,f,Sinwar killed,2024-10-17,-0.004294118903596433,-0.15076599214755407,0.6386554621848739,-0.8782206310857885
hope_resilience,g,Israel–Hezbollah ceasefire,2024-11-28,-0.0026294116446412344,-0.09231832286633955,0.7983193277310925,-1.3106740098207053
hope_resilience,h,Gaza ceasefire takes effect,2025-01-23,0.01003542721065237,0.35234262813994016,0.21008403361344538,-0.9591117439101577
hope_resilience,i,Fighting in Gaza resumes,2025-03-20,-0.007379639409404663,-0.2590982416249011,0.40336134453781514,-0.5845700045231833
hope_resilience,j,12-day war with Iran (Rising Lion),2025-06-19,-0.009565122354054465,-0.33583028185688524,0.2605042016806723,-0.9427832176531459
hope_resilience,k,Gaza peace deal signed; hostages released Oct 13,2025-10-09,-0.004271410584705794,-0.1499687058347128,0.6470588235294118,-0.3569578865460003
nation_home,a,October 7 attack,2023-10-12,,,,0.1525638604451039
nation_home,b,Iranian attack (True Promise I),2024-04-18,0.0036574437840988933,0.15725967583685607,0.42016806722689076,1.4000863439613862
nation_home,c,Nuseirat hostage rescue,2024-06-13,-0.010325578936037694,-0.4439705138787859,0.14285714285714285,0.8855506305412215
nation_home,d,Pager attacks on Hezbollah,2024-09-19,-0.0033294267527505736,-0.1431558768275396,0.44537815126050423,0.09157067672480826
nation_home,e,Iranian missile barrage (True Promise II),2024-10-03,0.005139396943300269,0.22097944493751262,0.33613445378151263,0.23611422961533463
nation_home,f,Sinwar killed,2024-10-17,0.004566982157514665,0.19636723789601856,0.36134453781512604,0.32707354553091994
nation_home,g,Israel–Hezbollah ceasefire,2024-11-28,-0.0053350615060717005,-0.2293924643933336,0.31932773109243695,-0.2419918613514179
nation_home,h,Gaza ceasefire takes effect,2025-01-23,-0.008780302582953233,-0.3775280276207795,0.18487394957983194,-0.5465435264223163
nation_home,i,Fighting in Gaza resumes,2025-03-20,-0.00047491727113743373,-0.02042009133075378,0.7058823529411765,-0.8170557285739962
nation_home,j,12-day war with Iran (Rising Lion),2025-06-19,0.0042436636450165,0.18246546182810755,0.37815126050420167,-0.8107601889538157
nation_home,k,Gaza peace deal signed; hostages released Oct 13,2025-10-09,0.0,0.0,1.0,-0.9932256507819233
romance_heartbreak,a,October 7 attack,2023-10-12,,,,-0.5082212972207445
romance_heartbreak,b,Iranian attack (True Promise I),2024-04-18,0.02625448643846312,0.5124857437148496,0.23529411764705882,0.036717674455638484
romance_heartbreak,c,Nuseirat hostage rescue,2024-06-13,-0.026623387657224995,-0.519686669769816,0.2184873949579832,0.1585881193960811
romance_heartbreak,d,Pager attacks on Hezbollah,2024-09-19,0.02666315632967564,0.5204629514817128,0.21008403361344538,0.5503354238142885
romance_heartbreak,e,Iranian missile barrage (True Promise II),2024-10-03,0.026926754432974542,0.5256083680689919,0.19327731092436976,0.8152320545948362
romance_heartbreak,f,Sinwar killed,2024-10-17,0.008055873678561976,0.1572500922121404,0.6890756302521008,0.9073529579596133
romance_heartbreak,g,Israel–Hezbollah ceasefire,2024-11-28,0.018051309101876356,0.3523602943742545,0.36134453781512604,1.5822293301964014
romance_heartbreak,h,Gaza ceasefire takes effect,2025-01-23,-3.991615841014706e-05,-0.0007791606275373575,1.0,1.6689921315664271
romance_heartbreak,i,Fighting in Gaza resumes,2025-03-20,-0.027347351699540723,-0.5338183973706818,0.18487394957983194,0.7737433569559412
romance_heartbreak,j,12-day war with Iran (Rising Lion),2025-06-19,0.04505875493383055,0.8795437529221405,0.058823529411764705,0.7849940814031869
romance_heartbreak,k,Gaza peace deal signed; hostages released Oct 13,2025-10-09,-0.0028540274008297395,-0.05571041576170356,0.8907563025210085,-0.8986423830037755
party_hedonism,a,October 7 attack,2023-10-12,,,,-1.039311724203207
party_hedonism,b,Iranian attack (True Promise I),2024-04-18,-0.006688972680292865,-0.08703177165643518,0.6050420168067226,-1.167815946735732
party_hedonism,c,Nuseirat hostage rescue,2024-06-13,0.03888051271816147,0.5058833495824648,0.07563025210084033,-0.46946783791872415
party_hedonism,d,Pager attacks on Hezbollah,2024-09-19,0.0002237844962873492,0.002911711874457559,0.9663865546218487,-0.13091296890843573
party_hedonism,e,Iranian missile barrage (True Promise II),2024-10-03,-9.205267736417388e-05,-0.0011977186900951,0.9747899159663865,-0.07597807387188818
party_hedonism,f,Sinwar killed,2024-10-17,-0.007070132531441148,-0.09199113069634768,0.5882352941176471,-0.19383147078506968
party_hedonism,g,Israel–Hezbollah ceasefire,2024-11-28,-0.0009396724809005996,-0.012226296129228065,0.9243697478991597,-0.08830426836750495
party_hedonism,h,Gaza ceasefire takes effect,2025-01-23,0.0056268245495198765,0.07321191650063615,0.680672268907563,-0.4882735836502123
party_hedonism,i,Fighting in Gaza resumes,2025-03-20,0.05937294629241918,0.7725151456389822,0.03361344537815126,0.457093924680143
party_hedonism,j,12-day war with Iran (Rising Lion),2025-06-19,0.07133731649831401,0.9281863354526778,0.008403361344537815,1.869037706210881
party_hedonism,k,Gaza peace deal signed; hostages released Oct 13,2025-10-09,-0.020123329969264442,-0.26182930362565643,0.24369747899159663,1.0660187943982273
