series,F_nonlinear,p_nonlinear,peak_week,peak,trough_week,trough,start,end
joy,0.9383414532269965,0.39415174497021455,2024-12-12,0.05385021187234718,2026-02-19,0.016227695557330626,0.01822024636163611,0.016227695557330626
sadness,2.089395222562755,0.12827914522555403,2025-10-30,0.6188944295689088,2024-08-29,0.4324433400606323,0.4334768533496211,0.5987327460289659
anger,24.37693578432155,1.3397610882256285e-09,2024-08-08,0.7098143036657703,2024-01-25,0.5491554790215127,0.5973329896410837,0.5990684802826707
fear,0.23089386251161526,0.7941785107764368,2023-10-12,0.026949183771854297,2025-08-14,0.01223158041131926,0.026949183771854297,0.013889407762849887
trust,6.031026049604048,0.0032001097078188305,2024-09-19,0.04152612314486718,2025-05-22,0.02256835432699518,0.024767597052073594,0.024202856918743448
disgust,23.766394740145223,2.069229587765338e-09,2025-04-10,0.8493907727816379,2023-10-12,0.6841723094232752,0.6841723094232752,0.8437868239664505
anticipation,83.40937004701642,2.2784920800340812e-23,2023-12-21,0.44925876213420274,2025-02-20,0.3226858993916088,0.4469726645959661,0.37814502589075716
war_security,9.24578334871278,0.00018519045133115082,2023-10-12,0.2539691425076439,2025-10-09,0.12131368056452378,0.2539691425076439,0.13096107633069626
grief_loss,4.663455690689014,0.011223765273813352,2023-10-12,0.01563024794359986,2025-07-31,0.0,0.01563024794359986,0.00946542048114323
faith_prayer,0.6581843021430847,0.5196651919257622,2025-02-13,0.16920166927147565,2023-10-12,0.08581771542246872,0.08581771542246872,0.16863439911081762
hope_resilience,33.43050899469075,3.008428314783939e-12,2023-10-12,0.10756446589577989,2024-12-19,0.024450251865293662,0.10756446589577989,0.03632972701234852
nation_home,5.856455791344014,0.003750542889331654,2024-01-25,0.05271905618463068,2025-10-09,0.0,0.04575692607115138,0.0
romance_heartbreak,13.489509935641932,5.245209279351686e-06,2025-01-09,0.46242828286245385,2023-12-28,0.29989421956153606,0.3371026782236753,0.4056763770197437
party_hedonism,1.24424109974438,0.2918806994921941,2025-08-07,0.26982296027469077,2024-01-25,0.0657384426859563,0.07937193772584628,0.26053338828883343
