uri,war_security_hits,war_security,grief_loss_hits,grief_loss,faith_prayer_hits,faith_prayer,hope_resilience_hits,hope_resilience,nation_home_hits,nation_home,romance_heartbreak_hits,romance_heartbreak,party_hedonism_hits,party_hedonism
spotify:track:4zXfQYhcSboWEOAwIQST9N,0,0,0,0,0,0,0,0,0,0,5,1,0,0
spotify:track:6qB33ch9RK0aoMfxfnlXa1,0,0,0,0,0,0,0,0,0,0,4,1,0,0
spotify:track:4dELL8S6XVMibwBkjJACF1,0,0,0,0,2,1,0,0,0,0,0,0,0,0
spotify:track:3U1voPJN8NBSR96Ry0WJiF,0,0,0,0,0,0,0,0,0,0,3,1,5,1
spotify:track:2yPnlfwQ1AmhHauqQWDlWZ,0,0,0,0,5,1,0,0,0,0,4,1,0,0
spotify:track:3CZdlwKHGTvfveatbfKD3q,1,1,0,0,18,1,0,0,0,0,7,1,0,0
spotify:track:4DKH1iLhp007TVLURYtmeC,0,0,0,0,0,0,0,0,0,0,1,0,0,0
spotify:track:2QkVXq7dLpefWAiETsvIOs,0,0,0,0,0,0,0,0,0,0,3,1,0,0
spotify:track:3FihyZ7YA7vrNiSUfWww10,0,0,0,0,1,0,0,0,0,0,0,0,3,1
spotify:track:5nYFRLTLrqiETyy6LUPfhQ,1,1,0,0,0,0,0,0,0,0,0,0,0,0
spotify:track:0h8eZd7eqwZISaz9bkj1zV,0,0,0,0,0,0,0,0,0,0,7,1,1,0
spotify:track:0Wr6wZgEP1npYg0vrsWPIZ,0,0,0,0,0,0,0,0,0,0,0,0,2,1
spotify:track:34KzX8fwFPLchmOvYBDap0,0,0,0,0,0,0,0,0,0,0,11,1,0,0
spotify:track:74kYHwU43s49Y5AukKArWQ,0,0,0,0,0,0,0,0,1,0,1,0,1,0
spotify:track:5Sn3aXG5AWFmd1ij2PTisj,0,0,0,0,0,0,1,0,0,0,11,1,1,0
spotify:track:34aKXUhVdHGTzWOt85RjGq,0,0,0,0,0,0,0,0,0,0,5,1,0,0
spotify:track:6FVNMp4r4cQOcckK5NFB6j,0,0,0,0,0,0,0,0,0,0,0,0,0,0
spotify:track:1Jx6aZyJR985kw8CWUZ15O,0,0,0,0,0,0,0,0,1,0,6,1,0,0
spotify:track:1D8HR389yohrWVZ1yHI2bc,0,0,0,0,0,0,1,0,0,0,6,1,0,0
spotify:track:3pTsE064ZTJ1n8bP3VAm2c,0,0,0,0,0,0,0,0,0,0,9,1,1,0
spotify:track:2CUwpTA4gOSouCTyRN1vnE,0,0,0,0,0,0,3,1,0,0,0,0,0,0
spotify:track:1jCAwxwhHIrtWzGeF6WfJ7,0,0,0,0,7,1,0,0,0,0,0,0,0,0
spotify:track:1ChZJDdEU5tR4ZrLeuDh5u,0,0,0,0,7,1,0,0,0,0,0,0,0,0
spotify:track:5ppuL7dOIhd7td0YCJJuwf,0,0,0,0,0,0,0,0,0,0,1,0,3,1
spotify:track:4L5Uj4Dt6rjFL0H7hl2qHF,0,0,0,0,1,0,0,0,0,0,6,1,0,0
spotify:track:1lHlKCdVZ4CGbbkTuG6LfT,1,1,0,0,0,0,0,0,0,0,0,0,0,0
spotify:track:1saT4tObMScARIwT4wTv0W,0,0,0,0,0,0,0,0,0,0,2,0,0,0
spotify:track:68kVzJf0STAv91tuLutuDr,0,0,0,0,0,0,0,0,0,0,2,0,0,0
spotify:track:0D9A15ZzO3VzLIYqOfm6QB,0,0,0,0,2,1,0,0,0,0,0,0,0,0
spotify:track:0PfvEnfj3hHl7zlc0WcfGY,1,1,0,0,0,0,0,0,0,0,0,0,0,0
spotify:track:0SMDtYt5HghaTMFc61nCnP,0,0,0,0,0,0,0,0,1,0,0,0,0,0
spotify:track:0sMyBmtyp4riKYNpDVNSH4,0,0,0,0,5,1,0,0,0,0,7,1,0,0
spotify:track:2foTZaysNY65xcTXlQKxg4,0,0,0,0,0,0,0,0,0,0,1,0,1,0
spotify:track:7BcRDWY4VTCvRRHoobFWWo,0,0,0,0,0,0,1,0,0,0,1,0,1,0
spotify:track:0hdDyhwaJpNW5nsJC3qYPe,0,0,0,0,0,0,0,0,0,0,3,1,0,0
spotify:track:4I9NVCnjIRVriXfNE7VhE0,0,0,0,0,0,0,0,0,0,0,4,1,0,0
spotify:track:6nSQvSGrFykSmDIOetK94r,0,0,0,0,0,0,13,1,0,0,1,0,0,0
spotify:track:2H84mdRphvQn5QniG3v07a,0,0,0,0,2,1,0,0,0,0,0,0,2,1
spotify:track:6Ma5wr8hndGkkjsk9rgVKS,0,0,0,0,0,0,0,0,0,0,0,0,0,0
spotify:track:3DTHsQnfuQVESYAYv0fybQ,0,0,0,0,0,0,0,0,0,0,0,0,0,0
spotify:track:3QCWA9RzAPb4Xw4BagADFq,0,0,0,0,0,0,0,0,0,0,3,1,0,0
spotify:track:6JnLTSjPA96Dgg9VCDRf1r,0,0,0,0,0,0,0,0,0,0,2,0,0,0
spotify:track:17Gbwxyhsj0dznw9DSruNC,0,0,0,0,0,0,0,0,0,0,5,1,0,0
spotify:track:4wEFTT1fmFfsLY1K7Y40Cy,0,0,0,0,0,0,0,0,0,0,8,1,0,0
spotify:track:44GSjYhBxuuKx0ikN5Dmag,0,0,0,0,0,0,13,1,0,0,3,1,0,0
spotify:track:37ZPaitKESRLXRkjrvJVTb,0,0,0,0,1,0,0,0,0,0,3,1,0,0
spotify:track:3N48942rc1DKId7vmDDcy0,1,1,0,0,1,0,0,0,0,0,7,1,4,1
spotify:track:7nCe56CzvRKGqTIs5k1dYm,0,0,0,0,0,0,0,0,0,0,0,0,2,1
spotify:track:5aDaDlIrhFeXUPcBqxGisR,1,1,0,0,0,0,0,0,0,0,5,1,0,0
spotify:track:1hTth4TFnHWYWiXglQ6bN2,0,0,0,0,0,0,0,0,0,0,3,1,0,0
spotify:track:1ttOlVyZvmnozD2muIxulw,1,1,0,0,0,0,0,0,0,0,0,0,0,0
spotify:track:78FrkrO3KgizjXDObyFvzW,0,0,0,0,0,0,0,0,0,0,3,1,0,0
spotify:track:2eauhZzDelRWx1f3PmdaxU,0,0,0,0,0,0,0,0,0,0,7,1,0,0
spotify:track:0OIq7kRsGg7UkLKtO7Srqd,2,1,0,0,0,0,0,0,0,0,3,1,0,0
spotify:track:52n4gF126eIllrGuc9Zus6,0,0,0,0,2,1,0,0,0,0,0,0,0,0
spotify:track:6svDE1ySQelKOFfW7kCn2B,0,0,0,0,0,0,0,0,0,0,0,0,0,0
spotify:track:3IiaTxdKgDe9NvmosLM8bM,2,1,0,0,0,0,0,0,0,0,0,0,0,0
spotify:track:6spkDJlie5raRezVwEDeQK,0,0,0,0,2,1,4,1,0,0,2,0,0,0
spotify:track:4Ow0gCGxYfOcyiCuZOt9mp,0,0,0,0,0,0,0,0,0,0,3,1,2,1
spotify:track:5AjrNeUIzRkWzMz5hgujD2,1,1,0,0,1,0,0,0,0,0,2,0,3,1
spotify:track:7AlqKFiOM5X7nJdtbwvsi6,0,0,0,0,0,0,0,0,0,0,0,0,5,1
spotify:track:0E9S1H3TktlpHmGyuKEfkL,1,1,0,0,0,0,0,0,0,0,0,0,0,0
spotify:track:2gK92y6pVz6ygq8Fc7N2xL,0,0,0,0,0,0,0,0,0,0,1,0,0,0
spotify:track:2G1o9Mq8KpamOwJPZLuJc7,1,1,0,0,0,0,0,0,0,0,1,0,0,0
spotify:track:60GvepzSwgGx8kaZNln4L0,1,1,0,0,0,0,1,0,0,0,8,1,0,0
spotify:track:0EMfLhcfPFWdVQBCE1YXB0,0,0,0,0,0,0,0,0,0,0,2,0,0,0
spotify:track:2PZ8BlakFfw8T8InWlkVLg,3,1,0,0,0,0,1,0,0,0,0,0,6,1
spotify:track:0P8jIXqWvT6iNCeAzyinxt,0,0,0,0,0,0,0,0,0,0,0,0,0,0
spotify:track:4EN9nGt9TWutt0iDTRnXjY,0,0,0,0,1,0,0,0,0,0,0,0,0,0
spotify:track:3gdSZLWC594njZXkwWh7lQ,0,0,0,0,0,0,0,0,0,0,4,1,1,0
spotify:track:1bow5OcK19mmexxgIYQlJu,0,0,0,0,1,0,0,0,0,0,3,1,1,0
spotify:track:6IVIMUcrykPBQqWVA0g7zw,11,1,0,0,0,0,0,0,2,1,0,0,0,0
spotify:track:7LA51LhQTW9tulMfS3IhiL,0,0,0,0,0,0,0,0,0,0,2,0,13,1
spotify:track:5omHkj4qY0A8f6mE4T3fAH,0,0,0,0,1,0,1,0,0,0,6,1,3,1
spotify:track:6Xg2Ir8Go9giAzRxW4Jaze,7,1,0,0,0,0,0,0,2,1,0,0,0,0
spotify:track:7n6elf6gl4POlFO2LlyIMy,0,0,0,0,1,0,0,0,0,0,3,1,2,1
spotify:track:0QDGzInNYjTlYI28Xq7slK,0,0,0,0,2,1,0,0,2,1,2,0,0,0
spotify:track:2RNGK9C5zMQhKMTiPL5Q0T,0,0,0,0,0,0,0,0,0,0,0,0,0,0
spotify:track:6WDVPVfGdcL1d574NP7BVP,0,0,0,0,0,0,0,0,0,0,4,1,1,0
spotify:track:2OhunYlfKcvrwQBStJD5u8,3,1,0,0,0,0,0,0,0,0,0,0,2,1
spotify:track:6xtqda5h0wlcFn3WdI4pb6,0,0,0,0,0,0,0,0,0,0,1,0,0,0
spotify:track:0WS3pHso7moPHG8W2pbqPB,0,0,0,0,0,0,0,0,0,0,4,1,2,1
spotify:track:3hay408PSjTAxPn5TPxzyh,0,0,0,0,0,0,0,0,0,0,2,0,0,0
spotify:track:0tIQwXFOyQjd6K7w7PIBrn,0,0,0,0,0,0,0,0,0,0,0,0,0,0
spotify:track:3Dx920qUWdBswFizsT1PxR,0,0,0,0,2,1,0,0,0,0,2,0,0,0
spotify:track:4uZxeONVzM7MLQqlMmTHMz,0,0,0,0,0,0,0,0,0,0,2,0,2,1
spotify:track:5lNB8HWmxpICQXi5Pgatz1,0,0,0,0,0,0,0,0,2,1,0,0,0,0
spotify:track:7dCPciHW5xuxB7G4i8G5AX,0,0,0,0,0,0,0,0,0,0,10,1,1,0
spotify:track:4WoKmBYVGyrf7t0SkHhMQ1,0,0,0,0,0,0,0,0,0,0,5,1,3,1
spotify:track:7pojjbZAyaEs28gCbV55xT,0,0,0,0,1,0,0,0,0,0,1,0,0,0
spotify:track:60BOR51eeN8A3wYIrElggH,0,0,0,0,0,0,0,0,0,0,5,1,0,0
spotify:track:1Ttz2PpMy1uF6qQJ2TpEoh,0,0,0,0,0,0,0,0,0,0,0,0,0,0
spotify:track:6Gt2PGz5zL9HnnJo3UvDV4,0,0,0,0,0,0,1,0,0,0,0,0,0,0
spotify:track:4ra4WsUIRDxIQ6p0l5t276,0,0,0,0,0,0,0,0,0,0,2,0,2,1
spotify:track:6oTChqDVAXNxJrg57siTxB,0,0,0,0,0,0,0,0,0,0,2,0,0,0
spotify:track:7362lWsAM9fv1ZF3tjNG1K,0,0,0,0,0,0,0,0,0,0,0,0,1,0
spotify:track:1946N277M0tygagJZxCP1f,1,1,0,0,7,1,0,0,0,0,0,0,0,0
spotify:track:5xzBjwCJLdIKtIXQZ06RXj,0,0,0,0,0,0,0,0,0,0,3,1,0,0
spotify:track:2KBtuxA73fMKyj37wr1XKM,0,0,0,0,0,0,0,0,0,0,4,1,2,1
spotify:track:3KFaiPnUVpvwrcIjbMFKBW,0,0,0,0,3,1,0,0,0,0,0,0,0,0
spotify:track:7jdvibTKMCbIP2B77ayD8Q,0,0,0,0,1,0,1,0,0,0,3,1,0,0
spotify:track:40i7ilG9ltStXi09E5m32E,0,0,0,0,0,0,0,0,0,0,0,0,2,1
spotify:track:6hQh8TDewz3fGZgSHAnb6J,0,0,0,0,1,0,0,0,0,0,5,1,0,0
spotify:track:5bFrsEk5efTVlOTwtLBLn2,0,0,0,0,1,0,2,1,0,0,3,1,0,0
spotify:track:3Au0H4VhjcXZ5HGOHo8Nc3,0,0,0,0,0,0,0,0,0,0,0,0,0,0
spotify:track:3cXhJh34pRLkZegiL5cfy9,0,0,0,0,0,0,0,0,0,0,0,0,0,0
spotify:track:06RR5ewHedBUC9GRgWLwkK,1,1,0,0,0,0,2,1,0,0,0,0,0,0
spotify:track:354YT2zYO1GpAmf10xXiZf,2,1,0,0,0,0,0,0,0,0,0,0,0,0
spotify:track:3pvBB4oPXTaHV403msHYF0,0,0,0,0,0,0,0,0,0,0,2,0,0,0
spotify:track:0tewqHTtZMfb7sPsqTyRVc,0,0,0,0,1,0,0,0,0,0,3,1,0,0
spotify:track:4RyMByXc5HfKc3b8wqwOso,0,0,0,0,0,0,0,0,0,0,4,1,1,0
spotify:track:5RnhWaP5VD3eJN3J0chPmh,0,0,0,0,0,0,0,0,0,0,0,0,3,1
spotify:track:0FEmTSrI0M8nImeYOrCaPi,0,0,0,0,2,1,0,0,1,0,0,0,0,0
spotify:track:5R2KoD3IlLRvCPHVhwdaEe,0,0,0,0,0,0,0,0,0,0,2,0,3,1
spotify:track:7fcFn0EdQleBdarD7yLp95,0,0,0,0,0,0,0,0,0,0,6,1,2,1
spotify:track:0f9vK5r3z8jgTX2PK4ZxPF,0,0,0,0,0,0,0,0,0,0,1,0,0,0
spotify:track:16HcSqHWoJn7Be4T2MOCZ4,0,0,0,0,0,0,0,0,0,0,2,0,0,0
spotify:track:1QP8gp1xtid9iE9L7SzB8e,0,0,0,0,0,0,0,0,0,0,0,0,0,0
spotify:track:0ckd54NpB6QU3NIBdbkddf,0,0,0,0,3,1,1,0,0,0,2,0,0,0
spotify:track:5e1XuRHOjrgVhy6zrZWOCu,0,0,0,0,0,0,2,1,0,0,5,1,0,0
spotify:track:0x9UM4GuxnMJUjyuipowmo,0,0,0,0,1,0,0,0,0,0,0,0,0,0
spotify:track:2LdUmQdymO99riYOVCrUPK,0,0,0,0,1,0,0,0,0,0,0,0,5,1
spotify:track:4KO1zi2sp4jU3V6M23cbLr,1,1,0,0,0,0,0,0,0,0,0,0,0,0
spotify:track:0auLq7aePfiNwd1YZNlC4S,0,0,0,0,0,0,1,0,0,0,4,1,0,0
spotify:track:3Y4G4E7EVomTWTFSFS0Sn5,2,1,0,0,0,0,0,0,0,0,0,0,0,0
spotify:track:3mCCFs2hdDM2mObzARzxOg,1,1,0,0,0,0,0,0,0,0,0,0,2,1
spotify:track:5bmDwWuujqU0Of3fdwMzFJ,0,0,0,0,0,0,0,0,0,0,0,0,2,1
spotify:track:05iw1Zb7Lp5DNUSvDhBRk6,0,0,0,0,0,0,0,0,0,0,0,0,0,0
spotify:track:3zhFqDzJZfnc8L5QkGWWG6,0,0,0,0,0,0,0,0,0,0,3,1,0,0
spotify:track:5zdau2dtmOUHF3CJ3odKfb,0,0,0,0,0,0,0,0,0,0,2,0,0,0
spotify:track:0cnXDZGevuZ5kj2nbVzPyu,0,0,0,0,0,0,0,0,0,0,0,0,1,0
spotify:track:2v8ZRDPqR7s7KDt1QQ57hx,3,1,0,0,0,0,0,0,0,0,3,1,1,0
spotify:track:1dkljZlzg37FoGtUJ1EsxQ,0,0,0,0,2,1,0,0,0,0,3,1,0,0
spotify:track:1qavga0IqdclZ5l21FC821,0,0,0,0,0,0,0,0,0,0,1,0,0,0
spotify:track:0n2BeC9E0M7fC2jbKBYetu,1,1,0,0,0,0,0,0,0,0,2,0,0,0
spotify:track:2eq2T5nu5NBvHYKzDatmt3,0,0,0,0,0,0,0,0,0,0,0,0,0,0
spotify:track:3TtZlTHR3gT0WYzFTEoPsV,0,0,0,0,0,0,3,1,0,0,4,1,2,1
spotify:track:3MU69FMOB5ddPCMSo1f0g7,1,1,0,0,1,0,0,0,0,0,0,0,0,0
spotify:track:1k91FYQpWr3WNuRfT3hI9N,0,0,0,0,0,0,0,0,0,0,0,0,0,0
spotify:track:14uCYjc3tEJmK61fWQl3KK,0,0,0,0,0,0,0,0,0,0,0,0,1,0
spotify:track:2M8hzSzwsIlsCTAhuAQGSf,0,0,0,0,0,0,2,1,0,0,1,0,1,0
spotify:track:7hBNxod1lDW2HKu9wlBUp5,0,0,0,0,0,0,0,0,0,0,10,1,1,0
spotify:track:3Q6d64XJr20cHQtRd07YGj,0,0,0,0,0,0,0,0,0,0,0,0,0,0
spotify:track:6uCZdJ3p3hrfi6mRKVtt7k,0,0,0,0,1,0,0,0,0,0,2,0,0,0
spotify:track:1O0VUtEP7oVZKAXOMl0QLY,4,1,0,0,0,0,0,0,0,0,0,0,1,0
spotify:track:2WDgnb44mEO7gWUtECuNLJ,0,0,0,0,0,0,0,0,0,0,1,0,0,0
spotify:track:05KQMm1vL6MnJkgobUtwft,0,0,0,0,4,1,0,0,0,0,0,0,0,0
spotify:track:77k6W05ZwUQ8cp0CeK0iN6,0,0,1,1,0,0,0,0,0,0,0,0,0,0
spotify:track:3veP41hqImUDYUhBbnZG90,0,0,0,0,0,0,0,0,0,0,1,0,0,0
spotify:track:3cmplhlwMZyQbuTHThyGe7,0,0,0,0,0,0,0,0,0,0,2,0,0,0
spotify:track:5dA83d8LVoTXIX035X2LqW,4,1,0,0,2,1,0,0,1,0,3,1,1,0
spotify:track:0ksRRdaUbYkXgvDOwWCHLp,0,0,0,0,0,0,0,0,0,0,1,0,0,0
spotify:track:4JmmjsGmOED0sn0Le3r84u,0,0,0,0,0,0,0,0,0,0,3,1,0,0
spotify:track:6OfuBrC66OMwMJSyTQDVkw,0,0,0,0,1,0,0,0,0,0,6,1,0,0
spotify:track:1I2O2LqFIUSndJW0NSUdfq,0,0,0,0,0,0,0,0,0,0,5,1,11,1
spotify:track:6kbhnbcZeYz8RvsFlLkhNH,0,0,0,0,0,0,0,0,0,0,0,0,0,0
spotify:track:42jtELiUhOQ9hiWjPyV0ih,0,0,0,0,0,0,0,0,0,0,0,0,1,0
spotify:track:2rNoqRmOQfxAgJQQ0W70JH,0,0,0,0,0,0,0,0,0,0,0,0,1,0
spotify:track:4ASfFTCr9NGAQKEjMx5BgE,0,0,0,0,0,0,0,0,0,0,5,1,1,0
spotify:track:6ClLC1FYoL8orfOrcknQkk,0,0,0,0,0,0,0,0,0,0,1,0,0,0
spotify:track:5oi46p5BbFdvgI0bAeu1rX,1,1,0,0,2,1,4,1,4,1,0,0,0,0
spotify:track:51XDPGyuq8EgHSXwKCn8CQ,0,0,0,0,0,0,0,0,0,0,0,0,0,0
spotify:track:4cZd8TSEowGRcDsmCvJEjU,0,0,0,0,1,0,1,0,0,0,6,1,0,0
spotify:track:2FMwWEcq2uWnc6ILvodlta,0,0,0,0,1,0,0,0,0,0,2,0,0,0
spotify:track:77oczEZHFyfbx5GFlIrfNk,0,0,0,0,1,0,1,0,0,0,6,1,5,1
spotify:track:2pvlbipBAnMXwFkuRwLJpo,2,1,0,0,5,1,0,0,0,0,0,0,0,0
spotify:track:6uWUsqSzbYxGhRJHNI7xPE,0,0,0,0,0,0,0,0,0,0,0,0,2,1
spotify:track:3q7lIfOj1j5HyVFlVr0vFj,0,0,0,0,1,0,3,1,0,0,0,0,1,0
spotify:track:1A9o64PUc3sAJO6LceFK1K,0,0,0,0,0,0,0,0,0,0,0,0,4,1
spotify:track:2bzhJBao5xywL3jlXu2S8O,0,0,0,0,0,0,0,0,0,0,3,1,0,0
spotify:track:5qbezFG8xCtoyUfOcjHUXv,1,1,0,0,0,0,0,0,1,0,1,0,1,0
spotify:track:2dNqsY3YrTLDOivziWYF3p,0,0,0,0,1,0,0,0,0,0,0,0,0,0
spotify:track:1pizAMAnDm5kDUSBKY3SPk,0,0,0,0,0,0,4,1,1,0,6,1,0,0
spotify:track:2mu7icHpteUJ5ZFcTE99Xw,1,1,0,0,1,0,0,0,0,0,2,0,0,0
spotify:track:4E5fqKktoOAT3shxlolPBm,0,0,0,0,0,0,0,0,0,0,8,1,0,0
spotify:track:5X7EZzrGDp4YgzdFW3ZdZU,1,1,0,0,1,0,0,0,0,0,1,0,0,0
spotify:track:665X7UybqiY9dIKXSRozuH,0,0,0,0,0,0,0,0,0,0,1,0,0,0
spotify:track:3d1AKnEKf2LBXn7wQUH21B,0,0,0,0,0,0,0,0,0,0,2,0,6,1
spotify:track:1GODZl0cB9rbCT9MMlE2Xp,0,0,0,0,4,1,0,0,0,0,4,1,2,1
spotify:track:7q40jR7vLHky0IKFTJWJ4K,0,0,0,0,0,0,0,0,0,0,4,1,0,0
spotify:track:3uidHx3If1PWAOCMcCdkNH,0,0,0,0,0,0,1,0,0,0,1,0,1,0
spotify:track:0QQZ2e7ejeeo2NbTAHAYAb,0,0,0,0,2,1,0,0,0,0,0,0,0,0
spotify:track:2vR9gmLutur2qzskoEcYna,0,0,0,0,0,0,0,0,0,0,4,1,0,0
spotify:track:4BnqGasQmJZsFDsrTymuth,0,0,0,0,0,0,0,0,0,0,2,0,4,1
spotify:track:6NMXueYXvUAKmDYISUehwy,0,0,0,0,0,0,0,0,0,0,0,0,0,0
spotify:track:6VYbnnpUYShqFn22MERtmP,0,0,0,0,1,0,0,0,0,0,8,1,0,0
spotify:track:1wvwnZRwqofa1YDTNyOm07,0,0,0,0,0,0,0,0,0,0,0,0,1,0
spotify:track:7iepAdmAykL8gh7dYMzpsM,0,0,0,0,2,1,0,0,0,0,3,1,3,1
spotify:track:6NUzJGlQORUv6NjUwcefr8,0,0,0,0,0,0,0,0,0,0,0,0,3,1
spotify:track:4UXS0LHX5tZFOBzmbmXGQm,0,0,0,0,0,0,0,0,0,0,0,0,0,0
spotify:track:4mRreSUqP7waa2jT5ul41T,1,1,0,0,0,0,0,0,0,0,0,0,1,0
spotify:track:1zZ9bah4HU0TtICQzCFXp3,0,0,0,0,0,0,0,0,0,0,3,1,0,0
spotify:track:6W6ssWo1mqA9bLTo47Alsz,0,0,0,0,0,0,0,0,0,0,10,1,0,0
spotify:track:3yqs30JY1zriDdlN2di2gI,0,0,0,0,0,0,0,0,0,0,0,0,0,0
spotify:track:7rU2eldvcR7Iwu07Z9A8w3,0,0,0,0,0,0,0,0,0,0,0,0,0,0
spotify:track:19kELxwM679QVY5NW7PWBp,0,0,0,0,1,0,1,0,0,0,1,0,5,1
spotify:track:5K3fJmFEJZltzsH89Ggvn9,0,0,0,0,1,0,0,0,0,0,1,0,0,0
spotify:track:4bm2aZg3iiqMjO3MIiyhAo,0,0,0,0,0,0,0,0,0,0,4,1,0,0
spotify:track:0qH6stYoiSWErrzIvkiN1W,0,0,0,0,0,0,0,0,0,0,0,0,0,0
spotify:track:3piVfvEpcO5TXO1qn55NtX,0,0,0,0,2,1,0,0,0,0,0,0,0,0
spotify:track:5FQCwtsC3YanKJzpfkvnDt,1,1,0,0,1,0,0,0,1,0,3,1,0,0
spotify:track:2tFX3wqEPyya8k2bS8pHqW,0,0,0,0,0,0,0,0,0,0,0,0,1,0
spotify:track:77KWLGuKJTk5OtE0mmQ7KT,0,0,0,0,0,0,0,0,0,0,6,1,0,0
spotify:track:4xNo1LgWSCyjgK4OsUnLWg,0,0,0,0,1,0,1,0,0,0,2,0,0,0
spotify:track:5h1iCN4plP49Tv2uFHYfxF,1,1,0,0,0,0,0,0,0,0,2,0,0,0
spotify:track:24h6QuRnJokfyZy997eSH8,0,0,0,0,7,1,0,0,0,0,4,1,1,0
spotify:track:6ubV4TOnHggG27ygsPxjvR,0,0,0,0,4,1,0,0,0,0,5,1,0,0
spotify:track:1f6O2TPzZQhW1Ky2iGYb5X,1,1,0,0,0,0,0,0,1,0,1,0,0,0
spotify:track:7ehTx8Gyz3zqUijBKxrHhI,0,0,0,0,0,0,0,0,0,0,0,0,0,0
spotify:track:7Ck421SAROdN0Q6RXMbic7,0,0,0,0,0,0,0,0,0,0,0,0,0,0
spotify:track:5gOFp28Edmv4nk8HIwnQfe,0,0,0,0,0,0,0,0,0,0,1,0,0,0
spotify:track:2ya0JtcbcMT35tsDUTuLQx,0,0,0,0,0,0,0,0,0,0,0,0,0,0
spotify:track:4b5dVRUzTCy0ngxobUX2DG,0,0,0,0,0,0,0,0,0,0,0,0,0,0
spotify:track:4ZGe1hugAeejCOd7TWGiz0,1,1,0,0,0,0,3,1,0,0,4,1,0,0
spotify:track:07Ee2kh7vMtMwZ39G4LbKX,0,0,0,0,3,1,3,1,0,0,1,0,0,0
spotify:track:6DNfX5wKJklQeVVfqKZASC,1,1,0,0,1,0,0,0,0,0,0,0,0,0
spotify:track:6p6G6vCCnEpzCkl5EyBWMS,0,0,0,0,0,0,0,0,0,0,1,0,0,0
spotify:track:1FyfEuRtAFpuItWcuouxkV,0,0,0,0,1,0,0,0,0,0,2,0,0,0
spotify:track:6gDb8gPgdv49sJJ0VpqEMp,0,0,0,0,0,0,2,1,0,0,4,1,0,0
spotify:track:3MB1afOMzspYZUHF5cB0dq,0,0,0,0,0,0,0,0,0,0,0,0,0,0
spotify:track:2liUMhNvpAxRNVAGnz8jNJ,0,0,0,0,0,0,0,0,0,0,0,0,0,0
spotify:track:7ea31KGrIuCRvHF31ir6GD,0,0,0,0,0,0,0,0,0,0,1,0,0,0
spotify:track:5KeQdbv5GbeCAN6oXCoCnh,0,0,0,0,0,0,0,0,0,0,0,0,1,0
spotify:track:0S0lWP18AryHmMcQaHOngD,1,1,0,0,0,0,0,0,0,0,1,0,2,1
spotify:track:0tz3QCsEBQDsXGqden3NEI,0,0,0,0,0,0,0,0,0,0,0,0,3,1
spotify:track:6OXv4CrNp3DFRj6Cu1GojJ,0,0,0,0,0,0,0,0,0,0,0,0,1,0
spotify:track:3sehBAUnI9J14iGW2KOEdk,0,0,0,0,0,0,0,0,0,0,0,0,1,0
spotify:track:3Nkgj2fda76qTOJFXP9h48,0,0,0,0,0,0,0,0,0,0,2,0,8,1
spotify:track:1dH0PtefI2rKwTLfXxZSyE,0,0,0,0,0,0,0,0,0,0,4,1,0,0
spotify:track:5OQrgklT1x9uOr2ee5hlHB,0,0,0,0,0,0,0,0,0,0,0,0,1,0
spotify:track:3coSv6fcKv2JFWXfgT6q0e,0,0,0,0,0,0,0,0,1,0,5,1,0,0
spotify:track:24i0QJz5U8OoXWyIPLXWzF,0,0,0,0,0,0,0,0,0,0,0,0,0,0
spotify:track:0KING5MxpAvRENMUzhkBtc,0,0,0,0,0,0,0,0,0,0,5,1,0,0
spotify:track:5sUTab2UduAG5tZSjrFsaN,0,0,0,0,0,0,0,0,0,0,0,0,0,0
spotify:track:1rmxF8VNLZ2gXwwzqGJ9tJ,0,0,1,1,1,0,0,0,0,0,2,0,0,0
spotify:track:4WbQaxKI0R0SmWNZvgUDNz,1,1,1,1,1,0,1,0,0,0,0,0,0,0
spotify:track:6YEcDPO0mxYoUOZx5cZleT,2,1,0,0,0,0,0,0,1,0,1,0,0,0
spotify:track:2h0SQB1VZGRwL5LmEbrurC,0,0,0,0,1,0,0,0,1,0,4,1,1,0
spotify:track:5fFNw4YX4N8sR1CFzbPTDW,0,0,0,0,0,0,0,0,0,0,0,0,0,0
spotify:track:4wynpm7WtwueimncaeNp6I,0,0,0,0,0,0,0,0,0,0,2,0,0,0
spotify:track:1sWQxzPFWCtOBvqww2YFex,0,0,0,0,0,0,0,0,0,0,1,0,0,0
spotify:track:7n6emXIcaECmkljP1rPlvQ,2,1,0,0,0,0,0,0,0,0,0,0,0,0
spotify:track:62mUBE16kUWGR3eiiXiqvU,1,1,0,0,0,0,0,0,0,0,2,0,0,0
spotify:track:57BFhpG4Iq4Zgnoz2X6zbT,0,0,0,0,0,0,0,0,0,0,0,0,4,1
spotify:track:1UqARS50UENashmHmp7gmQ,1,1,0,0,0,0,0,0,0,0,1,0,0,0
spotify:track:10pnfojlZf9nHvKngPHB7k,0,0,0,0,1,0,0,0,0,0,9,1,0,0
spotify:track:1FbTqrNXhdbrqyCfwQQ4yb,0,0,0,0,1,0,0,0,0,0,2,0,0,0
spotify:track:3g0GHCbp0NJsbjNn812PZt,0,0,0,0,0,0,0,0,0,0,11,1,1,0
spotify:track:1iqFD52dqVgLGJq74we3RW,0,0,0,0,9,1,0,0,0,0,0,0,0,0
spotify:track:4N9Rl0PvEgfpRluDotwDL9,0,0,0,0,1,0,1,0,0,0,6,1,5,1
spotify:track:7rdPtMBZmQpSBraOq8ppuI,0,0,0,0,0,0,0,0,0,0,2,0,0,0
spotify:track:5Cf7f7XD97PYEUWEEb7mcQ,0,0,0,0,0,0,0,0,0,0,0,0,0,0
spotify:track:2LjK33xiNA8BA4U1ndj2bO,0,0,0,0,0,0,1,0,0,0,5,1,0,0
spotify:track:6ooAcKlKU2NyLJbwKTK3LX,0,0,0,0,0,0,0,0,0,0,2,0,0,0
spotify:track:20Fj4u4L2vl0vPn7lAHWKZ,0,0,0,0,0,0,0,0,0,0,2,0,1,0
spotify:track:16NPQQxjcSfhb0UFaUVw5s,0,0,0,0,0,0,0,0,0,0,3,1,1,0
spotify:track:7uLwV2wvLaFKocHlBaCE3v,0,0,0,0,12,1,0,0,0,0,1,0,0,0
spotify:track:2N7QzR3apiElswYtxm1Jsu,1,1,0,0,0,0,0,0,0,0,5,1,0,0
spotify:track:1VeqBhB0o8LLmSjIVRHlMV,0,0,0,0,0,0,0,0,1,0,0,0,0,0
spotify:track:4YboX8Ua3NErCD3ActvWM9,0,0,0,0,0,0,1,0,0,0,2,0,0,0
spotify:track:7tPq06JPk6t0Kk9ptZ6Cia,0,0,0,0,0,0,0,0,0,0,0,0,0,0
spotify:track:0c9Sq3RDqb8sd6N9B8yM4v,0,0,0,0,0,0,0,0,0,0,0,0,0,0
spotify:track:2gwiDHH38cpSXuMU6Iu53d,0,0,0,0,0,0,0,0,0,0,2,0,0,0
spotify:track:4a4rCXdHtT55j6IlpZksW5,0,0,0,0,0,0,0,0,0,0,0,0,0,0
spotify:track:6xNj25flDz9a3lhDIfxOCh,0,0,0,0,0,0,0,0,0,0,6,1,1,0
spotify:track:4UwIpBcx4wfMRzh2bPZKVo,0,0,0,0,1,0,0,0,0,0,2,0,0,0
spotify:track:28tCQKMuSmbrGKgBVwDON0,0,0,0,0,0,0,0,0,0,0,3,1,1,0
spotify:track:53zYxeOdw40Ej3BGeuNNov,0,0,0,0,0,0,0,0,0,0,0,0,0,0
spotify:track:5CCxCzPB3HMh595Y1MNIm5,0,0,0,0,0,0,0,0,0,0,4,1,0,0
spotify:track:5UEER4Qa0x3yp1TViJSTa7,0,0,0,0,0,0,0,0,0,0,2,0,1,0
spotify:track:4rQOpu34WFMZFGaoHcO8d0,0,0,0,0,0,0,0,0,0,0,0,0,0,0
spotify:track:4GmQBXKgDqPpUQXXxp1ceH,0,0,0,0,0,0,0,0,0,0,0,0,1,0
spotify:track:2A9yj46qweEVrsvnvntEa5,0,0,0,0,0,0,0,0,0,0,1,0,0,0
spotify:track:31HDrKLG70d8SY6UU4sl9l,1,1,0,0,2,1,4,1,4,1,0,0,0,0
spotify:track:318nfosyorMlmjZq1m1Uh4,0,0,0,0,0,0,0,0,0,0,0,0,0,0
spotify:track:15leAeXFh1WX1QOxp1LnOS,0,0,0,0,0,0,0,0,0,0,7,1,0,0
spotify:track:3mITeXQ9Dt7M6nTutuNtsx,0,0,0,0,1,0,0,0,0,0,8,1,0,0
spotify:track:2tVQnp6k62bMTsWQJYvQXz,1,1,0,0,0,0,0,0,0,0,1,0,0,0
spotify:track:183rnfbCaoktTQ0Pf1jtKj,0,0,0,0,0,0,0,0,0,0,1,0,0,0
spotify:track:6Ix2MJMdzccf5gVosUYG0r,0,0,0,0,0,0,1,0,0,0,1,0,0,0
spotify:track:02k88ntKmaWSOjkCRADZMf,2,1,0,0,0,0,0,0,0,0,11,1,0,0
spotify:track:4C7cg72gU51s1IT4wh7Vp9,0,0,0,0,0,0,0,0,0,0,0,0,0,0
spotify:track:6lSSdXZtqF4tFlmaQyV0ut,0,0,0,0,0,0,0,0,0,0,6,1,2,1
spotify:track:5R5wL4rbWPKeUrFGyvc5Nu,1,1,0,0,1,0,2,1,0,0,6,1,0,0
spotify:track:2biQCM9i8PaFYVEYyVkn31,0,0,0,0,5,1,0,0,0,0,1,0,0,0
spotify:track:3dkItSs4LurpACEg70HDIB,2,1,0,0,2,1,0,0,1,0,4,1,0,0
spotify:track:3X7YWrfGLLopRknF9FBPHf,0,0,0,0,0,0,0,0,0,0,0,0,0,0
spotify:track:1XuxoHDc7mFeyhaDcgjYST,1,1,0,0,0,0,2,1,0,0,1,0,0,0
spotify:track:5P7aER6OWnngPH949VKXDR,0,0,0,0,0,0,0,0,0,0,0,0,0,0
spotify:track:31VLQciLv1PbK2IJUtXLgj,0,0,0,0,0,0,5,1,0,0,0,0,8,1
spotify:track:4cHhUWXkEtSj7kdue9SO5u,0,0,1,1,0,0,0,0,0,0,1,0,4,1
spotify:track:2tj4JhaPPpmPp8RNbieT52,0,0,0,0,8,1,0,0,0,0,1,0,0,0
spotify:track:7uwbkdstWT7e5Tl70aPOnG,0,0,0,0,0,0,0,0,0,0,0,0,0,0
spotify:track:6VhdWiz7GI2eaYcGSsaY7w,0,0,0,0,1,0,0,0,0,0,1,0,0,0
spotify:track:3AoZ1W11B3gm8vhFSpHDjh,0,0,0,0,0,0,4,1,0,0,0,0,0,0
spotify:track:5I0WaR0LpN4Kn1zwbvd145,1,1,0,0,0,0,0,0,0,0,0,0,0,0
spotify:track:0NdV41q6lBoO4WyCaZmIJU,0,0,0,0,1,0,0,0,0,0,3,1,0,0
spotify:track:5rqeYyQ1EpbEJKkH4cgncs,1,1,0,0,0,0,0,0,0,0,2,0,0,0
spotify:track:3CA8eNZ0qIeWovaCt226ui,0,0,0,0,0,0,0,0,0,0,2,0,0,0
spotify:track:5bxd1DEtcLOuTLqbMT43Xz,0,0,0,0,0,0,0,0,0,0,0,0,0,0
spotify:track:3EIpvMJo4sqVVqDQx9H4Zj,0,0,0,0,0,0,0,0,0,0,2,0,0,0
spotify:track:2b9TjqgLxE6zOZc4DSmYYx,0,0,0,0,0,0,0,0,0,0,0,0,0,0
spotify:track:4jurtysyzLBMr64w1uYIau,0,0,0,0,0,0,0,0,0,0,2,0,0,0
spotify:track:1ADljphnyLqrI3HOQjParb,0,0,0,0,0,0,0,0,0,0,1,0,0,0
spotify:track:60qhM7vig0oDlKzv2k4b56,0,0,0,0,4,1,0,0,0,0,1,0,0,0
spotify:track:21lNFbYE1iSBYtNcW2U8Vm,1,1,1,1,1,0,0,0,0,0,0,0,0,0
spotify:track:71h6sV5KytTmPARarI28wI,0,0,0,0,0,0,0,0,0,0,0,0,0,0
spotify:track:3xcfRHbbkwIh6rPKQ9y8DX,0,0,0,0,0,0,0,0,0,0,4,1,2,1
spotify:track:3HkHwuHaOn1F9vEZxIEqCw,0,0,0,0,1,0,0,0,0,0,2,0,0,0
spotify:track:3HBMPTdsZQNO24vbrgcJKZ,0,0,0,0,0,0,0,0,0,0,3,1,1,0
spotify:track:6IIKUEXxGqjxJtiS1e6z73,0,0,0,0,2,1,0,0,0,0,2,0,2,1
spotify:track:5dDkX66Ov8pqr1l9Cyk02l,0,0,0,0,0,0,0,0,0,0,1,0,6,1
spotify:track:6N77PmBuiZnIXGjJVx6E28,0,0,0,0,0,0,0,0,0,0,10,1,0,0
spotify:track:1EZj3gwDRCDVTxJAIGUtMQ,0,0,0,0,0,0,0,0,0,0,2,0,0,0
spotify:track:2vrxPmQrOrdC48Yt3lAQdY,0,0,0,0,8,1,0,0,0,0,1,0,0,0
spotify:track:1VGHtOfjicgALZGihsjfs0,0,0,0,0,0,0,0,0,0,0,0,0,0,0
spotify:track:0pwe6ne12KNaNYXyxquuPl,1,1,0,0,3,1,0,0,0,0,1,0,4,1
spotify:track:2YPOqzIqc18ETU6AnQ4yIS,0,0,0,0,0,0,0,0,0,0,0,0,1,0
spotify:track:0KMZESyaad48QMOmg6cYuy,4,1,0,0,2,1,0,0,1,0,3,1,1,0
spotify:track:1WqRnSjBc7L2DnLzsNvqOm,1,1,0,0,0,0,0,0,0,0,0,0,1,0
spotify:track:2ve80cifNREUQiY6g2d6h6,0,0,0,0,0,0,0,0,0,0,0,0,0,0
spotify:track:5cexYtv51CMqLuUwC9J5dH,0,0,0,0,1,0,0,0,0,0,0,0,1,0
spotify:track:59aRiZFzmOYH3O83c0XykI,0,0,0,0,0,0,0,0,0,0,1,0,0,0
spotify:track:2aIXUJpfkXplSwa6vpPRZe,1,1,0,0,0,0,0,0,0,0,6,1,0,0
spotify:track:0hlBI8n1v5F2mj0tDIM5ai,0,0,0,0,0,0,0,0,0,0,1,0,0,0
spotify:track:05ryQJip5j6ExMhvB6o6f4,0,0,0,0,0,0,0,0,0,0,0,0,1,0
spotify:track:3XkauVC70TlTgebHdWea3a,3,1,0,0,0,0,0,0,0,0,0,0,1,0
spotify:track:4DEqXFBuMKWRSHCKaxgAv7,1,1,0,0,0,0,1,0,0,0,0,0,0,0
spotify:track:7AHM45gNY0LiFUSnfzjUus,0,0,0,0,0,0,0,0,0,0,0,0,0,0
spotify:track:5E8VSBEyekvkqIrDs5IOio,0,0,0,0,0,0,0,0,0,0,4,1,0,0
spotify:track:14T9MsaDVojqqEyGAZ0Sfb,0,0,0,0,2,1,0,0,0,0,2,0,2,1
spotify:track:5jvU0fxQllEi4IOhBhuU35,0,0,0,0,0,0,0,0,0,0,0,0,0,0
spotify:track:2KGlQst2lnkS7rcRT35ZPF,0,0,0,0,0,0,0,0,0,0,6,1,0,0
spotify:track:6dMsWeQ2vCXOroR5dL84Wf,0,0,0,0,0,0,1,0,0,0,0,0,0,0
spotify:track:4ba71UA0iyBiXUAVl9AF9U,0,0,0,0,0,0,0,0,0,0,4,1,3,1
spotify:track:3TDXqI0ixmt8UBWJlTT23P,1,1,0,0,0,0,0,0,0,0,0,0,3,1
spotify:track:2xqMifKIz1qVTElCZPkyRH,3,1,0,0,1,0,0,0,0,0,0,0,0,0
spotify:track:70j0levi0vPvQB5okEwZvm,0,0,0,0,0,0,0,0,0,0,2,0,1,0
spotify:track:7hyle4lmxpFkhKOv2NxTiL,0,0,0,0,0,0,0,0,0,0,1,0,0,0
spotify:track:6sADtPKtORAMZP3GQhOsHv,0,0,0,0,2,1,0,0,0,0,0,0,0,0
spotify:track:0cTRDUl1vovXBJ1lBQIyRk,0,0,0,0,0,0,0,0,0,0,2,0,0,0
spotify:track:43dcPAf3mzSsl8dRWXjZgF,1,1,0,0,0,0,0,0,0,0,1,0,1,0
spotify:track:2X8mBXrZ6HJPCgKAzC87k5,2,1,0,0,0,0,0,0,0,0,0,0,0,0
spotify:track:3VaEnW5C0x8htoAs4W040U,0,0,0,0,0,0,0,0,0,0,1,0,0,0
spotify:track:5LqzGpUPRQXbN9WwFdKY17,0,0,0,0,0,0,0,0,0,0,0,0,0,0
spotify:track:0B02HrbQXoSltzD3SVNZ0E,2,1,0,0,0,0,0,0,0,0,3,1,0,0
spotify:track:4qv7iP9m0e5ALkOYF0PLSQ,1,1,0,0,18,1,0,0,0,0,7,1,0,0
spotify:track:0dhTeU87tEbBwplgPe2NVd,0,0,0,0,0,0,0,0,0,0,1,0,0,0
spotify:track:7Jeh9SPQdyULPmdIqTNo3y,0,0,0,0,0,0,0,0,0,0,2,0,0,0
spotify:track:1I237F5xBjYvhe4o4yKoxg,2,1,0,0,1,0,0,0,0,0,0,0,0,0
spotify:track:4PcdcSDUImHuVjoCezSYuC,0,0,0,0,0,0,0,0,0,0,3,1,2,1
spotify:track:3rq6qVDZZtXgbNuT9b3D1H,0,0,0,0,0,0,0,0,0,0,2,0,4,1
spotify:track:4jF2KwFgnuwvAk1rHbCBx7,0,0,0,0,0,0,0,0,0,0,0,0,0,0
spotify:track:3bgNXXL7TjlBDOl36wLWHk,0,0,0,0,0,0,0,0,0,0,1,0,0,0
spotify:track:2fzfDtJLfvvpCIy0yqfjn9,0,0,0,0,0,0,1,0,0,0,5,1,0,0
spotify:track:3n6kfT0sbKCbHSCmnzTD6w,0,0,0,0,3,1,0,0,0,0,0,0,0,0
spotify:track:4paVKldW1YeVqHdpFomk2O,1,1,0,0,0,0,0,0,0,0,0,0,0,0
spotify:track:19osnW2bZ04gOFD38af5br,0,0,0,0,0,0,1,0,0,0,0,0,0,0
spotify:track:4mcOEZ4RNkD4RXEc4xBceS,0,0,0,0,0,0,0,0,0,0,2,0,0,0
spotify:track:5OZHkLnre3kb4y4wuplo49,0,0,0,0,0,0,0,0,0,0,0,0,0,0
spotify:track:5u29wxDwJzybIkhFfZRtnI,0,0,0,0,0,0,0,0,0,0,2,0,0,0
spotify:track:49pn67BTjYDLqzDkOFrm1E,0,0,0,0,0,0,0,0,0,0,10,1,0,0
spotify:track:6rlwPk4cihbq6fxbLnNQB1,1,1,0,0,0,0,0,0,0,0,4,1,2,1
spotify:track:635ke14KZqjGWRnRpd42w0,2,1,0,0,1,0,4,1,0,0,0,0,0,0
spotify:track:4g7rZYobs7dmw5SXagDT55,0,0,0,0,0,0,0,0,0,0,0,0,1,0
spotify:track:0ULnHxQqtl25Iyjd0njlPR,0,0,0,0,0,0,0,0,0,0,0,0,0,0
spotify:track:6RTcp6RWf1IKkxPp9DRYPz,0,0,0,0,0,0,0,0,1,0,6,1,0,0
spotify:track:2BOZaITgFVIcnfSD524zo4,1,1,0,0,0,0,0,0,0,0,0,0,2,1
spotify:track:2g443q6iQIqoTWiVIAp2jv,0,0,0,0,0,0,0,0,0,0,6,1,1,0
spotify:track:0LqFPyHVwoYxJnZsa3Ji8x,0,0,0,0,0,0,0,0,0,0,1,0,0,0
spotify:track:0RtgSV3RWOXxqFvlM6MBwE,0,0,0,0,0,0,0,0,0,0,1,0,0,0
spotify:track:5mT0kHqW0vMAjLS9dCGkeM,0,0,0,0,0,0,0,0,0,0,0,0,0,0
spotify:track:6zViFnEcDjyOSF1n54BD9P,0,0,0,0,1,0,0,0,0,0,1,0,0,0
spotify:track:4f15d7Qc81qw4LKMAQhfYz,0,0,0,0,1,0,0,0,0,0,0,0,0,0
spotify:track:33KkOQIrkeKi3kOYwFdCxu,2,1,0,0,2,1,1,0,0,0,2,0,0,0
spotify:track:3rKq9QQzb28Klhwh1LK9nn,0,0,0,0,0,0,0,0,0,0,0,0,0,0
spotify:track:6JPlSTk7mpboMx3VRxiFTC,0,0,0,0,0,0,0,0,0,0,4,1,0,0
spotify:track:2Bc3C1lo6vywOfGM3xjeQ8,0,0,0,0,0,0,1,0,0,0,0,0,0,0
spotify:track:350IXqajzWTMSpNT4dxhbU,0,0,0,0,0,0,0,0,0,0,7,1,0,0
spotify:track:64leZqjEDF57DcifREiCwe,0,0,0,0,0,0,0,0,0,0,3,1,0,0
spotify:track:0OzFG7wUIuRUDA1dcPzlK1,0,0,0,0,1,0,1,0,0,0,0,0,0,0
spotify:track:28hmfseWQTUSMuTNuXg4eI,0,0,0,0,6,1,0,0,0,0,1,0,2,1
spotify:track:1Ske3yeMrnTSLAjrWW6lrq,0,0,0,0,2,1,1,0,0,0,2,0,0,0
spotify:track:4XwsyrQZOC7YtrJad0Se0N,0,0,0,0,0,0,0,0,0,0,1,0,0,0
spotify:track:1tYAHtvNKGvCpt3fkXv6Zo,1,1,0,0,0,0,0,0,0,0,0,0,0,0
spotify:track:1JQ7aHjR7IkhbchNYhnrcX,0,0,0,0,0,0,0,0,0,0,0,0,1,0
spotify:track:1uNBN0rbqE6dHGA29rnMtx,0,0,0,0,0,0,0,0,0,0,0,0,0,0
spotify:track:1MtOPpL3jV7FmvsduiQqGE,0,0,0,0,2,1,0,0,0,0,4,1,0,0
spotify:track:1KvOIFIOGKEtbD2SR974fM,1,1,0,0,2,1,0,0,0,0,0,0,0,0
spotify:track:7FO36omE1TR5bm8YUtVkzA,0,0,0,0,0,0,0,0,0,0,0,0,0,0
spotify:track:196lkHGqjAKd2gwAGGt9XG,0,0,0,0,0,0,1,0,0,0,1,0,3,1
spotify:track:66LQkHS38PqBwy97zJZuGY,0,0,0,0,0,0,0,0,0,0,0,0,0,0
spotify:track:7inwpGKVgS13Igzdz0m4yu,0,0,0,0,1,0,0,0,0,0,0,0,0,0
spotify:track:1qDPbto3jDT2adIya1EfOU,0,0,0,0,3,1,0,0,0,0,0,0,0,0
spotify:track:0ACFJm4VlgvdHs2qvHZ6yG,0,0,0,0,1,0,1,0,0,0,0,0,0,0
spotify:track:04qYVjQ9bRRpJzz5sm7cEk,0,0,0,0,0,0,0,0,0,0,1,0,0,0
spotify:track:6uc5gCVI30JNif2o4Ahmud,0,0,0,0,0,0,0,0,0,0,2,0,0,0
spotify:track:2QRnt06N6pOC8PwZnGbJB4,0,0,0,0,1,0,0,0,0,0,1,0,0,0
spotify:track:54WbiFSE71t4GwNln4Z2fe,0,0,0,0,1,0,0,0,0,0,6,1,0,0
spotify:track:6wp8MFCXy2U6hAoLGnlxJn,0,0,0,0,0,0,0,0,0,0,0,0,14,1
spotify:track:1we4dRjRJnYc7lCoveGCqP,1,1,0,0,1,0,1,0,0,0,6,1,0,0
spotify:track:6VyockgkLKCpigtLna4cTG,0,0,0,0,0,0,0,0,0,0,6,1,0,0
spotify:track:2ulZJJAN7oso1goAOnGiFI,0,0,0,0,0,0,0,0,0,0,0,0,2,1
spotify:track:7oHfFOSwmpOVB0dmqQVihX,1,1,0,0,1,0,2,1,0,0,5,1,0,0
spotify:track:15F9JWEQMs4TwKKwJaANPM,0,0,0,0,0,0,0,0,0,0,0,0,0,0
spotify:track:4nMxpuGZwC3u3yOECONK76,0,0,0,0,1,0,0,0,0,0,2,0,0,0
spotify:track:2X0xtXo2To1ZMWVn5OmFZP,0,0,0,0,0,0,0,0,0,0,0,0,0,0
spotify:track:4PA5UwwLNIPUoAoIkwBTjr,0,0,0,0,0,0,0,0,0,0,2,0,2,1
spotify:track:4f8ym2kd2ptaLBVF2f8sAC,0,0,0,0,0,0,0,0,0,0,4,1,0,0
spotify:track:64X7IM9ZENFkjZDOVGnxCh,0,0,0,0,1,0,0,0,0,0,0,0,0,0
spotify:track:1KMT5j1608afIjko14UBNP,0,0,0,0,4,1,0,0,0,0,1,0,1,0
spotify:track:03xj0hH3QciSk13SsfFgSp,0,0,0,0,0,0,0,0,0,0,0,0,0,0
spotify:track:2edVP7ujjhYSoZ308dpEpW,0,0,0,0,0,0,0,0,0,0,0,0,2,1
spotify:track:7vlw3ezpsoXCBONhNXLOcV,0,0,0,0,0,0,0,0,0,0,2,0,2,1
spotify:track:1kOrrpPVVjC39JpQREIqJk,0,0,0,0,0,0,0,0,0,0,5,1,0,0
spotify:track:6Uk0HOyZ3MVw0Mg55Gvxj8,0,0,1,1,0,0,0,0,1,0,0,0,0,0
spotify:track:4KUZyKmVNDWi7hJZAQhoi8,0,0,0,0,1,0,2,1,2,1,3,1,0,0
spotify:track:51tRSwj5gHWjBO3xNfhwpD,0,0,0,0,0,0,0,0,0,0,3,1,0,0
spotify:track:3VpqFdoAiNJZW8tqjWPl2E,0,0,0,0,0,0,0,0,0,0,1,0,0,0
spotify:track:5F9TcMmOvnjVu7zCNWrJ7H,0,0,0,0,2,1,1,0,1,0,1,0,0,0
spotify:track:3BX9e9v3D01YUuQUbN225e,2,1,0,0,0,0,0,0,0,0,1,0,0,0
spotify:track:7tTIR0l32c7GPv7tipMLNT,0,0,0,0,0,0,2,1,0,0,1,0,1,0
spotify:track:0K9WrtfzrnNgFgo18qwPs3,0,0,0,0,0,0,0,0,0,0,4,1,0,0
spotify:track:1uJ95oDCyVPMLE7q34RDm9,1,1,0,0,1,0,1,0,0,0,0,0,0,0
spotify:track:1V87lrAqStoF1zp7BjxEkE,5,1,0,0,4,1,6,1,1,0,4,1,0,0
spotify:track:4YyBknIQMThdfviQvH8b4B,0,0,0,0,0,0,0,0,0,0,3,1,0,0
spotify:track:0IrfyUXDhomVvoP9MpUuH1,0,0,0,0,0,0,0,0,0,0,0,0,0,0
spotify:track:0wdMMMH79A2sD6S6sdDGzt,0,0,0,0,0,0,1,0,1,0,3,1,0,0
spotify:track:67PF7VLcYEKKF82ziNf9Ur,0,0,0,0,0,0,2,1,0,0,2,0,2,1
spotify:track:7pLU1N4f871QqtSckS8nvB,1,1,0,0,0,0,0,0,0,0,0,0,0,0
spotify:track:1swboSknFOZcgiVylqNziA,0,0,0,0,0,0,0,0,0,0,0,0,0,0
spotify:track:29ZGOiRf0t8zjvz5JwwdM4,0,0,0,0,2,1,0,0,0,0,1,0,0,0
spotify:track:7newwohhZF0c73aLIqNhtz,0,0,0,0,0,0,0,0,0,0,0,0,0,0
spotify:track:1HzrNvgVZBerBXdBBteFrG,0,0,0,0,0,0,0,0,0,0,2,0,0,0
spotify:track:0OL7DSjlGv17x2VvCeZYve,1,1,0,0,2,1,3,1,0,0,1,0,0,0
spotify:track:4T87Z2bkvgdLI9sECWYF7i,0,0,0,0,0,0,0,0,0,0,4,1,0,0
spotify:track:6rcBqE9ivxXzLebejJbdqb,0,0,0,0,0,0,0,0,0,0,1,0,0,0
spotify:track:4Od2pzQuJXMpaClr2IwxjR,0,0,0,0,0,0,0,0,0,0,10,1,1,0
spotify:track:6RynrY285pqy0qVxfgWENI,1,1,0,0,2,1,0,0,3,1,2,0,0,0
spotify:track:1BKnTTe1uMleZdK5LndnLz,0,0,0,0,0,0,0,0,0,0,0,0,0,0
spotify:track:1oWX8BHeUoSE6TuFFW7Jao,1,1,0,0,4,1,1,0,5,1,5,1,0,0
spotify:track:5MHyLRHEoMx9eFjqRIkLMq,0,0,0,0,0,0,0,0,0,0,1,0,0,0
spotify:track:4bRmijiqGQQ9ean2MUPaS8,1,1,0,0,0,0,2,1,0,0,0,0,0,0
spotify:track:42O0lr6qe2jiacLV9QD9m6,0,0,0,0,0,0,0,0,0,0,4,1,0,0
spotify:track:7kjQPQRJnTfHqK79Zq7fEC,3,1,0,0,0,0,0,0,0,0,0,0,0,0
spotify:track:0MfWHHhwbngtVNrHc5Nzra,0,0,0,0,0,0,0,0,0,0,2,0,1,0
spotify:track:1lMyhrAecYTqx4IIBTF9KD,0,0,0,0,0,0,0,0,0,0,2,0,0,0
spotify:track:50H3wtxQmT8jlFXLxeNI69,0,0,0,0,0,0,2,1,0,0,0,0,0,0
spotify:track:7jOj3rkzXCrwkq8xSeFxpd,0,0,0,0,0,0,0,0,0,0,4,1,0,0
spotify:track:608OV8cDjzTcps2Owz654F,0,0,0,0,0,0,0,0,0,0,1,0,0,0
spotify:track:4tpT9xacu03ADQI7utG24C,0,0,0,0,0,0,0,0,0,0,0,0,0,0
spotify:track:75sIATEdqHxN7jfNsRCwGl,0,0,0,0,0,0,0,0,0,0,0,0,0,0
spotify:track:3SoYYbKd4cbxmlVaCZKVQM,0,0,0,0,0,0,0,0,0,0,0,0,0,0
spotify:track:2LWF1rZLLwaHhpC4T9ra9i,0,0,0,0,0,0,0,0,0,0,6,1,1,0
spotify:track:7IYAf32MmX7oCqgnGNT3g8,2,1,0,0,3,1,0,0,0,0,4,1,0,0
spotify:track:6g84RaMubeO44LyTDghqUB,0,0,0,0,0,0,0,0,2,1,0,0,0,0
spotify:track:1Jn1ZoYCWdFhdPH9cG8Y8j,2,1,0,0,0,0,0,0,1,0,3,1,0,0
spotify:track:525IyHzf3ZsydmsRfDu0Vp,0,0,0,0,0,0,0,0,0,0,3,1,0,0
spotify:track:7HSU5O1LJBthHDKTcNeGub,0,0,0,0,0,0,0,0,0,0,2,0,1,0
spotify:track:58LV2ItbYQPSYSpJ0QQMV6,0,0,0,0,0,0,0,0,0,0,0,0,0,0
spotify:track:2CmN6lg34uckZT5OAbqkOJ,0,0,0,0,0,0,0,0,0,0,0,0,0,0
spotify:track:1OG0xpEijf2r9hUvECb5t1,1,1,0,0,1,0,1,0,0,0,0,0,1,0
spotify:track:4pZmzPmIxYKzskFkJTkFwP,0,0,0,0,0,0,1,0,0,0,0,0,3,1
spotify:track:4hq2uY5Ak8kIVgNbZ0r8xM,0,0,0,0,0,0,0,0,0,0,2,0,0,0
spotify:track:15MfYd2nvqvEi0LjCOa4iE,0,0,0,0,0,0,0,0,0,0,2,0,2,1
spotify:track:3I9MNfeQxkKfxIualTvKoC,0,0,0,0,0,0,0,0,0,0,1,0,0,0
spotify:track:64bfvxCPzxyljgC4aPi4vu,1,1,0,0,0,0,0,0,0,0,2,0,0,0
spotify:track:0xEyCZ6cQg3apftD06KVaA,1,1,0,0,0,0,0,0,0,0,0,0,1,0
spotify:track:1syU4K9EEabDPWpEUISOET,0,0,0,0,0,0,0,0,0,0,1,0,2,1
spotify:track:0yr0G0YFJcfsU38nP2OUCT,0,0,2,1,1,0,0,0,0,0,0,0,0,0
spotify:track:3Rq8vC7CDbqs3VHJxsu6TW,0,0,0,0,3,1,0,0,0,0,1,0,1,0
spotify:track:1mfM9mXj9fydNRzzS7LwBP,0,0,0,0,0,0,0,0,0,0,2,0,6,1
spotify:track:6UNereE4jlAGZJytewHppr,0,0,0,0,0,0,0,0,0,0,0,0,0,0
spotify:track:4fZlnnpItlUD2RdR0zSuAC,0,0,0,0,0,0,0,0,0,0,4,1,0,0
spotify:track:23TWTyKCgWjUUxfLmI8jzC,0,0,0,0,0,0,1,0,0,0,0,0,0,0
spotify:track:2zSHoGCakWjTTe34Xm440W,0,0,0,0,0,0,0,0,0,0,2,0,0,0
spotify:track:7xyANK3cSIWlP4PPdcq9wO,0,0,0,0,0,0,0,0,0,0,7,1,0,0
spotify:track:68H86iRZFd5IWbDrjGTa4t,0,0,0,0,4,1,0,0,0,0,2,0,1,0
spotify:track:4QDPzbvvoLr5EhsRO0n4KX,0,0,0,0,0,0,0,0,0,0,0,0,0,0
spotify:track:3Rm8nwbftun4wt06jSbCEG,0,0,0,0,0,0,0,0,0,0,0,0,0,0
spotify:track:3zefogTeUFZqWJeuWz4ftK,0,0,0,0,0,0,1,0,0,0,0,0,0,0
spotify:track:4wclmkmEF1vzyCiSMzrrsM,0,0,0,0,2,1,1,0,1,0,1,0,0,0
spotify:track:1tXzzlOmuHJjwMu0mzhEw7,0,0,0,0,0,0,0,0,0,0,4,1,0,0
spotify:track:78Wu7Y2s6agIhfgoNyAeGg,0,0,0,0,0,0,0,0,0,0,0,0,0,0
spotify:track:2hmKpvdywJSBEqHjIilPrE,1,1,0,0,0,0,0,0,0,0,0,0,0,0
