week_date,war_security,grief_loss,faith_prayer,hope_resilience,nation_home,romance_heartbreak,party_hedonism
2023-10-12,0.14953823308182146,0.01504915493952772,0.07587051410096399,0.07269667170429187,0.02401132565268645,0.3941787031739809,0.09544438918909934
2023-10-19,0.18268646591745297,0.015446028876558911,0.06638881836294706,0.10639932618493689,0.02139081156298571,0.35204489805339273,0.07868797754158434
2023-10-26,0.2291544138232552,0.013718458907704387,0.09111361144298506,0.1275836583693168,0.03454195595549409,0.33018371711136346,0.07585199238215037
2023-11-02,0.23493667330530987,0.01515090280937731,0.09934669359718908,0.12318981949988768,0.03739020090074837,0.3282383660049193,0.06897426316229731
2023-11-09,0.238562390004659,0.016450288306204527,0.10149617255230083,0.1307048618197801,0.03782623860485469,0.32436513777251047,0.06793430821452193
2023-11-16,0.2588517735650617,0.014772690919946903,0.1016240408094103,0.1253469352643355,0.047894107325800996,0.3084325574123956,0.06823799671527067
2023-11-23,0.28555617640057623,0.013860476748859039,0.10659223334830098,0.1114424658645996,0.07789738731925433,0.29556790895908336,0.0672999503167052
2023-11-30,0.29176220877505465,0.014543143109497666,0.11365280204142582,0.11144721726237103,0.08654696267574727,0.2989240050492247,0.07724323375627126
2023-12-07,0.2831144624229357,0.013400976610584068,0.12382130396543305,0.09974379186493611,0.08482690515660152,0.3078872498651696,0.07537789788719133
2023-12-14,0.2673605288720628,0.012392903724826402,0.12246207654070568,0.09506573256203084,0.08026798025600569,0.3010714313883701,0.06875191359958928
2023-12-21,0.24591275554099148,0.011591622882432427,0.1230898475805452,0.09250664689881617,0.06775080971684763,0.28861532180235994,0.07036323834373887
2023-12-28,0.2461067780673167,0.011818921803818902,0.1167205774104999,0.0923105030343424,0.06451019536763326,0.28450923773916176,0.062043315343004966
2024-01-04,0.2429638027112363,0.011478006417412827,0.11238435924431134,0.09185503724313872,0.06161955749505109,0.28744896283518395,0.06999069716365937
2024-01-11,0.23659129374485896,0.011115187120922179,0.10733786635853254,0.0969001589032934,0.05698394075891366,0.28783966762566593,0.05920555276751054
2024-01-18,0.23365892036781155,0.011920354956447662,0.10202567283239979,0.10548974546136484,0.05378975508648947,0.2769481073991066,0.056304170358008186
2024-01-25,0.22271168636099553,0.02261412050274601,0.1031251227214989,0.1075200418778858,0.04936753678432837,0.2651905513227396,0.06374337278001665
2024-02-01,0.2166633108626669,0.02080254387691092,0.10499164345040689,0.1010234640785721,0.04514351413637415,0.2576069810575096,0.06151107236029795
2024-02-08,0.21398818639961567,0.020955675332186105,0.09623269430500024,0.10659921841124104,0.043829251745462997,0.26955291229677525,0.0678977895607902
2024-02-15,0.18934431268171337,0.018581243753703982,0.15616297233556245,0.11788114028845254,0.03993907979263826,0.34839800939532073,0.06481863207970132
2024-02-22,0.19936686243898946,0.013006866581821751,0.16511442405141885,0.11443261905626931,0.03832965774457487,0.3491997663963161,0.06503726108899009
2024-02-29,0.19456382641496364,0.01667039020093424,0.16259998281114754,0.10257915611769867,0.04257951968666809,0.3436864796337376,0.06537895127132431
2024-03-07,0.19754522356975046,0.015832778947003964,0.1622282964875652,0.10108307751992915,0.035337034451234955,0.3409373238253076,0.06379810136974194
2024-03-14,0.21703739558826415,0.012732858460226777,0.16082785151282192,0.10559787814305412,0.04153984011158656,0.34561377066607685,0.06830250998410747
2024-03-21,0.20575526465770558,0.013241913065439455,0.1618503890471524,0.10108026162414485,0.04947855278182564,0.34848435232189073,0.06768002921189999
2024-03-28,0.19777331810246712,0.011470381999280072,0.16006069458575997,0.09876623741424835,0.05236276094822546,0.3651754150515082,0.08417550452244368
2024-04-04,0.19349572953949057,0.009979419532796808,0.15772154568189098,0.09320904267277311,0.0500652103651473,0.3608895883888473,0.08058476452194409
2024-04-11,0.17885083864890683,0.005638295575022855,0.15259157988476613,0.09131989040817914,0.05358600260302855,0.3553300214473922,0.07566178590244436
2024-04-18,0.18582984235443084,0.00480043941652691,0.14569341122081714,0.09101637235124202,0.05734231085359295,0.34359151236438695,0.07415374735647721
2024-04-25,0.16768251674249313,0.004253363340278746,0.14402404051074807,0.08494845734797629,0.056594225921327714,0.39444198840544675,0.06996337635597295
2024-05-02,0.15046895507966979,0.004897585751358469,0.12491169416382004,0.0793493029161661,0.053049768493777336,0.42212498343330357,0.07623801319350329
2024-05-09,0.14948444442368902,0.005630545475707271,0.12019197523335924,0.07142483801943748,0.05321662961525384,0.42712352013627686,0.07107485977969602
2024-05-16,0.16491142650512136,0.011114321913187855,0.1163907931504907,0.06878461369830555,0.05699535295059252,0.42211614487882504,0.06989451920961125
2024-05-23,0.15209812553701157,0.005484222238856514,0.11019616015864053,0.06968849021963658,0.05864499674836365,0.42149481047403614,0.07524863751034357
2024-05-30,0.1486192207700728,0.005582921293456039,0.1024087748070968,0.06985250988028162,0.05399848089294283,0.4179717149827825,0.08738422074374438
2024-06-06,0.13696351658214842,0.004919585246059516,0.09941174448734398,0.06961237037318062,0.0494193483744381,0.41929227753117837,0.10209888360670037
2024-06-13,0.142171603137141,0.004716488157582439,0.09776453144906053,0.06197763017510571,0.047843712059968894,0.3986868292886215,0.11669169277532274
2024-06-20,0.1302306194253374,0.004633399664136566,0.0891849005896142,0.05933040078160842,0.04299078485793713,0.3919094109007112,0.13112670300032528
2024-06-27,0.13161604527604268,0.005277167289167677,0.08144895968363743,0.056101139610664506,0.04025159228972555,0.3882923998269892,0.1335548842396246
2024-07-04,0.12746312077717184,0.005553214119093656,0.08370568300864985,0.05566194371446066,0.04012216783322422,0.3881543048279585,0.12841330082622024
2024-07-11,0.11793029476011818,0.004136373034585193,0.08420169461377605,0.06105537188274966,0.041535494569122304,0.39952358332690213,0.1330158322702963
2024-07-18,0.1254998117539239,0.004522704087621737,0.08677895626504704,0.062234478352729446,0.04243051132158342,0.3944638688347268,0.12417789074256008
2024-07-25,0.1315219683012686,0.004773620108344836,0.08250518995300647,0.05727515139125609,0.036080332806511045,0.41138809567375295,0.126542467878526
2024-08-01,0.14678865913731548,0.004640132710863145,0.07852436768103378,0.05519223491721777,0.03960089965110446,0.41004525188450613,0.12069056028251272
2024-08-08,0.16352244000445443,0.004795224719627555,0.07363912627188367,0.053484091029472554,0.03737128769562993,0.3962470301712995,0.12132406792480449
2024-08-15,0.15521401484035657,0.004685596150242996,0.08080656896413865,0.05768539207843359,0.03570709688557777,0.3932029169936921,0.1261089194497142
2024-08-22,0.15242116830385094,0.004508691446885888,0.08288336275909254,0.04859707123631137,0.03364156376512038,0.39244822012024116,0.13129302182928065
2024-08-29,0.1620017031743299,0.004398009975256639,0.08093688830133702,0.049153795469120645,0.031948802562887804,0.3865839625988614,0.13694216956595864
2024-09-05,0.15422871935925775,0.004482143173841052,0.08220621405619447,0.04793403116468902,0.029734595140833705,0.38858551121243406,0.15352110682781603
2024-09-12,0.14692361677589205,0.008757453777564803,0.07946672296464602,0.046437471879316086,0.023993355723624998,0.38393697761719847,0.16829925581108543
2024-09-19,0.15717831423981113,0.008650101240320953,0.09579162627835061,0.044185044951132096,0.022598951271057793,0.3980327100128408,0.15370064374287395
2024-09-26,0.1689091605595666,0.008576032840304046,0.12363274462518399,0.041324312653891596,0.02376307661865109,0.41705768734051124,0.15037648446691876
2024-10-03,0.17295543694205937,0.007427019132406666,0.13707481147150444,0.03729680236568505,0.029326445279386056,0.42400552306416883,0.15535675748392944
2024-10-10,0.17557507596637006,0.0,0.14869201702414842,0.032705318383192857,0.025329524812823186,0.42873478314992014,0.16040392058826655
2024-10-17,0.19822971064326309,0.0,0.1578713028161952,0.032051062062190994,0.031117604351025382,0.4270673320553853,0.1563395479165896
2024-10-24,0.1907896686916779,0.00419496382251378,0.1564594634744709,0.034977151406480604,0.03463553513921584,0.42262409033848514,0.14424040831669044
2024-10-31,0.187121465459509,0.004327167841207181,0.15801556622793822,0.031415863223308575,0.02636685369316302,0.4442741921964158,0.14434680871151126
2024-11-07,0.19317298261571056,0.004015978418010949,0.14999887550887514,0.025086881961222395,0.02552345920251776,0.4313647528171078,0.1353417774891298
2024-11-14,0.17379368910276122,0.0,0.1231858004441622,0.025049888588943962,0.022247457775320913,0.4473841187930111,0.16628976359514994
2024-11-21,0.1590934217232891,0.003601672858354544,0.12514765503329753,0.019244113195390825,0.02064939568310642,0.4647839402901838,0.17044565133535539
2024-11-28,0.14896191213463478,0.0037025312667092786,0.12326668564563448,0.01908350243116846,0.017400505404419155,0.46668996798815116,0.16616596811937656
2024-12-05,0.1462846248909309,0.0036674688397959573,0.1272897155498762,0.01873713535375518,0.017901860100412628,0.4676621551942779,0.15154424049830065
2024-12-12,0.15251755481710327,0.003586932790938633,0.12856739967474518,0.023672011026709815,0.017112762637898207,0.46333461602350284,0.15154796635925613
2024-12-19,0.1733184422031239,0.004240877312973697,0.14008403920488482,0.019060234028527835,0.016400643098758057,0.46010629079328924,0.13338403641956778
2024-12-26,0.1789404939343869,0.004354320349852236,0.15510983475032683,0.021504354400149,0.016439263032517675,0.46945312526184096,0.13204381100944168
2025-01-02,0.17266909307729603,0.004051904291945127,0.15787848285071782,0.016433829164731135,0.01653260658141824,0.4742641101978039,0.12267077580720084
2025-01-09,0.18341467962737965,0.004027951121878751,0.16911588340103675,0.01717073632062668,0.015176017863240144,0.47768669803666935,0.12551462625053167
2025-01-16,0.2256195865161323,0.019466984624442112,0.19141737012842203,0.027821404465483045,0.025798214758275772,0.45919017403430734,0.11197136298626577
2025-01-23,0.2023542754006662,0.015282745750625383,0.18397896064230765,0.031090308283456828,0.016614686164832672,0.4672064079683317,0.12122521983338952
2025-01-30,0.18051525417438247,0.011176057250305212,0.17565095528399433,0.029717795365060626,0.00921042442038277,0.47469711660792013,0.12446286798962654
2025-02-06,0.1761617403046964,0.010385767396526168,0.16036425418893402,0.030724147934280494,0.005340820868859027,0.46911770921729856,0.13134915086954183
2025-02-13,0.1769062234082945,0.007174929486590348,0.19212663822743312,0.04990113767693332,0.0048791559082363295,0.43874392271495866,0.11835151089727984
2025-02-20,0.18894505823872357,0.006555548537718078,0.18104990224330061,0.05249058166235514,0.004640744907026534,0.44143548000098426,0.1266734766340213
2025-02-27,0.20009279842961902,0.005645968728332598,0.19267550239868153,0.049163169548782984,0.005054883078802795,0.4555078455458727,0.12578204385471345
2025-03-06,0.2028818644781448,0.005175513499602847,0.18160429868268288,0.04786455737895999,0.0044592137220478565,0.4491141489301096,0.12920751428015761
2025-03-13,0.21514042390597132,0.004994765878526449,0.169980044754632,0.04864655062085688,0.00420239318693672,0.4508513393765449,0.1619022546894491
2025-03-20,0.2249863007329669,0.004995840688553383,0.16909927902626587,0.04384830924672127,0.004466185594843176,0.44802137499518996,0.1764129221049506
2025-03-27,0.2392631799211522,0.005032463850722343,0.15196163133577845,0.040795889609642144,0.004072733745929984,0.4288655902866481,0.19550166095612706
2025-04-03,0.24972567315462604,0.004796814749473032,0.13463376524275827,0.03889116046402235,0.003752818833601933,0.39654431347206703,0.22309606864050002
2025-04-10,0.2539032761391103,0.004823462687308753,0.1311011385592036,0.04205067457609813,0.004093244229927914,0.394565106801809,0.22881707697356976
2025-04-17,0.25586296587115703,0.0047162117970139545,0.13081365351215088,0.04370502741660184,0.0044974846376675155,0.387697757577563,0.23895242692513227
2025-04-24,0.2552305341922356,0.005211796938378532,0.14065932777146892,0.043913984185208,0.004318730858452096,0.3772278319961928,0.2576207480864637
2025-05-01,0.26223232855643464,0.009194495114096405,0.13703582076097384,0.05347228929626983,0.004913867724152268,0.37992313544112954,0.2411389127289218
2025-05-08,0.23100187802616187,0.00406911881894057,0.14432244264564023,0.050540433483855035,0.004638771220996612,0.38331529869004183,0.2522650486748964
2025-05-15,0.2204482444289575,0.0,0.1473560377392385,0.04961881674046512,0.004184885972059919,0.4133917825079007,0.26186596702077336
2025-05-22,0.19992480817843114,0.0,0.1482904318672937,0.04529518462144676,0.004224443865015613,0.40128769096409495,0.24257383271432728
2025-05-29,0.17763756163284078,0.0,0.14463176252974655,0.04392060721790866,0.0,0.39587681096949057,0.23449130701010112
2025-06-05,0.18149866722798835,0.0,0.14153091973819276,0.04523163546736855,0.0,0.36870793114943384,0.21406859427231706
2025-06-12,0.15571480356850165,0.0,0.12319723684891297,0.032470583836527116,0.0,0.3753993852539835,0.25799071837976123
2025-06-19,0.15879519755765997,0.0,0.10421075068123235,0.02589454890827885,0.0036968094234374584,0.4218371331250141,0.3086463222005496
2025-06-26,0.15494419064323198,0.0,0.10433187867817367,0.025541610835900858,0.003377900713251135,0.43536935993299686,0.3136312169514649
2025-07-03,0.14381297760999845,0.0,0.10029570516823809,0.041491299715461234,0.005656280798361006,0.41795389911638847,0.2982850300051067
2025-07-10,0.15084667356949716,0.0,0.10368919544946052,0.04052156890302611,0.0048882430853187855,0.40106673043292335,0.2742566274333227
2025-07-17,0.15232456874242536,0.0,0.10349966019472888,0.0455869443501701,0.003550832836130892,0.39325618087830405,0.2766007250478386
2025-07-24,0.15819461587216865,0.0,0.10941033052876771,0.04194048770724222,0.0,0.3793738967991402,0.27435294595421705
2025-07-31,0.15093923622128136,0.0,0.11278365229262967,0.04495127767384468,0.0,0.3798532641710713,0.2761085726981965
2025-08-07,0.14462803014820344,0.0,0.129762802738839,0.04134128101540223,0.0,0.40709254657149085,0.2705030544599822
2025-08-14,0.1446556071015111,0.0,0.15119806076165088,0.04367620454784126,0.0,0.3990925081175903,0.27283469346241596
2025-08-21,0.13536639457820976,0.0,0.14973937780591817,0.05017490947093831,0.0,0.3949062225696578,0.2737989849260831
2025-08-28,0.13708878977595676,0.0,0.1537590969430136,0.05169325148075009,0.0,0.3753136905107009,0.26683844855266226
2025-09-04,0.12972470691505064,0.0,0.15365647294868715,0.0595373340312469,0.0,0.3695970817256312,0.2514464211617161
2025-09-11,0.13355573739279392,0.0,0.1606905831153185,0.056046853616080895,0.0,0.3563440010978943,0.2573821729953801
2025-09-18,0.12263790758033662,0.0,0.15758089983905177,0.05438718086167266,0.0,0.3499363562090962,0.2633166598307294
2025-09-25,0.1132991635534921,0.0,0.15995756771044206,0.04990504007199345,0.0,0.34299511851868875,0.2683608936947386
2025-10-02,0.11191374023061311,0.0,0.16861002081919274,0.051505923847899995,0.0,0.33203447072601183,0.26410291243680606
2025-10-09,0.11065392582976477,0.0,0.16429274456548787,0.050816078633349734,0.0,0.3296481942549698,0.2575188730603198
2025-10-16,0.11047399621139174,0.0036142342424359142,0.15868098229920824,0.047291697547831274,0.0,0.33789841565522344,0.24111383059886698
2025-10-23,0.10825422490545292,0.0,0.16125734098797614,0.04487613684626763,0.0,0.34885725334111417,0.2367777723952941
2025-10-30,0.10749022773802085,0.0,0.16875949896683923,0.043449359401707896,0.0,0.34740830021558167,0.22214270146669599
2025-11-06,0.1047157933211986,0.0,0.16954706501867256,0.04665903107532308,0.0,0.34627766350904887,0.22510402963320084
2025-11-13,0.10406753390857294,0.0,0.1615747424366423,0.044430101853670315,0.0,0.3483978940925982,0.22355502174606148
2025-11-20,0.146931349043612,0.0,0.15587518789966917,0.03585833903737526,0.0,0.3438757129434414,0.2080330213970169
2025-11-27,0.15839776207090717,0.0,0.15133437183312354,0.04684114001859309,0.0,0.32913939564013744,0.203773934193983
2025-12-04,0.15029102947613934,0.0,0.1451168341784007,0.045715378046335235,0.0,0.3362571500850441,0.2143483854249318
2025-12-11,0.13905560577933454,0.0,0.1493352355091104,0.04013129862420878,0.0,0.3585326956801116,0.23081086065158612
2025-12-18,0.1350058946916693,0.0,0.1478269898422709,0.04255131775244787,0.0,0.3757345466019991,0.23597078022774087
2025-12-25,0.1384566451472774,0.004324173386018999,0.147887403766636,0.04220206659047801,0.0,0.3860513184359544,0.23540655623753645
2026-01-01,0.13203832424321116,0.005096797017597964,0.14842615329213465,0.043628916139837756,0.0,0.38009701598800993,0.24006631341664664
2026-01-08,0.1482663173401609,0.00617670020497504,0.15049777006286666,0.0478468190473881,0.0,0.37941129120803246,0.23861371399549094
2026-01-15,0.1276458859664317,0.006769738958419664,0.16741472610342614,0.04275701187008876,0.0,0.3840118697402479,0.25581933724205064
2026-01-22,0.11965602564072932,0.007203054357471408,0.17714631498079203,0.036319032715683146,0.0,0.39309188799195804,0.25935476093917154
2026-01-29,0.12685789546160817,0.007597298368894015,0.1760369390622216,0.03782204033363055,0.0,0.38915751310280966,0.26299564510713386
2026-02-05,0.12166103104887456,0.007887331437029606,0.1730994685409292,0.03654994690114311,0.0,0.3849853063153031,0.25903347865509196
2026-02-12,0.1180537363397331,0.008816115381050585,0.16451349715446717,0.037921425598150545,0.0,0.4068122043387086,0.26016493505757515
2026-02-19,0.1379378627841828,0.018463829683932297,0.17193167140387963,0.03208763808319271,0.0,0.40914089412921983,0.2530020511749215
