uri,track_name,artist_names,lyrics_file
spotify:track:4zXfQYhcSboWEOAwIQST9N,רק שלך,Omer Adam,4zXfQYhcSboWEOAwIQST9N.txt
spotify:track:6qB33ch9RK0aoMfxfnlXa1,פלסטרים,Osher Cohen,6qB33ch9RK0aoMfxfnlXa1.txt
spotify:track:4dELL8S6XVMibwBkjJACF1,לילות וקללות,Omer Adam,4dELL8S6XVMibwBkjJACF1.txt
spotify:track:3U1voPJN8NBSR96Ry0WJiF,מלכת הדור,Omer Adam,3U1voPJN8NBSR96Ry0WJiF.txt
spotify:track:2yPnlfwQ1AmhHauqQWDlWZ,מנגן ושר,Osher Cohen,2yPnlfwQ1AmhHauqQWDlWZ.txt
spotify:track:3CZdlwKHGTvfveatbfKD3q,תמיד אוהב אותי,ששון איפרם שאולוב,3CZdlwKHGTvfveatbfKD3q.txt
spotify:track:4DKH1iLhp007TVLURYtmeC,מה יהיה מחר,Peer Tasi,4DKH1iLhp007TVLURYtmeC.txt
spotify:track:2QkVXq7dLpefWAiETsvIOs,אהובתי כבר לא רואה אותי,Omer Adam,2QkVXq7dLpefWAiETsvIOs.txt
spotify:track:3FihyZ7YA7vrNiSUfWww10,באמפרים,"STILLA, Ness",3FihyZ7YA7vrNiSUfWww10.txt
spotify:track:5nYFRLTLrqiETyy6LUPfhQ,מגדלים,"STILLA, Ness",5nYFRLTLrqiETyy6LUPfhQ.txt
spotify:track:0h8eZd7eqwZISaz9bkj1zV,מערב ראשון,Itay Levi,0h8eZd7eqwZISaz9bkj1zV.txt
spotify:track:0Wr6wZgEP1npYg0vrsWPIZ,רוז,Peer Tasi,0Wr6wZgEP1npYg0vrsWPIZ.txt
spotify:track:34KzX8fwFPLchmOvYBDap0,אין אותי,"Osher Cohen, Noa Kirel",34KzX8fwFPLchmOvYBDap0.txt
spotify:track:74kYHwU43s49Y5AukKArWQ,משהו אמיתי בעיניים,ששון איפרם שאולוב,74kYHwU43s49Y5AukKArWQ.txt
spotify:track:5Sn3aXG5AWFmd1ij2PTisj,השיר שאת אהבת,Omer Adam,5Sn3aXG5AWFmd1ij2PTisj.txt
spotify:track:6FVNMp4r4cQOcckK5NFB6j,אם את כבר הולכת,נדב חנציס,6FVNMp4r4cQOcckK5NFB6j.txt
spotify:track:1Jx6aZyJR985kw8CWUZ15O,צמוד צמוד,"Omer Adam, Odeya, ShrekDiMC",1Jx6aZyJR985kw8CWUZ15O.txt
spotify:track:1D8HR389yohrWVZ1yHI2bc,היי בייב,Tuna,1D8HR389yohrWVZ1yHI2bc.txt
spotify:track:3pTsE064ZTJ1n8bP3VAm2c,תהום,Omer Adam,3pTsE064ZTJ1n8bP3VAm2c.txt
spotify:track:2CUwpTA4gOSouCTyRN1vnE,אין לי מקום אחר,Itay Levi,2CUwpTA4gOSouCTyRN1vnE.txt
spotify:track:1jCAwxwhHIrtWzGeF6WfJ7,פחד אלוהים,Kfir Tsafrir,1jCAwxwhHIrtWzGeF6WfJ7.txt
spotify:track:1ChZJDdEU5tR4ZrLeuDh5u,לופ,Osher Cohen,1ChZJDdEU5tR4ZrLeuDh5u.txt
spotify:track:5ppuL7dOIhd7td0YCJJuwf,טקילה,Omer Adam,5ppuL7dOIhd7td0YCJJuwf.txt
spotify:track:4L5Uj4Dt6rjFL0H7hl2qHF,עברנו הכל,Omer Adam,4L5Uj4Dt6rjFL0H7hl2qHF.txt
spotify:track:1lHlKCdVZ4CGbbkTuG6LfT,יחפים,Jasmin Moallem,1lHlKCdVZ4CGbbkTuG6LfT.txt
spotify:track:1saT4tObMScARIwT4wTv0W,נתראה בגלגול הבא,Ravid Plotnik,1saT4tObMScARIwT4wTv0W.txt
spotify:track:68kVzJf0STAv91tuLutuDr,שקיעות אדומות,Eden Hason,68kVzJf0STAv91tuLutuDr.txt
spotify:track:0D9A15ZzO3VzLIYqOfm6QB,אני חוזר,מ',0D9A15ZzO3VzLIYqOfm6QB.txt
spotify:track:0PfvEnfj3hHl7zlc0WcfGY,‏שלווה בארמונותייך,Ravid Plotnik,0PfvEnfj3hHl7zlc0WcfGY.txt
spotify:track:0SMDtYt5HghaTMFc61nCnP,ואיך שלא,Omer Adam,0SMDtYt5HghaTMFc61nCnP.txt
spotify:track:0sMyBmtyp4riKYNpDVNSH4,את לא יודעת כמה שאני אוהב אותך,Odeya,0sMyBmtyp4riKYNpDVNSH4.txt
spotify:track:2foTZaysNY65xcTXlQKxg4,אם אתה שלי,Odeya,2foTZaysNY65xcTXlQKxg4.txt
spotify:track:0hdDyhwaJpNW5nsJC3qYPe,מלודי,Peer Tasi,0hdDyhwaJpNW5nsJC3qYPe.txt
spotify:track:4I9NVCnjIRVriXfNE7VhE0,עושה לי צרות,Eden Hason,4I9NVCnjIRVriXfNE7VhE0.txt
spotify:track:6nSQvSGrFykSmDIOetK94r,יהיה טוב,Jasmin Moallem,6nSQvSGrFykSmDIOetK94r.txt
spotify:track:2H84mdRphvQn5QniG3v07a,נחלת בנימין,Itay Levi,2H84mdRphvQn5QniG3v07a.txt
spotify:track:6Ma5wr8hndGkkjsk9rgVKS,היא לא יודעת למה,Peer Tasi,6Ma5wr8hndGkkjsk9rgVKS.txt
spotify:track:3QCWA9RzAPb4Xw4BagADFq,ככה וככה,Osher Cohen,3QCWA9RzAPb4Xw4BagADFq.txt
spotify:track:6JnLTSjPA96Dgg9VCDRf1r,למה את?,ילד.,6JnLTSjPA96Dgg9VCDRf1r.txt
spotify:track:17Gbwxyhsj0dznw9DSruNC,ראיתי עולם,"Omer Adam, ShrekDiMC",17Gbwxyhsj0dznw9DSruNC.txt
spotify:track:4wEFTT1fmFfsLY1K7Y40Cy,עזבת ת'בית,"Peled, Nastia Rod",4wEFTT1fmFfsLY1K7Y40Cy.txt
spotify:track:37ZPaitKESRLXRkjrvJVTb,נרקומן של בדידות,Omer Adam,37ZPaitKESRLXRkjrvJVTb.txt
spotify:track:3N48942rc1DKId7vmDDcy0,חולמת,Odeya,3N48942rc1DKId7vmDDcy0.txt
spotify:track:7nCe56CzvRKGqTIs5k1dYm,עוף מוזר,Peer Tasi,7nCe56CzvRKGqTIs5k1dYm.txt
spotify:track:5aDaDlIrhFeXUPcBqxGisR,אחרי כל השנים,Omer Adam,5aDaDlIrhFeXUPcBqxGisR.txt
spotify:track:1hTth4TFnHWYWiXglQ6bN2,רחוק מכולם,Omer Adam,1hTth4TFnHWYWiXglQ6bN2.txt
spotify:track:1ttOlVyZvmnozD2muIxulw,עד מחר,Eviatar Banai,1ttOlVyZvmnozD2muIxulw.txt
spotify:track:78FrkrO3KgizjXDObyFvzW,צ'יק צ'ק,Static,78FrkrO3KgizjXDObyFvzW.txt
spotify:track:2eauhZzDelRWx1f3PmdaxU,חולה ירח,Itay Levi,2eauhZzDelRWx1f3PmdaxU.txt
spotify:track:0OIq7kRsGg7UkLKtO7Srqd,בחיבק,תמר ריילי,0OIq7kRsGg7UkLKtO7Srqd.txt
spotify:track:52n4gF126eIllrGuc9Zus6,לשוב הביתה,Ishay Ribo,52n4gF126eIllrGuc9Zus6.txt
spotify:track:6svDE1ySQelKOFfW7kCn2B,התקדמתי ממך,"Itay Levi, ששון איפרם שאולוב",6svDE1ySQelKOFfW7kCn2B.txt
spotify:track:3IiaTxdKgDe9NvmosLM8bM,בואי נדבר,ששון איפרם שאולוב,3IiaTxdKgDe9NvmosLM8bM.txt
spotify:track:6spkDJlie5raRezVwEDeQK,כל עכבה לטובה,Ben Zur,6spkDJlie5raRezVwEDeQK.txt
spotify:track:4Ow0gCGxYfOcyiCuZOt9mp,שבוע טוב,Avraham Tal,4Ow0gCGxYfOcyiCuZOt9mp.txt
spotify:track:5AjrNeUIzRkWzMz5hgujD2,רשימת קניות,"STILLA, Ness, Odeya",5AjrNeUIzRkWzMz5hgujD2.txt
spotify:track:7AlqKFiOM5X7nJdtbwvsi6,דאמ,Jasmin Moallem,7AlqKFiOM5X7nJdtbwvsi6.txt
spotify:track:0E9S1H3TktlpHmGyuKEfkL,לצאת מדיכאון,יגל אושרי,0E9S1H3TktlpHmGyuKEfkL.txt
spotify:track:2gK92y6pVz6ygq8Fc7N2xL,תתארו לכם,Shlomo Artzi,2gK92y6pVz6ygq8Fc7N2xL.txt
spotify:track:2G1o9Mq8KpamOwJPZLuJc7,סתלבט בקיבוץ,"Full Trunk, Jimbo J",2G1o9Mq8KpamOwJPZLuJc7.txt
spotify:track:60GvepzSwgGx8kaZNln4L0,כל הזמן הזה,Ravid Plotnik,60GvepzSwgGx8kaZNln4L0.txt
spotify:track:0EMfLhcfPFWdVQBCE1YXB0,פסיכופט,עידו מלכה,0EMfLhcfPFWdVQBCE1YXB0.txt
spotify:track:2PZ8BlakFfw8T8InWlkVLg,איפה שתגידי,Omer Adam,2PZ8BlakFfw8T8InWlkVLg.txt
spotify:track:0P8jIXqWvT6iNCeAzyinxt,אל תעשי לו צרות,Osher Cohen,0P8jIXqWvT6iNCeAzyinxt.txt
spotify:track:4EN9nGt9TWutt0iDTRnXjY,כוכבים,Shilo Ben Saadon,4EN9nGt9TWutt0iDTRnXjY.txt
spotify:track:3gdSZLWC594njZXkwWh7lQ,ואן דאם,Odeya,3gdSZLWC594njZXkwWh7lQ.txt
spotify:track:1bow5OcK19mmexxgIYQlJu,אליס,Odeya,1bow5OcK19mmexxgIYQlJu.txt
spotify:track:6IVIMUcrykPBQqWVA0g7zw,חרבו דרבו,"STILLA, Ness",6IVIMUcrykPBQqWVA0g7zw.txt
spotify:track:7LA51LhQTW9tulMfS3IhiL,מטורפת,"רואי אדם, Zion Baruch",7LA51LhQTW9tulMfS3IhiL.txt
spotify:track:5omHkj4qY0A8f6mE4T3fAH,היה טוב,Omer Adam,5omHkj4qY0A8f6mE4T3fAH.txt
spotify:track:6Xg2Ir8Go9giAzRxW4Jaze,גיבורי על,Hatikva 6,6Xg2Ir8Go9giAzRxW4Jaze.txt
spotify:track:7n6elf6gl4POlFO2LlyIMy,בסיבוב הבא,Eden Ben Zaken,7n6elf6gl4POlFO2LlyIMy.txt
spotify:track:2RNGK9C5zMQhKMTiPL5Q0T,מאחל לך טוב,Osher Cohen,2RNGK9C5zMQhKMTiPL5Q0T.txt
spotify:track:6WDVPVfGdcL1d574NP7BVP,לא להמציא,DUDA,6WDVPVfGdcL1d574NP7BVP.txt
spotify:track:2OhunYlfKcvrwQBStJD5u8,פרפרים,Odeya,2OhunYlfKcvrwQBStJD5u8.txt
spotify:track:6xtqda5h0wlcFn3WdI4pb6,כל הכוכבים,Tuna,6xtqda5h0wlcFn3WdI4pb6.txt
spotify:track:0WS3pHso7moPHG8W2pbqPB,קפה וסיגריה,"Ravid Plotnik, ניר דנן",0WS3pHso7moPHG8W2pbqPB.txt
spotify:track:3hay408PSjTAxPn5TPxzyh,חלק מהזמן,Idan Amedi,3hay408PSjTAxPn5TPxzyh.txt
spotify:track:0tIQwXFOyQjd6K7w7PIBrn,יש בך הכל,Akiva,0tIQwXFOyQjd6K7w7PIBrn.txt
spotify:track:3Dx920qUWdBswFizsT1PxR,באמת של האמת,Osher Cohen,3Dx920qUWdBswFizsT1PxR.txt
spotify:track:4uZxeONVzM7MLQqlMmTHMz,פאפי,Odeya,4uZxeONVzM7MLQqlMmTHMz.txt
spotify:track:5lNB8HWmxpICQXi5Pgatz1,נאדי באדי,"Shahar Tavoch, Agam Buhbut",5lNB8HWmxpICQXi5Pgatz1.txt
spotify:track:7dCPciHW5xuxB7G4i8G5AX,עובד בכפר,Odeya,7dCPciHW5xuxB7G4i8G5AX.txt
spotify:track:4WoKmBYVGyrf7t0SkHhMQ1,אין כבוד,Osher Cohen,4WoKmBYVGyrf7t0SkHhMQ1.txt
spotify:track:7pojjbZAyaEs28gCbV55xT,שושו,"Omer Adam, Odeya",7pojjbZAyaEs28gCbV55xT.txt
spotify:track:60BOR51eeN8A3wYIrElggH,אני פה,"Osher Cohen, Odeya",60BOR51eeN8A3wYIrElggH.txt
spotify:track:1Ttz2PpMy1uF6qQJ2TpEoh,אחרי הנצח,Peer Tasi,1Ttz2PpMy1uF6qQJ2TpEoh.txt
spotify:track:6Gt2PGz5zL9HnnJo3UvDV4,עולם בשני צבעים,ששון איפרם שאולוב,6Gt2PGz5zL9HnnJo3UvDV4.txt
spotify:track:4ra4WsUIRDxIQ6p0l5t276,רוקד עם הכאב,Peer Tasi,4ra4WsUIRDxIQ6p0l5t276.txt
spotify:track:6oTChqDVAXNxJrg57siTxB,עטלף עיוור,Hanan Ben Ari,6oTChqDVAXNxJrg57siTxB.txt
spotify:track:7362lWsAM9fv1ZF3tjNG1K,אני מסתובב,נדב חנציס,7362lWsAM9fv1ZF3tjNG1K.txt
spotify:track:1946N277M0tygagJZxCP1f,ה' יברך אותך,Osher Cohen,1946N277M0tygagJZxCP1f.txt
spotify:track:5xzBjwCJLdIKtIXQZ06RXj,שמש שזורחת עליי,Ravid Plotnik,5xzBjwCJLdIKtIXQZ06RXj.txt
spotify:track:2KBtuxA73fMKyj37wr1XKM,סטלות,Omer Adam,2KBtuxA73fMKyj37wr1XKM.txt
spotify:track:3KFaiPnUVpvwrcIjbMFKBW,נשמות צמאות,Ben Zur,3KFaiPnUVpvwrcIjbMFKBW.txt
spotify:track:40i7ilG9ltStXi09E5m32E,בן אדם,Odeya,40i7ilG9ltStXi09E5m32E.txt
spotify:track:6hQh8TDewz3fGZgSHAnb6J,תגידי לי,Omer Adam,6hQh8TDewz3fGZgSHAnb6J.txt
spotify:track:3Au0H4VhjcXZ5HGOHo8Nc3,רונדלים,Static,3Au0H4VhjcXZ5HGOHo8Nc3.txt
spotify:track:3cXhJh34pRLkZegiL5cfy9,כשיגמר לכם הקיץ,ששון איפרם שאולוב,3cXhJh34pRLkZegiL5cfy9.txt
spotify:track:06RR5ewHedBUC9GRgWLwkK,מוזיקה טובה,Ravid Plotnik,06RR5ewHedBUC9GRgWLwkK.txt
spotify:track:354YT2zYO1GpAmf10xXiZf,בואי נדבר,ששון איפרם שאולוב,354YT2zYO1GpAmf10xXiZf.txt
spotify:track:3pvBB4oPXTaHV403msHYF0,גן עדן של משוגעים,ששון איפרם שאולוב,3pvBB4oPXTaHV403msHYF0.txt
spotify:track:0tewqHTtZMfb7sPsqTyRVc,מרכז תל אביב,Itay Levi,0tewqHTtZMfb7sPsqTyRVc.txt
spotify:track:4RyMByXc5HfKc3b8wqwOso,אהבה חולה,Peer Tasi,4RyMByXc5HfKc3b8wqwOso.txt
spotify:track:5RnhWaP5VD3eJN3J0chPmh,בסיבוב,"Tuna, Tzlil Danin",5RnhWaP5VD3eJN3J0chPmh.txt
spotify:track:0FEmTSrI0M8nImeYOrCaPi,גיטרה ולנשום,Osher Cohen,0FEmTSrI0M8nImeYOrCaPi.txt
spotify:track:5R2KoD3IlLRvCPHVhwdaEe,רוקד לי על העצב,Mor,5R2KoD3IlLRvCPHVhwdaEe.txt
spotify:track:7fcFn0EdQleBdarD7yLp95,מבת ים ועד הנצח,Omer Adam,7fcFn0EdQleBdarD7yLp95.txt
spotify:track:0f9vK5r3z8jgTX2PK4ZxPF,יפה כלבנה,Eviatar Banai,0f9vK5r3z8jgTX2PK4ZxPF.txt
spotify:track:16HcSqHWoJn7Be4T2MOCZ4,גן עדן של משוגעים,ששון איפרם שאולוב,16HcSqHWoJn7Be4T2MOCZ4.txt
spotify:track:1QP8gp1xtid9iE9L7SzB8e,תוכו רצוף אהבה,Ishay Ribo,1QP8gp1xtid9iE9L7SzB8e.txt
spotify:track:0ckd54NpB6QU3NIBdbkddf,גשם,Osher Cohen,0ckd54NpB6QU3NIBdbkddf.txt
spotify:track:5e1XuRHOjrgVhy6zrZWOCu,אם זה זה – זה זה,Agam Buhbut,5e1XuRHOjrgVhy6zrZWOCu.txt
spotify:track:0x9UM4GuxnMJUjyuipowmo,אל תעזבי ידיים,Akiva,0x9UM4GuxnMJUjyuipowmo.txt
spotify:track:2LdUmQdymO99riYOVCrUPK,שתי טיפות,Omer Adam,2LdUmQdymO99riYOVCrUPK.txt
spotify:track:4KO1zi2sp4jU3V6M23cbLr,פרופיל 97,Peer Tasi,4KO1zi2sp4jU3V6M23cbLr.txt
spotify:track:0auLq7aePfiNwd1YZNlC4S,גברת אגו,Omer Adam,0auLq7aePfiNwd1YZNlC4S.txt
spotify:track:3Y4G4E7EVomTWTFSFS0Sn5,אלוף העולם,Hanan Ben Ari,3Y4G4E7EVomTWTFSFS0Sn5.txt
spotify:track:3mCCFs2hdDM2mObzARzxOg,תיק קטן,"STILLA, Ness",3mCCFs2hdDM2mObzARzxOg.txt
spotify:track:5bmDwWuujqU0Of3fdwMzFJ,בן אדם,Odeya,5bmDwWuujqU0Of3fdwMzFJ.txt
spotify:track:05iw1Zb7Lp5DNUSvDhBRk6,נגנב ממך,"Full Trunk, Ninet Tayeb",05iw1Zb7Lp5DNUSvDhBRk6.txt
spotify:track:3zhFqDzJZfnc8L5QkGWWG6,קרן שמש,Benaia Barabi,3zhFqDzJZfnc8L5QkGWWG6.txt
spotify:track:5zdau2dtmOUHF3CJ3odKfb,נתראה בגלגול הבא,ששון איפרם שאולוב,5zdau2dtmOUHF3CJ3odKfb.txt
spotify:track:0cnXDZGevuZ5kj2nbVzPyu,לילה עיר,Maor Cohen,0cnXDZGevuZ5kj2nbVzPyu.txt
spotify:track:2v8ZRDPqR7s7KDt1QQ57hx,תן לי את האששש,Jasmin Moallem,2v8ZRDPqR7s7KDt1QQ57hx.txt
spotify:track:1dkljZlzg37FoGtUJ1EsxQ,איפה אתה,Osher Cohen,1dkljZlzg37FoGtUJ1EsxQ.txt
spotify:track:1qavga0IqdclZ5l21FC821,גן עדן,Agam Buhbut,1qavga0IqdclZ5l21FC821.txt
spotify:track:0n2BeC9E0M7fC2jbKBYetu,כאלו מילים,Tomer Yosef,0n2BeC9E0M7fC2jbKBYetu.txt
spotify:track:3TtZlTHR3gT0WYzFTEoPsV,שתישרף האהבה,Itay Levi,3TtZlTHR3gT0WYzFTEoPsV.txt
spotify:track:3MU69FMOB5ddPCMSo1f0g7,וואלק,Full Trunk,3MU69FMOB5ddPCMSo1f0g7.txt
spotify:track:1k91FYQpWr3WNuRfT3hI9N,קשה בכדור הארץ,Tuna,1k91FYQpWr3WNuRfT3hI9N.txt
spotify:track:14uCYjc3tEJmK61fWQl3KK,בחורות טובות,"Sarit Hadad, Odeya",14uCYjc3tEJmK61fWQl3KK.txt
spotify:track:2M8hzSzwsIlsCTAhuAQGSf,כסף או דמעות,Omer Adam,2M8hzSzwsIlsCTAhuAQGSf.txt
spotify:track:7hBNxod1lDW2HKu9wlBUp5,עובד בכפר,Odeya,7hBNxod1lDW2HKu9wlBUp5.txt
spotify:track:3Q6d64XJr20cHQtRd07YGj,סיגליות,"Omer Adam, David Broza",3Q6d64XJr20cHQtRd07YGj.txt
spotify:track:6uCZdJ3p3hrfi6mRKVtt7k,תראי אהובתי,Osher Cohen,6uCZdJ3p3hrfi6mRKVtt7k.txt
spotify:track:1O0VUtEP7oVZKAXOMl0QLY,אקדח,Omer Adam,1O0VUtEP7oVZKAXOMl0QLY.txt
spotify:track:2WDgnb44mEO7gWUtECuNLJ,מכשפה,"Static, Adi Bity",2WDgnb44mEO7gWUtECuNLJ.txt
spotify:track:05KQMm1vL6MnJkgobUtwft,לבד על המיטה,Omer Adam,05KQMm1vL6MnJkgobUtwft.txt
spotify:track:77k6W05ZwUQ8cp0CeK0iN6,עברתי רק כדי לראות,"Tomer Yosef, Ben Hendler",77k6W05ZwUQ8cp0CeK0iN6.txt
spotify:track:3veP41hqImUDYUhBbnZG90,שיר של יום חולין,Maor Cohen,3veP41hqImUDYUhBbnZG90.txt
spotify:track:5dA83d8LVoTXIX035X2LqW,סופרמן,Idan Amedi,5dA83d8LVoTXIX035X2LqW.txt
spotify:track:0ksRRdaUbYkXgvDOwWCHLp,הנך יפה,Ben Zur,0ksRRdaUbYkXgvDOwWCHLp.txt
spotify:track:4JmmjsGmOED0sn0Le3r84u,עולם משוגע,"Tuna, Ravid Plotnik",4JmmjsGmOED0sn0Le3r84u.txt
spotify:track:6OfuBrC66OMwMJSyTQDVkw,שיר לנטע,ניר כנען,6OfuBrC66OMwMJSyTQDVkw.txt
spotify:track:1I2O2LqFIUSndJW0NSUdfq,שאנל אזולאי,Odeya,1I2O2LqFIUSndJW0NSUdfq.txt
spotify:track:6kbhnbcZeYz8RvsFlLkhNH,החדר מסתובב,Eyal Golan,6kbhnbcZeYz8RvsFlLkhNH.txt
spotify:track:42jtELiUhOQ9hiWjPyV0ih,לא לפנות אליי,Nasrin Kadri,42jtELiUhOQ9hiWjPyV0ih.txt
spotify:track:6ClLC1FYoL8orfOrcknQkk,מה לעשות עם הזאב,Alma Gov,6ClLC1FYoL8orfOrcknQkk.txt
spotify:track:5oi46p5BbFdvgI0bAeu1rX,עם ישראל חי,Eyal Golan,5oi46p5BbFdvgI0bAeu1rX.txt
spotify:track:51XDPGyuq8EgHSXwKCn8CQ,שווארמה ודמעה,Omer Adam,51XDPGyuq8EgHSXwKCn8CQ.txt
spotify:track:4cZd8TSEowGRcDsmCvJEjU,אוהבת אותי אמיתי,Omer Adam,4cZd8TSEowGRcDsmCvJEjU.txt
spotify:track:6SsIHyxHGkKaN9MET0k11l,הכל יהיה,Blue Pill,6SsIHyxHGkKaN9MET0k11l.txt
spotify:track:2FMwWEcq2uWnc6ILvodlta,מעליות,"Dudu Tassa, Roni Alter",2FMwWEcq2uWnc6ILvodlta.txt
spotify:track:77oczEZHFyfbx5GFlIrfNk,הטוב הרע ועודיה,"Odeya, E-Z, LIAD MEIR",77oczEZHFyfbx5GFlIrfNk.txt
spotify:track:2pvlbipBAnMXwFkuRwLJpo,חורף 23,"Odeya, E-Z",2pvlbipBAnMXwFkuRwLJpo.txt
spotify:track:6uWUsqSzbYxGhRJHNI7xPE,סן דייגו,Elisha Banai,6uWUsqSzbYxGhRJHNI7xPE.txt
spotify:track:3q7lIfOj1j5HyVFlVr0vFj,אצלנו זה ככה,"Jasmin Moallem, Ben Zur",3q7lIfOj1j5HyVFlVr0vFj.txt
spotify:track:1A9o64PUc3sAJO6LceFK1K,משקה יקר,Peer Tasi,1A9o64PUc3sAJO6LceFK1K.txt
spotify:track:2bzhJBao5xywL3jlXu2S8O,סחרחורות,Mor,2bzhJBao5xywL3jlXu2S8O.txt
spotify:track:2dNqsY3YrTLDOivziWYF3p,כמה קל לך,נדב חנציס,2dNqsY3YrTLDOivziWYF3p.txt
spotify:track:1pizAMAnDm5kDUSBKY3SPk,עד שיירד הסהר,Osher Cohen,1pizAMAnDm5kDUSBKY3SPk.txt
spotify:track:2mu7icHpteUJ5ZFcTE99Xw,בריידזילה,Noa Kirel,2mu7icHpteUJ5ZFcTE99Xw.txt
spotify:track:4E5fqKktoOAT3shxlolPBm,אינטלקטוערסית,Odeya,4E5fqKktoOAT3shxlolPBm.txt
spotify:track:5X7EZzrGDp4YgzdFW3ZdZU,יצאת לטיול,Omer Adam,5X7EZzrGDp4YgzdFW3ZdZU.txt
spotify:track:665X7UybqiY9dIKXSRozuH,אני בוכה,Itay Levi,665X7UybqiY9dIKXSRozuH.txt
spotify:track:3d1AKnEKf2LBXn7wQUH21B,עקבים וג'ינס,Omer Adam,3d1AKnEKf2LBXn7wQUH21B.txt
spotify:track:1GODZl0cB9rbCT9MMlE2Xp,שני זרים,Osher Cohen,1GODZl0cB9rbCT9MMlE2Xp.txt
spotify:track:7q40jR7vLHky0IKFTJWJ4K,שלום אהובתי,Eyal Golan,7q40jR7vLHky0IKFTJWJ4K.txt
spotify:track:3uidHx3If1PWAOCMcCdkNH,סהרה,Tuna,3uidHx3If1PWAOCMcCdkNH.txt
spotify:track:2vR9gmLutur2qzskoEcYna,חומר ממכר,Ben Chen,2vR9gmLutur2qzskoEcYna.txt
spotify:track:4BnqGasQmJZsFDsrTymuth,מגנט,ששון איפרם שאולוב,4BnqGasQmJZsFDsrTymuth.txt
spotify:track:6VYbnnpUYShqFn22MERtmP,המבט בעיניך,Agam Buhbut,6VYbnnpUYShqFn22MERtmP.txt
spotify:track:0BIn5KNnPdnDZrLJ2qLXnp,תהיה בנאדם,מ',0BIn5KNnPdnDZrLJ2qLXnp.txt
spotify:track:1wvwnZRwqofa1YDTNyOm07,שכחתי מזמן,Eyal Golan,1wvwnZRwqofa1YDTNyOm07.txt
spotify:track:7iepAdmAykL8gh7dYMzpsM,רולקס וקסקט,Eden Ben Zaken,7iepAdmAykL8gh7dYMzpsM.txt
spotify:track:6NUzJGlQORUv6NjUwcefr8,עיר נמל,Eyal Golan,6NUzJGlQORUv6NjUwcefr8.txt
spotify:track:4UXS0LHX5tZFOBzmbmXGQm,הימים עוברים,Avraham Tal,4UXS0LHX5tZFOBzmbmXGQm.txt
spotify:track:4mRreSUqP7waa2jT5ul41T,יום חדש,Ravid Plotnik,4mRreSUqP7waa2jT5ul41T.txt
spotify:track:6W6ssWo1mqA9bLTo47Alsz,צונאמי,"Jasmin Moallem, Mergui",6W6ssWo1mqA9bLTo47Alsz.txt
spotify:track:3yqs30JY1zriDdlN2di2gI,הדם שלי,"ששון איפרם שאולוב, Odeya",3yqs30JY1zriDdlN2di2gI.txt
spotify:track:7rU2eldvcR7Iwu07Z9A8w3,אם את כבר הולכת,נדב חנציס,7rU2eldvcR7Iwu07Z9A8w3.txt
spotify:track:19kELxwM679QVY5NW7PWBp,הספר הכחול,Peer Tasi,19kELxwM679QVY5NW7PWBp.txt
spotify:track:5K3fJmFEJZltzsH89Ggvn9,שאריות מעצמי,Shir Levi,5K3fJmFEJZltzsH89Ggvn9.txt
spotify:track:4bm2aZg3iiqMjO3MIiyhAo,נשימה,"Chen Aharoni, אסתי גינזבורג",4bm2aZg3iiqMjO3MIiyhAo.txt
spotify:track:0qH6stYoiSWErrzIvkiN1W,שני משוגעים,Omer Adam,0qH6stYoiSWErrzIvkiN1W.txt
spotify:track:3piVfvEpcO5TXO1qn55NtX,סלינה,Peer Tasi,3piVfvEpcO5TXO1qn55NtX.txt
spotify:track:5FQCwtsC3YanKJzpfkvnDt,שותפה שלי,Moshiko Mor,5FQCwtsC3YanKJzpfkvnDt.txt
spotify:track:2tFX3wqEPyya8k2bS8pHqW,רוקנרול,Omer Adam,2tFX3wqEPyya8k2bS8pHqW.txt
spotify:track:77KWLGuKJTk5OtE0mmQ7KT,רבות הדרכים,Daniel Salomon,77KWLGuKJTk5OtE0mmQ7KT.txt
spotify:track:4xNo1LgWSCyjgK4OsUnLWg,יוצאת מזה,Jasmin Moallem,4xNo1LgWSCyjgK4OsUnLWg.txt
spotify:track:5h1iCN4plP49Tv2uFHYfxF,כל מה שאני רוצה,Noa Kirel,5h1iCN4plP49Tv2uFHYfxF.txt
spotify:track:24h6QuRnJokfyZy997eSH8,לא כואב לי,Osher Cohen,24h6QuRnJokfyZy997eSH8.txt
spotify:track:6ubV4TOnHggG27ygsPxjvR,אקורדים בלילות,Osher Cohen,6ubV4TOnHggG27ygsPxjvR.txt
spotify:track:1f6O2TPzZQhW1Ky2iGYb5X,מולדת,Hanan Ben Ari,1f6O2TPzZQhW1Ky2iGYb5X.txt
spotify:track:7ehTx8Gyz3zqUijBKxrHhI,קשר מסוכן,"Rinat Bar, Agam Buhbut",7ehTx8Gyz3zqUijBKxrHhI.txt
spotify:track:5gOFp28Edmv4nk8HIwnQfe,מי את היום בלעדיי,Yonatan Kalimi,5gOFp28Edmv4nk8HIwnQfe.txt
spotify:track:2ya0JtcbcMT35tsDUTuLQx,אישה מהשמיים,Gilad Segev,2ya0JtcbcMT35tsDUTuLQx.txt
spotify:track:4ZGe1hugAeejCOd7TWGiz0,אף פעם לא לבד,Inbal Bibi,4ZGe1hugAeejCOd7TWGiz0.txt
spotify:track:07Ee2kh7vMtMwZ39G4LbKX,אוצר שלי,Osher Cohen,07Ee2kh7vMtMwZ39G4LbKX.txt
spotify:track:6p6G6vCCnEpzCkl5EyBWMS,כל החלומות שלי,Mor,6p6G6vCCnEpzCkl5EyBWMS.txt
spotify:track:1FyfEuRtAFpuItWcuouxkV,צעדים,Akiva,1FyfEuRtAFpuItWcuouxkV.txt
spotify:track:6gDb8gPgdv49sJJ0VpqEMp,חייזרית,Peer Tasi,6gDb8gPgdv49sJJ0VpqEMp.txt
spotify:track:3MB1afOMzspYZUHF5cB0dq,אין מספיק זמן,Yoshi,3MB1afOMzspYZUHF5cB0dq.txt
spotify:track:2liUMhNvpAxRNVAGnz8jNJ,אפס מאמץ,"Static & Ben El, Netta",2liUMhNvpAxRNVAGnz8jNJ.txt
spotify:track:7ea31KGrIuCRvHF31ir6GD,לזאת שניצחה,Eden Ben Zaken,7ea31KGrIuCRvHF31ir6GD.txt
spotify:track:5KeQdbv5GbeCAN6oXCoCnh,שבע שנים,Peer Tasi,5KeQdbv5GbeCAN6oXCoCnh.txt
spotify:track:0S0lWP18AryHmMcQaHOngD,פינו נואר,Omer Adam,0S0lWP18AryHmMcQaHOngD.txt
spotify:track:0tz3QCsEBQDsXGqden3NEI,עיר נמל,Eyal Golan,0tz3QCsEBQDsXGqden3NEI.txt
spotify:track:6OXv4CrNp3DFRj6Cu1GojJ,מתי את חוזרת,Eyal Golan,6OXv4CrNp3DFRj6Cu1GojJ.txt
spotify:track:3sehBAUnI9J14iGW2KOEdk,רחוב המשבר,Peer Tasi,3sehBAUnI9J14iGW2KOEdk.txt
spotify:track:3Nkgj2fda76qTOJFXP9h48,קווקז,Omer Adam,3Nkgj2fda76qTOJFXP9h48.txt
spotify:track:1dH0PtefI2rKwTLfXxZSyE,היא לא יודעת מה עובר עליי,Shlomo Artzi,1dH0PtefI2rKwTLfXxZSyE.txt
spotify:track:5OQrgklT1x9uOr2ee5hlHB,משקפיים,"Noa Kirel, Itay Galo",5OQrgklT1x9uOr2ee5hlHB.txt
spotify:track:24i0QJz5U8OoXWyIPLXWzF,נועצת מבט,Omer Adam,24i0QJz5U8OoXWyIPLXWzF.txt
spotify:track:0KING5MxpAvRENMUzhkBtc,מפת העולם,Peer Tasi,0KING5MxpAvRENMUzhkBtc.txt
spotify:track:5sUTab2UduAG5tZSjrFsaN,פזמון אחר,Eyal Golan,5sUTab2UduAG5tZSjrFsaN.txt
spotify:track:4WbQaxKI0R0SmWNZvgUDNz,בוקר טוב חיים שלי,Ravid Plotnik,4WbQaxKI0R0SmWNZvgUDNz.txt
spotify:track:6YEcDPO0mxYoUOZx5cZleT,מדע בדיוני,Eyal Golan,6YEcDPO0mxYoUOZx5cZleT.txt
spotify:track:5fFNw4YX4N8sR1CFzbPTDW,דבש ותפוח,Tomer Yosef,5fFNw4YX4N8sR1CFzbPTDW.txt
spotify:track:4wynpm7WtwueimncaeNp6I,לאבא שלי יש סולם,"ותן חלקנו, Amir Benayoun, ששון איפרם שאולוב",4wynpm7WtwueimncaeNp6I.txt
spotify:track:1sWQxzPFWCtOBvqww2YFex,מה שלא הספקתי לומר,"Elai Botner, Ran Danker, Sivan Talmor",1sWQxzPFWCtOBvqww2YFex.txt
spotify:track:7n6emXIcaECmkljP1rPlvQ,לבחור נכון,Amir Dadon,7n6emXIcaECmkljP1rPlvQ.txt
spotify:track:62mUBE16kUWGR3eiiXiqvU,שיר אהבה אינדיאני (מיגל),Alma Zohar,62mUBE16kUWGR3eiiXiqvU.txt
spotify:track:57BFhpG4Iq4Zgnoz2X6zbT,חמישי שישי,"Osher Cohen, Nadav Navi Aharoni",57BFhpG4Iq4Zgnoz2X6zbT.txt
spotify:track:1UqARS50UENashmHmp7gmQ,חלליות,Berry Sakharof,1UqARS50UENashmHmp7gmQ.txt
spotify:track:10pnfojlZf9nHvKngPHB7k,אוהבת לא אוהבת,Omer Adam,10pnfojlZf9nHvKngPHB7k.txt
spotify:track:1FbTqrNXhdbrqyCfwQQ4yb,אהובי,Mor,1FbTqrNXhdbrqyCfwQQ4yb.txt
spotify:track:3g0GHCbp0NJsbjNn812PZt,לא מבין,Osher Cohen,3g0GHCbp0NJsbjNn812PZt.txt
spotify:track:1iqFD52dqVgLGJq74we3RW,אמן על הילדים,Hanan Ben Ari,1iqFD52dqVgLGJq74we3RW.txt
spotify:track:4N9Rl0PvEgfpRluDotwDL9,הטוב הרע ועודיה,"Odeya, E-Z, LIAD MEIR",4N9Rl0PvEgfpRluDotwDL9.txt
spotify:track:7rdPtMBZmQpSBraOq8ppuI,למה את?,ילד.,7rdPtMBZmQpSBraOq8ppuI.txt
spotify:track:5Cf7f7XD97PYEUWEEb7mcQ,חוץ מכדורגל,Hanan Ben Ari,5Cf7f7XD97PYEUWEEb7mcQ.txt
spotify:track:2LjK33xiNA8BA4U1ndj2bO,לבד במדבר,Jasmin Moallem,2LjK33xiNA8BA4U1ndj2bO.txt
spotify:track:20Fj4u4L2vl0vPn7lAHWKZ,הבת של המלך,"Ben Zur, יאיר אלייצור",20Fj4u4L2vl0vPn7lAHWKZ.txt
spotify:track:16NPQQxjcSfhb0UFaUVw5s,אז מה עכשיו,Eden Hason,16NPQQxjcSfhb0UFaUVw5s.txt
spotify:track:7uLwV2wvLaFKocHlBaCE3v,שהשם ישמור עלייך,Ben Zur,7uLwV2wvLaFKocHlBaCE3v.txt
spotify:track:1VeqBhB0o8LLmSjIVRHlMV,ואיך שלא,Ariel Zilber,1VeqBhB0o8LLmSjIVRHlMV.txt
spotify:track:4YboX8Ua3NErCD3ActvWM9,נזכרה בי,Peer Tasi,4YboX8Ua3NErCD3ActvWM9.txt
spotify:track:7tPq06JPk6t0Kk9ptZ6Cia,סגול בהיר,Mergui,7tPq06JPk6t0Kk9ptZ6Cia.txt
spotify:track:0c9Sq3RDqb8sd6N9B8yM4v,סולמות ונחשים,Omer Adam,0c9Sq3RDqb8sd6N9B8yM4v.txt
spotify:track:2gwiDHH38cpSXuMU6Iu53d,בנות כמוני לא בוכות,Noa Kirel,2gwiDHH38cpSXuMU6Iu53d.txt
spotify:track:4a4rCXdHtT55j6IlpZksW5,הכוכבים דולקים על אש קטנה,Mashina,4a4rCXdHtT55j6IlpZksW5.txt
spotify:track:28tCQKMuSmbrGKgBVwDON0,אם מחר אני מת,Liran Danino,28tCQKMuSmbrGKgBVwDON0.txt
spotify:track:53zYxeOdw40Ej3BGeuNNov,עוד חוזר הניגון,Berry Sakharof,53zYxeOdw40Ej3BGeuNNov.txt
spotify:track:5CCxCzPB3HMh595Y1MNIm5,סחרחורת,Tuna,5CCxCzPB3HMh595Y1MNIm5.txt
spotify:track:5UEER4Qa0x3yp1TViJSTa7,עומד בשער,Amir Benayoun,5UEER4Qa0x3yp1TViJSTa7.txt
spotify:track:4rQOpu34WFMZFGaoHcO8d0,אני לא מפסיק להתרגש ממך,Danny Robas,4rQOpu34WFMZFGaoHcO8d0.txt
spotify:track:4GmQBXKgDqPpUQXXxp1ceH,מתי את חוזרת,Eyal Golan,4GmQBXKgDqPpUQXXxp1ceH.txt
spotify:track:2A9yj46qweEVrsvnvntEa5,רק אל תלכי,Zikney Tzfat,2A9yj46qweEVrsvnvntEa5.txt
spotify:track:31HDrKLG70d8SY6UU4sl9l,עם ישראל חי,Eyal Golan,31HDrKLG70d8SY6UU4sl9l.txt
spotify:track:15leAeXFh1WX1QOxp1LnOS,עוד אוהבת אותך,Agam Buhbut,15leAeXFh1WX1QOxp1LnOS.txt
spotify:track:3mITeXQ9Dt7M6nTutuNtsx,תרקוד לנצח,"Omer Adam, Infected Mushroom",3mITeXQ9Dt7M6nTutuNtsx.txt
spotify:track:2tVQnp6k62bMTsWQJYvQXz,עוד לא נגמר,Osher Cohen,2tVQnp6k62bMTsWQJYvQXz.txt
spotify:track:6Ix2MJMdzccf5gVosUYG0r,יש מישהו ששר לך,"Omer Adam, Aviv Geffen",6Ix2MJMdzccf5gVosUYG0r.txt
spotify:track:02k88ntKmaWSOjkCRADZMf,אני רוצה עוד אהבה,Osher Cohen,02k88ntKmaWSOjkCRADZMf.txt
spotify:track:4C7cg72gU51s1IT4wh7Vp9,קומה 58,Omer Adam,4C7cg72gU51s1IT4wh7Vp9.txt
spotify:track:6lSSdXZtqF4tFlmaQyV0ut,צמאה לאהבה,Liran Danino,6lSSdXZtqF4tFlmaQyV0ut.txt
spotify:track:5R5wL4rbWPKeUrFGyvc5Nu,בסוף הכל חולף,Omer Adam,5R5wL4rbWPKeUrFGyvc5Nu.txt
spotify:track:3dkItSs4LurpACEg70HDIB,לדפוק ת'ראש,"Idan Amedi, רותם סלע, דני קושמרו, אורי גבריאל, אסי ישראלוף",3dkItSs4LurpACEg70HDIB.txt
spotify:track:3X7YWrfGLLopRknF9FBPHf,להקות שהתפרקו,Peer Tasi,3X7YWrfGLLopRknF9FBPHf.txt
spotify:track:1XuxoHDc7mFeyhaDcgjYST,מחילה,Jasmin Moallem,1XuxoHDc7mFeyhaDcgjYST.txt
spotify:track:5P7aER6OWnngPH949VKXDR,אלף חרבות,"Eden Ben Zaken, נדב חנציס",5P7aER6OWnngPH949VKXDR.txt
spotify:track:31VLQciLv1PbK2IJUtXLgj,לורו פיאנה,רואי אדם,31VLQciLv1PbK2IJUtXLgj.txt
spotify:track:4cHhUWXkEtSj7kdue9SO5u,לשטוף את העצב,Omer Adam,4cHhUWXkEtSj7kdue9SO5u.txt
spotify:track:58m9mqwBLliFpIFSYzprSn,עטלף עיוור,Eyal Golan,58m9mqwBLliFpIFSYzprSn.txt
spotify:track:2tj4JhaPPpmPp8RNbieT52,ילדה של אמונה,Odeya,2tj4JhaPPpmPp8RNbieT52.txt
spotify:track:7uwbkdstWT7e5Tl70aPOnG,ראפ מטורף,"Tuna, Ravid Plotnik",7uwbkdstWT7e5Tl70aPOnG.txt
spotify:track:6VhdWiz7GI2eaYcGSsaY7w,לולה,Dudu Tassa,6VhdWiz7GI2eaYcGSsaY7w.txt
spotify:track:3AoZ1W11B3gm8vhFSpHDjh,ביחד איתי,ששון איפרם שאולוב,3AoZ1W11B3gm8vhFSpHDjh.txt
spotify:track:0NdV41q6lBoO4WyCaZmIJU,רק אני יודע,Stephane Legar,0NdV41q6lBoO4WyCaZmIJU.txt
spotify:track:5rqeYyQ1EpbEJKkH4cgncs,בין העיר לפרדס,Tuna,5rqeYyQ1EpbEJKkH4cgncs.txt
spotify:track:3CA8eNZ0qIeWovaCt226ui,לאן,Vibe Ish,3CA8eNZ0qIeWovaCt226ui.txt
spotify:track:5bxd1DEtcLOuTLqbMT43Xz,לא הכל מן אללה,E-Z,5bxd1DEtcLOuTLqbMT43Xz.txt
spotify:track:3EIpvMJo4sqVVqDQx9H4Zj,מלך אחד לעולם,נדב חנציס,3EIpvMJo4sqVVqDQx9H4Zj.txt
spotify:track:2b9TjqgLxE6zOZc4DSmYYx,פרובוקטיבית,"Noa Kirel, Forever Tel Aviv, Sagi Kariv",2b9TjqgLxE6zOZc4DSmYYx.txt
spotify:track:1ADljphnyLqrI3HOQjParb,דובדבן,Dudu Aharon,1ADljphnyLqrI3HOQjParb.txt
spotify:track:21lNFbYE1iSBYtNcW2U8Vm,איש הפלא,Ben Zur,21lNFbYE1iSBYtNcW2U8Vm.txt
spotify:track:71h6sV5KytTmPARarI28wI,רסיסים,Raviv Kaner,71h6sV5KytTmPARarI28wI.txt
spotify:track:3xcfRHbbkwIh6rPKQ9y8DX,פאטה מורגנה,"Itay Levi, Zehavi",3xcfRHbbkwIh6rPKQ9y8DX.txt
spotify:track:6IIKUEXxGqjxJtiS1e6z73,תופסת,Eden Ben Zaken,6IIKUEXxGqjxJtiS1e6z73.txt
spotify:track:5dDkX66Ov8pqr1l9Cyk02l,מלאך של כבוד,Omer Adam,5dDkX66Ov8pqr1l9Cyk02l.txt
spotify:track:1EZj3gwDRCDVTxJAIGUtMQ,שוב אני בדד,Eyal Golan,1EZj3gwDRCDVTxJAIGUtMQ.txt
spotify:track:1VGHtOfjicgALZGihsjfs0,שאריות של החיים,Idan Raichel,1VGHtOfjicgALZGihsjfs0.txt
spotify:track:0pwe6ne12KNaNYXyxquuPl,לתת לחיים לרקוד,Idan Amedi,0pwe6ne12KNaNYXyxquuPl.txt
spotify:track:0KMZESyaad48QMOmg6cYuy,סופרמן,Idan Amedi,0KMZESyaad48QMOmg6cYuy.txt
spotify:track:1WqRnSjBc7L2DnLzsNvqOm,לילה טוב,Odeya,1WqRnSjBc7L2DnLzsNvqOm.txt
spotify:track:5cexYtv51CMqLuUwC9J5dH,אין מילים איתך,Full Trunk,5cexYtv51CMqLuUwC9J5dH.txt
spotify:track:59aRiZFzmOYH3O83c0XykI,אם תחכי לי,Peer Tasi,59aRiZFzmOYH3O83c0XykI.txt
spotify:track:2aIXUJpfkXplSwa6vpPRZe,אמן,Eden Golan,2aIXUJpfkXplSwa6vpPRZe.txt
spotify:track:0hlBI8n1v5F2mj0tDIM5ai,שלוק מהבלו,LIAD MEIR,0hlBI8n1v5F2mj0tDIM5ai.txt
spotify:track:05ryQJip5j6ExMhvB6o6f4,כמה מתוק,Jasmin Moallem,05ryQJip5j6ExMhvB6o6f4.txt
spotify:track:3XkauVC70TlTgebHdWea3a,רחובות ריקים,ששון איפרם שאולוב,3XkauVC70TlTgebHdWea3a.txt
spotify:track:7AHM45gNY0LiFUSnfzjUus,הימים עוברים,Avraham Tal,7AHM45gNY0LiFUSnfzjUus.txt
spotify:track:5E8VSBEyekvkqIrDs5IOio,שלום אהובתי,Eyal Golan,5E8VSBEyekvkqIrDs5IOio.txt
spotify:track:14T9MsaDVojqqEyGAZ0Sfb,השיר של נעם 2,"Maor Ashkenazi, נעם כהן",14T9MsaDVojqqEyGAZ0Sfb.txt
spotify:track:5jvU0fxQllEi4IOhBhuU35,תן לי זמן,נועם קלינשטיין,5jvU0fxQllEi4IOhBhuU35.txt
spotify:track:2KGlQst2lnkS7rcRT35ZPF,ימים יגידו,Eyal Golan,2KGlQst2lnkS7rcRT35ZPF.txt
spotify:track:3TDXqI0ixmt8UBWJlTT23P,למה לי למה לו,Nasrin Kadri,3TDXqI0ixmt8UBWJlTT23P.txt
spotify:track:2xqMifKIz1qVTElCZPkyRH,לילה כיום יאיר,Eviatar Banai,2xqMifKIz1qVTElCZPkyRH.txt
spotify:track:70j0levi0vPvQB5okEwZvm,סיבות להישאר,Eyal Golan,70j0levi0vPvQB5okEwZvm.txt
spotify:track:7hyle4lmxpFkhKOv2NxTiL,כמו כל יום,Idan Rafael Haviv,7hyle4lmxpFkhKOv2NxTiL.txt
spotify:track:6sADtPKtORAMZP3GQhOsHv,סיבת הסיבות,Ishay Ribo,6sADtPKtORAMZP3GQhOsHv.txt
spotify:track:0cTRDUl1vovXBJ1lBQIyRk,מים שקופים,Omer Adam,0cTRDUl1vovXBJ1lBQIyRk.txt
spotify:track:43dcPAf3mzSsl8dRWXjZgF,אהבה בקרטונים,Eyal Golan,43dcPAf3mzSsl8dRWXjZgF.txt
spotify:track:2X8mBXrZ6HJPCgKAzC87k5,כאב של לוחמים,Idan Amedi,2X8mBXrZ6HJPCgKAzC87k5.txt
spotify:track:3VaEnW5C0x8htoAs4W040U,אתה אני אולי,Noa Kirel,3VaEnW5C0x8htoAs4W040U.txt
spotify:track:5LqzGpUPRQXbN9WwFdKY17,המלך בשדה,"Bar Tzabary, Shuli Rand",5LqzGpUPRQXbN9WwFdKY17.txt
spotify:track:0B02HrbQXoSltzD3SVNZ0E,בחיבק,תמר ריילי,0B02HrbQXoSltzD3SVNZ0E.txt
spotify:track:4qv7iP9m0e5ALkOYF0PLSQ,תמיד אוהב אותי,יאיר אלייצור,4qv7iP9m0e5ALkOYF0PLSQ.txt
spotify:track:0dhTeU87tEbBwplgPe2NVd,רוב השעות,Idan Raichel,0dhTeU87tEbBwplgPe2NVd.txt
spotify:track:1I237F5xBjYvhe4o4yKoxg,מלא מלא,"Jasmin Moallem, DUDA",1I237F5xBjYvhe4o4yKoxg.txt
spotify:track:4PcdcSDUImHuVjoCezSYuC,פלואו של טמבל 2,"LIAD MEIR, רון חיון",4PcdcSDUImHuVjoCezSYuC.txt
spotify:track:3rq6qVDZZtXgbNuT9b3D1H,מסע,Eliad,3rq6qVDZZtXgbNuT9b3D1H.txt
spotify:track:3bgNXXL7TjlBDOl36wLWHk,אחת ולתמיד,Ishay Ribo,3bgNXXL7TjlBDOl36wLWHk.txt
spotify:track:3n6kfT0sbKCbHSCmnzTD6w,עת הלבנה,"Ravid Plotnik, Michal Lotan",3n6kfT0sbKCbHSCmnzTD6w.txt
spotify:track:0bSlaaneF4lLymoMouvxfH,לילות וקללות,"הכוכב הבא, Noam Bettan",0bSlaaneF4lLymoMouvxfH.txt
spotify:track:19osnW2bZ04gOFD38af5br,תהום,Ravid Plotnik,19osnW2bZ04gOFD38af5br.txt
spotify:track:4mcOEZ4RNkD4RXEc4xBceS,נר לכל לילה,Eyal Golan,4mcOEZ4RNkD4RXEc4xBceS.txt
spotify:track:6rlwPk4cihbq6fxbLnNQB1,תחנונים,Osher Cohen,6rlwPk4cihbq6fxbLnNQB1.txt
spotify:track:635ke14KZqjGWRnRpd42w0,גל עיניי,Hanan Ben Ari,635ke14KZqjGWRnRpd42w0.txt
spotify:track:0ULnHxQqtl25Iyjd0njlPR,מסעדת שף,Eden Ben Zaken,0ULnHxQqtl25Iyjd0njlPR.txt
spotify:track:6RTcp6RWf1IKkxPp9DRYPz,לא להתאבסס,Anna Zak,6RTcp6RWf1IKkxPp9DRYPz.txt
spotify:track:2BOZaITgFVIcnfSD524zo4,יוני,Peer Tasi,2BOZaITgFVIcnfSD524zo4.txt
spotify:track:2g443q6iQIqoTWiVIAp2jv,קריוקי פסנתר בסלון,Odeya,2g443q6iQIqoTWiVIAp2jv.txt
spotify:track:0LqFPyHVwoYxJnZsa3Ji8x,נהר הדמעות,"Shlomo Artzi, Peer Tasi",0LqFPyHVwoYxJnZsa3Ji8x.txt
spotify:track:6zViFnEcDjyOSF1n54BD9P,שיר שלא מצאתי לו שם,Peer Tasi,6zViFnEcDjyOSF1n54BD9P.txt
spotify:track:4f15d7Qc81qw4LKMAQhfYz,יצאה שבת,Omer Adam,4f15d7Qc81qw4LKMAQhfYz.txt
spotify:track:33KkOQIrkeKi3kOYwFdCxu,אחי,Hanan Ben Ari,33KkOQIrkeKi3kOYwFdCxu.txt
spotify:track:6JPlSTk7mpboMx3VRxiFTC,אהבה ראשונה,נדב חנציס,6JPlSTk7mpboMx3VRxiFTC.txt
spotify:track:2Bc3C1lo6vywOfGM3xjeQ8,יכולה לבד,Odeya,2Bc3C1lo6vywOfGM3xjeQ8.txt
spotify:track:350IXqajzWTMSpNT4dxhbU,הולכת איתך,Narkis,350IXqajzWTMSpNT4dxhbU.txt
spotify:track:64leZqjEDF57DcifREiCwe,טק טק,Eyal Golan,64leZqjEDF57DcifREiCwe.txt
spotify:track:0OzFG7wUIuRUDA1dcPzlK1,פורחים לשובם,Ishay Ribo,0OzFG7wUIuRUDA1dcPzlK1.txt
spotify:track:28hmfseWQTUSMuTNuXg4eI,היום קמתי שמח,Hanan Ben Ari,28hmfseWQTUSMuTNuXg4eI.txt
spotify:track:1Ske3yeMrnTSLAjrWW6lrq,סרט כחול,Rotem Chen,1Ske3yeMrnTSLAjrWW6lrq.txt
spotify:track:4XwsyrQZOC7YtrJad0Se0N,יין ופסטה,Odeya,4XwsyrQZOC7YtrJad0Se0N.txt
spotify:track:7xSRAkFFuCp5gAy0sks1PH,ירושלים,מ',7xSRAkFFuCp5gAy0sks1PH.txt
spotify:track:1tYAHtvNKGvCpt3fkXv6Zo,לצאת מדיכאון,יגל אושרי,1tYAHtvNKGvCpt3fkXv6Zo.txt
spotify:track:1JQ7aHjR7IkhbchNYhnrcX,שלחת אליי מבט,נדב חנציס,1JQ7aHjR7IkhbchNYhnrcX.txt
spotify:track:1uNBN0rbqE6dHGA29rnMtx,הדם שלי,"ששון איפרם שאולוב, Odeya",1uNBN0rbqE6dHGA29rnMtx.txt
spotify:track:7FO36omE1TR5bm8YUtVkzA,גאולה,Ben Zur,7FO36omE1TR5bm8YUtVkzA.txt
spotify:track:7inwpGKVgS13Igzdz0m4yu,אין מה לחפש בחוץ,Ravid Plotnik,7inwpGKVgS13Igzdz0m4yu.txt
spotify:track:1qDPbto3jDT2adIya1EfOU,עד העולם הבא,Peer Tasi,1qDPbto3jDT2adIya1EfOU.txt
spotify:track:0ACFJm4VlgvdHs2qvHZ6yG,ואם תבואי אליי,Idan Raichel,0ACFJm4VlgvdHs2qvHZ6yG.txt
spotify:track:2QRnt06N6pOC8PwZnGbJB4,סתכלי למעלה,Hanan Ben Ari,2QRnt06N6pOC8PwZnGbJB4.txt
spotify:track:54WbiFSE71t4GwNln4Z2fe,שיר לנטע,ניר כנען,54WbiFSE71t4GwNln4Z2fe.txt
spotify:track:1we4dRjRJnYc7lCoveGCqP,רכבת זהב,"Peer Tasi, Talisman",1we4dRjRJnYc7lCoveGCqP.txt
spotify:track:6VyockgkLKCpigtLna4cTG,מפחד להתגבר עלייך?,נדב חנציס,6VyockgkLKCpigtLna4cTG.txt
spotify:track:2ulZJJAN7oso1goAOnGiFI,ישתבח,Peer Tasi,2ulZJJAN7oso1goAOnGiFI.txt
spotify:track:7oHfFOSwmpOVB0dmqQVihX,בוכה כמו צונאמי,Ben Chen,7oHfFOSwmpOVB0dmqQVihX.txt
spotify:track:15F9JWEQMs4TwKKwJaANPM,לא יפריד דבר,Danny Sanderson,15F9JWEQMs4TwKKwJaANPM.txt
spotify:track:4nMxpuGZwC3u3yOECONK76,לתת ולקחת,"Shlomo Artzi, Dudu Tassa",4nMxpuGZwC3u3yOECONK76.txt
spotify:track:2X0xtXo2To1ZMWVn5OmFZP,מה היית משנה בי,Odeya,2X0xtXo2To1ZMWVn5OmFZP.txt
spotify:track:6BwmUxwyDCz4CzcYGJyrOI,לתת ולקחת,"הכוכב הבא, Noam Bettan",6BwmUxwyDCz4CzcYGJyrOI.txt
spotify:track:64X7IM9ZENFkjZDOVGnxCh,ראש הממשלה,Noa Kirel,64X7IM9ZENFkjZDOVGnxCh.txt
spotify:track:03xj0hH3QciSk13SsfFgSp,הייתי חוזרת,Eden Ben Zaken,03xj0hH3QciSk13SsfFgSp.txt
