uri,n_tokens,n_windows,joy,sadness,anger,fear,trust,disgust,surprise,anticipation,sentiment_neutral,sentiment_positive,sentiment_negative
spotify:track:4zXfQYhcSboWEOAwIQST9N,332,1,3.258114884374663e-05,0.0010829453822225332,0.00013876389130018651,0.0002516861422918737,4.2224415665259585e-05,0.998027503490448,0.000579269602894783,0.6854812502861023,5.445819624583237e-05,5.3355193813331425e-05,0.9998921155929565
spotify:track:6qB33ch9RK0aoMfxfnlXa1,338,1,3.089896563324146e-05,0.854284942150116,0.9998754262924194,0.0005570870125666261,4.104089020984247e-05,0.9999573230743408,0.0005688170786015689,0.007389767095446587,5.6182907428592443e-05,5.1032035116804764e-05,0.9998928308486938
spotify:track:4dELL8S6XVMibwBkjJACF1,224,1,2.7968928407062776e-05,0.9860005974769592,0.9994932413101196,0.0002188467769883573,3.798729449044913e-05,0.9999556541442871,0.0005313708679750562,0.026839779689908028,5.2509971283143386e-05,5.1477152737788856e-05,0.9998960494995117
spotify:track:3U1voPJN8NBSR96Ry0WJiF,329,1,3.139640102745034e-05,0.25649070739746094,0.40495720505714417,0.00024378611124120653,4.1591858462197706e-05,0.9998645782470703,0.0005892669432796538,0.30054718255996704,5.638189395540394e-05,5.1543214794946834e-05,0.9998921155929565
spotify:track:2yPnlfwQ1AmhHauqQWDlWZ,266,1,3.455286787357181e-05,0.00310483924113214,0.0011015539057552814,0.0002483119606040418,4.2956129618687555e-05,0.9994644522666931,0.0005796363111585379,0.8527313470840454,5.313905421644449e-05,5.321639036992565e-05,0.9998936653137207
spotify:track:3CZdlwKHGTvfveatbfKD3q,315,1,0.9992386102676392,0.0002645385393407196,7.624666613992304e-05,0.00021255026513244957,0.00017366894462611526,6.872458470752463e-05,0.0006045368500053883,0.993854284286499,0.0002173936227336526,0.9992400407791138,0.0005426101270131767
spotify:track:4DKH1iLhp007TVLURYtmeC,171,1,3.620153802330606e-05,0.9224063754081726,0.0005073760403320193,0.000254815851803869,3.9368671423289925e-05,0.9996753931045532,0.0005429135635495186,0.9905434250831604,5.367341509554535e-05,4.902803266304545e-05,0.9998972415924072
spotify:track:2QkVXq7dLpefWAiETsvIOs,192,1,3.1533767469227314e-05,0.9938378930091858,0.5100809931755066,0.00022281729616224766,4.063667802256532e-05,0.9998867511749268,0.0005776495090685785,0.153075709939003,5.402409806265496e-05,4.987838110537268e-05,0.9998960494995117
spotify:track:3FihyZ7YA7vrNiSUfWww10,646,2,3.358024332555942e-05,0.0002872277982532978,0.999934732913971,0.0003203149535693228,4.1416235035285354e-05,0.9999587535858154,0.000608125701546669,0.0026610526256263256,5.832536407979205e-05,4.914605233352631e-05,0.9998924732208252
spotify:track:5nYFRLTLrqiETyy6LUPfhQ,437,1,2.9974133212817833e-05,0.00043633978930301964,0.984306812286377,0.00035422068322077394,3.983773058280349e-05,0.9999545812606812,0.0005925046862103045,0.030150212347507477,5.7245295465691015e-05,5.094586231280118e-05,0.9998917579650879
spotify:track:0h8eZd7eqwZISaz9bkj1zV,253,1,2.9539678507717326e-05,0.9991466999053955,0.99345463514328,0.0002316696336492896,3.9515438402304426e-05,0.9999548196792603,0.0005643459735438228,0.048378221690654755,5.2697683713631704e-05,5.344139935914427e-05,0.9998939037322998
spotify:track:0Wr6wZgEP1npYg0vrsWPIZ,179,1,2.9626682589878328e-05,0.008870843797922134,0.9994613528251648,0.0002007369912462309,3.968136297771707e-05,0.9999393224716187,0.0005558760603889823,0.48131832480430603,5.515808879863471e-05,4.659172918763943e-05,0.9998981952667236
spotify:track:34KzX8fwFPLchmOvYBDap0,282,1,2.9744847779511474e-05,0.07651200890541077,0.9995235204696655,0.00023188222257886082,4.0154725866159424e-05,0.9999549388885498,0.0005906884325668216,0.025454474613070488,5.435301500256173e-05,5.263515413389541e-05,0.9998929500579834
spotify:track:74kYHwU43s49Y5AukKArWQ,235,1,2.9112023185007274e-05,0.014086357317864895,0.9999014139175415,0.0002052786003332585,3.9017191738821566e-05,0.9999572038650513,0.0005754184676334262,0.007689743302762508,5.2897750720148906e-05,5.285947190714069e-05,0.9998942613601685
spotify:track:5Sn3aXG5AWFmd1ij2PTisj,246,1,3.285233469796367e-05,0.9626255631446838,0.0008444685372523963,0.00025891081895679235,4.3537500459933653e-05,0.999588668346405,0.000587703485507518,0.43362247943878174,5.368745041778311e-05,5.0808397645596415e-05,0.999895453453064
spotify:track:6FVNMp4r4cQOcckK5NFB6j,267,1,3.2177540560951456e-05,0.9992719292640686,0.00041681560105644166,0.0003343088610563427,4.3245236156508327e-05,0.014923857524991035,0.0005820379010401666,0.4905056059360504,5.353012238629162e-05,5.4131840443005785e-05,0.9998923540115356
spotify:track:1Jx6aZyJR985kw8CWUZ15O,375,1,3.1292467610910535e-05,0.00029255193658173084,0.9998756647109985,0.0002160490839742124,4.0341110434383154e-05,0.9999533891677856,0.0006173035362735391,0.10916993767023087,5.8346988225821406e-05,5.1565140893217176e-05,0.9998900890350342
spotify:track:1D8HR389yohrWVZ1yHI2bc,336,1,4.5184246118878946e-05,0.00032270990777760744,0.9302534461021423,0.00024653400760143995,3.9635790017200634e-05,0.9999539852142334,0.0005549690104089677,0.254688560962677,5.9958572819596156e-05,5.125672760186717e-05,0.9998887777328491
spotify:track:3pTsE064ZTJ1n8bP3VAm2c,224,1,3.267583451815881e-05,0.9992089867591858,0.9997594952583313,0.00022092208382673562,4.132987669436261e-05,0.9999278783798218,0.0005914405337534845,0.011889461427927017,5.47814488527365e-05,4.954512769472785e-05,0.9998956918716431
spotify:track:2CUwpTA4gOSouCTyRN1vnE,249,1,2.9599292247439735e-05,0.9996122717857361,0.9998598098754883,0.0009678491041995585,3.852188092423603e-05,0.9999593496322632,0.0005466364091262221,0.011277636513113976,5.8392321079736575e-05,4.7281006118282676e-05,0.9998942613601685
spotify:track:1jCAwxwhHIrtWzGeF6WfJ7,286,1,3.253202885389328e-05,0.0002740036870818585,0.0008426110143773258,0.0002310603449586779,4.286854891688563e-05,0.9999465942382812,0.0005881983088329434,0.3407655656337738,5.265139407129027e-05,6.0620575823122635e-05,0.9998867511749268
spotify:track:1ChZJDdEU5tR4ZrLeuDh5u,392,1,3.0671821150463074e-05,0.7574054598808289,0.9999175071716309,0.0002646424691192806,4.169360181549564e-05,0.9999568462371826,0.0005958075635135174,0.012498166412115097,5.257911834632978e-05,5.435587445390411e-05,0.999893069267273
spotify:track:5ppuL7dOIhd7td0YCJJuwf,238,1,3.1444014894077554e-05,0.995684027671814,0.9992194175720215,0.00034635726478882134,4.262018410372548e-05,0.9999508857727051,0.0005812500603497028,0.11335460841655731,5.3318115533329546e-05,5.06658798258286e-05,0.9998960494995117
spotify:track:4L5Uj4Dt6rjFL0H7hl2qHF,295,1,3.278976873843931e-05,0.983775794506073,0.1439925879240036,0.00022158132924232632,4.135684866923839e-05,0.9998261332511902,0.0005751018761657178,0.48068341612815857,5.4502481361851096e-05,5.2982173656346276e-05,0.9998924732208252
spotify:track:1lHlKCdVZ4CGbbkTuG6LfT,143,1,2.7589181627263315e-05,0.9996015429496765,0.9998974800109863,0.000631868839263916,3.7283931305864826e-05,0.9999594688415527,0.0004936680197715759,0.006009463686496019,5.45771217730362e-05,4.6283588744699955e-05,0.99989914894104
spotify:track:1saT4tObMScARIwT4wTv0W,122,1,3.830063724308275e-05,0.9995315074920654,9.160041372524574e-05,0.0004050379211548716,5.5051514209480956e-05,0.00010706047032726929,0.00047361949691548944,0.9969003200531006,4.919372440781444e-05,5.8539291785564274e-05,0.9998922348022461
spotify:track:68kVzJf0STAv91tuLutuDr,201,1,2.9966671718284488e-05,0.9995293617248535,0.9998142123222351,0.008587994612753391,3.838740667561069e-05,0.9999628067016602,0.0005385736585594714,0.24538595974445343,5.6870812841225415e-05,4.3711159378290176e-05,0.9998993873596191
spotify:track:0D9A15ZzO3VzLIYqOfm6QB,87,1,3.2667794584995136e-05,0.9996732473373413,6.755461072316393e-05,0.00021943807951174676,0.9045591950416565,5.928374230279587e-05,0.0005340694333426654,0.9980483055114746,4.7369168896693736e-05,0.00012457591947168112,0.9998279809951782
spotify:track:0PfvEnfj3hHl7zlc0WcfGY,180,1,0.8967009782791138,0.0002970318601001054,6.844531890237704e-05,0.0002018311497522518,0.9998950958251953,5.948824036750011e-05,0.0005974939558655024,0.9913122057914734,0.0001340128801530227,0.9997608065605164,0.00010518599447095767
spotify:track:0SMDtYt5HghaTMFc61nCnP,124,1,3.756136356969364e-05,0.999100923538208,0.00043503587949089706,0.000261499808402732,4.349214577814564e-05,0.0003258465731050819,0.0005376580520533025,0.882128119468689,5.1418388466117904e-05,6.0916365328012034e-05,0.9998877048492432
spotify:track:0sMyBmtyp4riKYNpDVNSH4,248,1,3.073289190069772e-05,0.05152711644768715,0.00026417989283800125,0.0002044638094957918,4.1151368350256234e-05,0.8535844683647156,0.0005648060468956828,0.40773507952690125,5.184197289054282e-05,5.863377737114206e-05,0.9998894929885864
spotify:track:2foTZaysNY65xcTXlQKxg4,324,1,2.915986806328874e-05,0.0009969439124688506,0.9998816251754761,0.0002294382284162566,3.959004607168026e-05,0.9999558925628662,0.0005651016836054623,0.062473658472299576,5.7879351516021416e-05,4.9951304390560836e-05,0.9998921155929565
spotify:track:0hdDyhwaJpNW5nsJC3qYPe,180,1,2.9951843316666782e-05,0.6127541661262512,0.9976503252983093,0.0003724627604242414,4.0944920328911394e-05,0.9999556541442871,0.0005796100595034659,0.03203269839286804,5.612229142570868e-05,4.708843698608689e-05,0.999896764755249
spotify:track:4I9NVCnjIRVriXfNE7VhE0,270,1,3.0256929676397704e-05,0.12631849944591522,0.9984889030456543,0.00027629276155494153,4.068751513841562e-05,0.9999561309814453,0.0005722175701521337,0.07350707799196243,5.342125950846821e-05,5.1921950216637924e-05,0.9998946189880371
spotify:track:6nSQvSGrFykSmDIOetK94r,293,1,4.9400972784496844e-05,0.0007207865128293633,0.0003768763563130051,0.0012457483680918813,4.217926107230596e-05,0.0007907294202595949,0.000592883734498173,0.993164598941803,5.86004025535658e-05,4.8113819502759725e-05,0.999893307685852
spotify:track:2H84mdRphvQn5QniG3v07a,198,1,3.1235136702889577e-05,0.00168905989266932,0.9998832941055298,0.00020100342226214707,3.983936767326668e-05,0.9999562501907349,0.0005508097819983959,0.0243942029774189,5.780323044746183e-05,4.625890505849384e-05,0.9998959302902222
spotify:track:6Ma5wr8hndGkkjsk9rgVKS,204,1,2.9183207516325638e-05,0.9980207681655884,0.9999109506607056,0.00024005485465750098,3.975726940552704e-05,0.9999583959579468,0.0005401610978879035,0.034411631524562836,5.460043394123204e-05,4.917168553220108e-05,0.9998961687088013
spotify:track:3QCWA9RzAPb4Xw4BagADFq,301,1,4.200709372526035e-05,0.0007891504792496562,0.9998891353607178,0.00024303188547492027,4.206389348837547e-05,0.9999434947967529,0.0006203271332196891,0.10726518929004669,5.8877245464827865e-05,4.6872763050487265e-05,0.9998942613601685
spotify:track:6JnLTSjPA96Dgg9VCDRf1r,430,1,3.136240775347687e-05,0.0005388488061726093,0.9999250173568726,0.00022170496231410652,4.1083807445829734e-05,0.9999560117721558,0.0005888229352422059,0.006704958621412516,5.714587678085081e-05,5.1626160711748526e-05,0.9998911619186401
spotify:track:17Gbwxyhsj0dznw9DSruNC,440,1,3.1969793781172484e-05,0.0012899632565677166,0.9672243595123291,0.00023698977020103484,4.043508670292795e-05,0.9999532699584961,0.0005712977144867182,0.1204834133386612,5.584168684436008e-05,5.008840162190609e-05,0.9998940229415894
spotify:track:4wEFTT1fmFfsLY1K7Y40Cy,383,1,3.0771781894145533e-05,0.0020365684758871794,0.9998966455459595,0.00023290369426831603,4.1143637645291165e-05,0.999954342842102,0.0006077809375710785,0.012966875918209553,5.8198180340696126e-05,5.034092828282155e-05,0.9998914003372192
spotify:track:37ZPaitKESRLXRkjrvJVTb,234,1,3.082364492001943e-05,0.1575136035680771,0.9989542961120605,0.0002730090927798301,4.103361061424948e-05,0.9999552965164185,0.0005841725505888462,0.011276165023446083,5.358471753424965e-05,5.2266510465415195e-05,0.9998941421508789
spotify:track:3N48942rc1DKId7vmDDcy0,221,1,3.0967785278335214e-05,0.9995562434196472,0.9981428384780884,0.000246747542405501,4.010424891021103e-05,0.99993896484375,0.000550644937902689,0.015224432572722435,5.3728574130218476e-05,5.186680573388003e-05,0.999894380569458
spotify:track:7nCe56CzvRKGqTIs5k1dYm,157,1,2.8393438697094098e-05,0.9996716976165771,0.9999161958694458,0.022672001272439957,3.819493213086389e-05,0.9999591112136841,0.000522137968800962,0.00699254497885704,5.622755634249188e-05,4.615304715116508e-05,0.9998975992202759
spotify:track:5aDaDlIrhFeXUPcBqxGisR,139,1,0.9793447852134705,0.0058562918566167355,6.715855852235109e-05,0.0002000405511353165,0.9998898506164551,6.050946103641763e-05,0.0005392393213696778,0.9983475208282471,0.00021178062888793647,0.9963629841804504,0.0034252621699124575
spotify:track:1hTth4TFnHWYWiXglQ6bN2,179,1,0.0001261313445866108,0.0003860064025502652,0.00010903572547249496,0.0001927311095641926,5.037646769778803e-05,8.382336818613112e-05,0.0005516853998415172,0.9810919761657715,5.4378429922508076e-05,6.972806295379996e-05,0.9998759031295776
spotify:track:1ttOlVyZvmnozD2muIxulw,101,1,3.0449276891886257e-05,0.9997172951698303,0.9986816048622131,0.9983685612678528,4.561197783914395e-05,0.9999591112136841,0.00047915041795931756,0.030380791053175926,4.983985490980558e-05,5.243159830570221e-05,0.9998977184295654
spotify:track:78FrkrO3KgizjXDObyFvzW,254,1,3.099688910879195e-05,0.0007026439998298883,0.9996981620788574,0.0003368903126101941,3.9193393604364246e-05,0.999957799911499,0.0005518326070159674,0.018384993076324463,5.652506661135703e-05,5.007021900382824e-05,0.9998934268951416
spotify:track:2eauhZzDelRWx1f3PmdaxU,287,1,3.127325908280909e-05,0.06455191224813461,0.9998317956924438,0.00023988851171452552,4.059170896653086e-05,0.9999511241912842,0.0005891917389817536,0.01200692169368267,5.383749885368161e-05,5.1147715566912666e-05,0.9998949766159058
spotify:track:0OIq7kRsGg7UkLKtO7Srqd,199,1,3.047890822927002e-05,0.9855836629867554,0.9998747110366821,0.00022922526113688946,3.911606836481951e-05,0.9999573230743408,0.0005635198322124779,0.01574382744729519,5.496364974533208e-05,4.7683573939139023e-05,0.9998973608016968
spotify:track:52n4gF126eIllrGuc9Zus6,154,1,3.070570528507233e-05,0.9997054934501648,0.794602632522583,0.9586572051048279,3.9541257137898356e-05,0.996468186378479,0.0005199728184379637,0.9904166460037231,5.981934009469114e-05,4.348050060798414e-05,0.9998966455459595
spotify:track:6svDE1ySQelKOFfW7kCn2B,245,1,2.973605842271354e-05,0.9896718263626099,0.9999154806137085,0.00022425680072046816,3.996272789663635e-05,0.9999585151672363,0.0005821948288939893,0.005441626068204641,5.3554849728243425e-05,5.294091533869505e-05,0.9998935461044312
spotify:track:3IiaTxdKgDe9NvmosLM8bM,208,1,3.274608025094494e-05,0.0007289606146514416,0.032719098031520844,0.00022720925335306674,4.050640927744098e-05,0.9999024868011475,0.0005567340413108468,0.9731989502906799,5.5693664762657136e-05,4.6688492147950456e-05,0.9998975992202759
spotify:track:6spkDJlie5raRezVwEDeQK,265,1,3.135953738819808e-05,0.0011719352332875133,0.0016093180747702718,0.00024912774097174406,4.1979503293987364e-05,0.9999439716339111,0.0005926181911490858,0.9244709610939026,5.397845234256238e-05,5.132120713824406e-05,0.9998947381973267
spotify:track:4Ow0gCGxYfOcyiCuZOt9mp,140,1,3.441442095208913e-05,0.0023623539600521326,0.00015243381494656205,0.00019452322158031166,4.171277396380901e-05,0.00012305700511205941,0.000553639663849026,0.9762148261070251,5.083108044345863e-05,5.3708034101873636e-05,0.999895453453064
spotify:track:5AjrNeUIzRkWzMz5hgujD2,472,1,3.7241963582346216e-05,0.00027223117649555206,0.9977165460586548,0.0002094113442581147,4.000585249741562e-05,0.9999467134475708,0.000598189712036401,0.2685941159725189,6.331141048576683e-05,4.8003141273511574e-05,0.9998886585235596
spotify:track:7AlqKFiOM5X7nJdtbwvsi6,281,1,2.9301254471647553e-05,0.0003674264589790255,0.9996107220649719,0.000250797689659521,3.9540806028526276e-05,0.9999604225158691,0.0005764497327618301,0.06685452163219452,5.648373189615086e-05,4.739626092487015e-05,0.9998961687088013
spotify:track:0E9S1H3TktlpHmGyuKEfkL,134,1,8.878088556230068e-05,0.19590921700000763,9.695218614069745e-05,0.0013312065275385976,6.557754386449233e-05,0.0001124389236792922,0.0005020882817916572,0.997669517993927,5.739458356401883e-05,7.18601222615689e-05,0.999870777130127
spotify:track:2gK92y6pVz6ygq8Fc7N2xL,238,1,3.922076211893e-05,0.18825477361679077,0.00026604178128764033,0.0003302692202851176,4.2717234464362264e-05,0.0002230162499472499,0.0005262415506877005,0.24943162500858307,5.061952833784744e-05,6.068136644898914e-05,0.9998886585235596
spotify:track:2G1o9Mq8KpamOwJPZLuJc7,427,1,3.076160282944329e-05,0.0003997923922725022,0.9999290704727173,0.00022463557252194732,4.0676262869965285e-05,0.9999567270278931,0.0005800033104605973,0.04394903406500816,6.222750380402431e-05,4.6579050831496716e-05,0.9998911619186401
spotify:track:60GvepzSwgGx8kaZNln4L0,391,1,3.209721398889087e-05,0.9993677735328674,0.7892510294914246,0.00024736326304264367,4.1053182940231636e-05,0.9999401569366455,0.0005576634430326521,0.21932251751422882,5.5621276260353625e-05,5.414050247054547e-05,0.9998902082443237
spotify:track:0EMfLhcfPFWdVQBCE1YXB0,249,1,2.929348556790501e-05,0.00032145893783308566,0.9999059438705444,0.00020053211483173072,3.859490607283078e-05,0.9999585151672363,0.0005785511457361281,0.012164490297436714,5.56592240172904e-05,4.921193249174394e-05,0.9998950958251953
spotify:track:2PZ8BlakFfw8T8InWlkVLg,223,1,3.570344051695429e-05,0.9023370742797852,0.05751902610063553,0.00022136700863484293,4.143129626754671e-05,0.9999179840087891,0.0005548865301534534,0.07730090618133545,5.225493077887222e-05,5.300397242535837e-05,0.9998947381973267
spotify:track:0P8jIXqWvT6iNCeAzyinxt,192,1,3.135107544949278e-05,0.10542196035385132,0.9998922348022461,0.00019785096810664982,3.8938200304983184e-05,0.9999505281448364,0.0005621137679554522,0.3469204306602478,5.1696424634428695e-05,5.222789695835672e-05,0.9998960494995117
spotify:track:4EN9nGt9TWutt0iDTRnXjY,133,1,0.7766962647438049,0.9421010613441467,7.129020377760753e-05,0.00020302549819462,0.9997323155403137,6.045663030818105e-05,0.0005011611501686275,0.9974742531776428,0.00015430500207003206,0.9992054104804993,0.0006403136649169028
spotify:track:3gdSZLWC594njZXkwWh7lQ,279,1,2.8171061785542406e-05,0.9993102550506592,0.9998959302902222,0.00029063093825243413,3.914603075827472e-05,0.9999576807022095,0.0005524518201127648,0.005204613320529461,5.512374627869576e-05,5.0573104090290144e-05,0.9998942613601685
spotify:track:1bow5OcK19mmexxgIYQlJu,202,1,3.0070674256421626e-05,0.9996840953826904,0.9991267323493958,0.0005368468700908124,4.06406688853167e-05,0.9999436140060425,0.0005359317292459309,0.05954797938466072,5.1456387154757977e-05,5.258674354990944e-05,0.9998959302902222
spotify:track:6IVIMUcrykPBQqWVA0g7zw,695,2,3.2815463782753795e-05,0.00032390939304605126,0.9999213218688965,0.0003042510070372373,4.085012915311381e-05,0.9999576210975647,0.0006106272339820862,0.002211617073044181,5.392971797846258e-05,5.681644688593224e-05,0.9998892545700073
spotify:track:7LA51LhQTW9tulMfS3IhiL,251,1,3.260629091528244e-05,0.170213982462883,0.00038198172114789486,0.00023292990226764232,4.2981286242138594e-05,0.2588614821434021,0.0005613912362605333,0.5166701078414917,5.381321534514427e-05,5.5969489039853215e-05,0.9998902082443237
spotify:track:5omHkj4qY0A8f6mE4T3fAH,265,1,3.196668694727123e-05,0.9995114803314209,0.9998947381973267,0.00037046356010250747,4.074901880812831e-05,0.9999580383300781,0.0005713826394639909,0.9330391883850098,5.612081804429181e-05,4.849086326430552e-05,0.9998953342437744
spotify:track:6Xg2Ir8Go9giAzRxW4Jaze,358,1,2.9758975870208815e-05,0.0010584020055830479,0.999902606010437,0.00027723476523533463,4.046633330290206e-05,0.9999573230743408,0.0005762758082710207,0.018136873841285706,5.72563694731798e-05,4.919937055092305e-05,0.9998935461044312
spotify:track:7n6elf6gl4POlFO2LlyIMy,181,1,2.7315838451613672e-05,0.9995748400688171,0.9998992681503296,0.00022405483468901366,3.779815961024724e-05,0.9999570846557617,0.0005343469092622399,0.06316441297531128,5.26984003954567e-05,4.937675112159923e-05,0.9998979568481445
spotify:track:2RNGK9C5zMQhKMTiPL5Q0T,295,1,3.0120612791506574e-05,0.04314490035176277,0.9992218017578125,0.0002476275258231908,4.028144758194685e-05,0.9999494552612305,0.0005932669155299664,0.8391912579536438,5.381719893193804e-05,5.245849388302304e-05,0.9998936653137207
spotify:track:6WDVPVfGdcL1d574NP7BVP,609,2,3.225043474230915e-05,0.4121822118759155,0.005803990643471479,0.00034330759081058204,4.232893843436614e-05,0.9999105930328369,0.0005763223161920905,0.9535908699035645,5.437051004264504e-05,5.8462996094021946e-05,0.9998871088027954
spotify:track:2OhunYlfKcvrwQBStJD5u8,156,1,3.0479577617370524e-05,0.0003652888408396393,0.0025694731157273054,0.0002069415495498106,4.0300503314938396e-05,0.9997484087944031,0.0005262530758045614,0.02957591973245144,5.908160164835863e-05,4.7337322030216455e-05,0.9998935461044312
spotify:track:6xtqda5h0wlcFn3WdI4pb6,91,1,3.085873686359264e-05,0.9988866448402405,0.9942103624343872,0.014528490602970123,4.959260695613921e-05,0.9999533891677856,0.0004995414055883884,0.9978775978088379,5.296321614878252e-05,4.815847933059558e-05,0.9998989105224609
spotify:track:0WS3pHso7moPHG8W2pbqPB,300,1,2.9688340873690322e-05,0.9290475249290466,0.9991705417633057,0.00022196279314812273,3.921044117305428e-05,0.9999555349349976,0.0005623624892905354,0.09315922856330872,5.683331983163953e-05,4.903031003777869e-05,0.9998941421508789
spotify:track:3hay408PSjTAxPn5TPxzyh,182,1,3.6726716643897817e-05,0.8373569250106812,0.0034739936236292124,0.000295889942208305,4.476393587538041e-05,0.004183562472462654,0.0005538112600333989,0.9687531590461731,5.8339719544164836e-05,4.831807018490508e-05,0.999893307685852
spotify:track:0tIQwXFOyQjd6K7w7PIBrn,159,1,6.248318823054433e-05,0.0020768227986991405,0.00011001642269548029,0.00023123357095755637,5.699073153664358e-05,0.00018460159481037408,0.0005447800504043698,0.9796019792556763,5.2261169912526384e-05,5.2777304517803714e-05,0.9998949766159058
spotify:track:3Dx920qUWdBswFizsT1PxR,393,1,3.158647086820565e-05,0.18825075030326843,0.22417360544204712,0.00025432632537558675,4.097264900337905e-05,0.9999511241912842,0.0005879569798707962,0.8915064930915833,5.357816917239688e-05,5.4246349463937804e-05,0.9998921155929565
spotify:track:4uZxeONVzM7MLQqlMmTHMz,365,1,3.070617458433844e-05,0.0003123357892036438,0.9999213218688965,0.00021539708541240543,4.038525730720721e-05,0.9999555349349976,0.0006252648308873177,0.004380006808787584,5.730926932301372e-05,5.064929791842587e-05,0.999891996383667
spotify:track:5lNB8HWmxpICQXi5Pgatz1,331,1,3.515207572490908e-05,0.00025772026856429875,0.9994432330131531,0.0001998388470383361,4.161451579420827e-05,0.9999536275863647,0.0005969105404801667,0.004364619497209787,5.725501978304237e-05,5.091449202154763e-05,0.9998918771743774
spotify:track:7dCPciHW5xuxB7G4i8G5AX,342,1,3.0477833206532523e-05,0.999067485332489,0.9998973608016968,0.0002892107586376369,3.9950264181243256e-05,0.9999574422836304,0.0005714491126127541,0.010487300343811512,5.831987436977215e-05,4.911836003884673e-05,0.9998925924301147
spotify:track:4WoKmBYVGyrf7t0SkHhMQ1,344,1,3.052451938856393e-05,0.9991838335990906,0.9997321963310242,0.0002499643014743924,4.078572601429187e-05,0.9999542236328125,0.0005815238109789789,0.015441549010574818,5.3012383432360366e-05,5.191573654883541e-05,0.9998950958251953
spotify:track:7pojjbZAyaEs28gCbV55xT,326,1,2.785596007015556e-05,0.0005575361428782344,0.9999287128448486,0.00021100415324326605,3.829121123999357e-05,0.9999575614929199,0.0005705669173039496,0.008712437935173512,5.444369890028611e-05,5.163541209185496e-05,0.9998939037322998
spotify:track:60BOR51eeN8A3wYIrElggH,207,1,3.211252260371111e-05,0.7765491008758545,0.9312330484390259,0.0002135278919013217,4.2102667066501454e-05,0.9999390840530396,0.0005925343139097095,0.02255064807832241,5.2472569223027676e-05,5.361036164686084e-05,0.9998939037322998
spotify:track:1Ttz2PpMy1uF6qQJ2TpEoh,183,1,4.52427557320334e-05,0.0004904897068627179,0.0002595796249806881,0.00020293200213927776,4.6276360080810264e-05,0.0038720497395843267,0.0006133888382464647,0.7313022017478943,6.80776865920052e-05,4.5385080738924444e-05,0.9998865127563477
spotify:track:6Gt2PGz5zL9HnnJo3UvDV4,161,1,2.9614708182634786e-05,0.9995614886283875,0.00017497275257483125,0.00028876058058813214,4.3224623368587345e-05,0.999832034111023,0.0005333511508069932,0.9320091605186462,5.04827439726796e-05,5.3447634854819626e-05,0.9998960494995117
spotify:track:4ra4WsUIRDxIQ6p0l5t276,127,1,3.0088689527474344e-05,0.9993957281112671,0.0027856340166181326,0.00030559065635316074,4.193020868115127e-05,0.9998061060905457,0.0005606567719951272,0.11536579579114914,6.0567675973288715e-05,4.544740295386873e-05,0.9998940229415894
spotify:track:6oTChqDVAXNxJrg57siTxB,222,1,3.003381789312698e-05,0.9996659755706787,0.9889318943023682,0.00034850407973863184,4.053685916005634e-05,0.9999042749404907,0.0005455620703287423,0.06889863312244415,5.612791937892325e-05,4.792878826265223e-05,0.9998959302902222
spotify:track:7362lWsAM9fv1ZF3tjNG1K,192,1,2.8450573154259473e-05,0.9963153004646301,0.0005572678637690842,0.00023810543643776327,3.909283259417862e-05,0.9793456792831421,0.00056175870122388,0.5850003361701965,5.3189061873126775e-05,4.9907586799236014e-05,0.9998968839645386
spotify:track:1946N277M0tygagJZxCP1f,328,1,3.8077065255492926e-05,0.00033180363243445754,0.0001540883822599426,0.0002522826544009149,4.3030744564021006e-05,0.9997450709342957,0.0006196792237460613,0.30838462710380554,5.298702308209613e-05,5.7390025176573545e-05,0.999889612197876
spotify:track:5xzBjwCJLdIKtIXQZ06RXj,669,2,3.2749529054854065e-05,0.558021068572998,0.5519135594367981,0.00036368833389133215,4.3968648242298514e-05,0.9999474287033081,0.0005801978404633701,0.9754430055618286,5.239089659880847e-05,7.421354530379176e-05,0.9998733997344971
spotify:track:2KBtuxA73fMKyj37wr1XKM,401,1,3.168325201841071e-05,0.0008011635509319603,0.9998007416725159,0.00030302771483547986,4.1136183426715434e-05,0.999955415725708,0.0005885119899176061,0.049703989177942276,5.845525811309926e-05,4.9481528549222276e-05,0.999891996383667
spotify:track:3KFaiPnUVpvwrcIjbMFKBW,122,1,3.241728700231761e-05,0.9996463060379028,0.9992213249206543,0.00036486127646639943,7.02338365954347e-05,0.9999516010284424,0.00047573455958627164,0.9981793165206909,5.111073551233858e-05,5.0419017497915775e-05,0.9998984336853027
spotify:track:40i7ilG9ltStXi09E5m32E,179,1,2.863081135728862e-05,0.6830834746360779,0.998976469039917,0.00019593066826928407,3.846120307571255e-05,0.9999570846557617,0.0005383784882724285,0.04224028438329697,5.4896099754842e-05,4.721061122836545e-05,0.999897837638855
spotify:track:6hQh8TDewz3fGZgSHAnb6J,294,1,2.9199994969530962e-05,0.0020028192084282637,0.9998045563697815,0.00022913106658961624,3.966278745792806e-05,0.9999551773071289,0.0005904740537516773,0.021140599623322487,5.549890556721948e-05,5.0917151384055614e-05,0.9998935461044312
spotify:track:3Au0H4VhjcXZ5HGOHo8Nc3,229,1,3.861891309497878e-05,0.0013404283672571182,0.9999309778213501,0.000317621132126078,4.049721610499546e-05,0.999958872795105,0.0005725010996684432,0.027629418298602104,6.305887654889375e-05,4.3421026930445805e-05,0.9998935461044312
spotify:track:3cXhJh34pRLkZegiL5cfy9,202,1,3.03603464999469e-05,0.9993128776550293,0.9998064637184143,0.00032477814238518476,4.082043597009033e-05,0.9999450445175171,0.0005803051753900945,0.22885096073150635,5.5344062275253236e-05,4.973515751771629e-05,0.9998948574066162
spotify:track:06RR5ewHedBUC9GRgWLwkK,292,1,3.525204738252796e-05,0.00029346655355766416,0.9998615980148315,0.00023228184727486223,4.105733023607172e-05,0.9999575614929199,0.0005593426758423448,0.039354633539915085,5.5523607443319634e-05,4.93448787892703e-05,0.9998950958251953
spotify:track:354YT2zYO1GpAmf10xXiZf,208,1,3.274608025094494e-05,0.0007289606146514416,0.032719098031520844,0.00022720925335306674,4.050640927744098e-05,0.9999024868011475,0.0005567340413108468,0.9731989502906799,5.5693664762657136e-05,4.6688492147950456e-05,0.9998975992202759
spotify:track:3pvBB4oPXTaHV403msHYF0,153,1,2.867121838789899e-05,0.9994916915893555,0.9996894598007202,0.00032771957921795547,3.921627649106085e-05,0.9999562501907349,0.0005359087372198701,0.07565021514892578,4.9632399168331176e-05,5.616358612314798e-05,0.9998941421508789
spotify:track:0tewqHTtZMfb7sPsqTyRVc,233,1,4.014423393527977e-05,0.9674879312515259,0.00013557946658693254,0.00020244016195647418,4.203077332931571e-05,0.000105774772237055,0.000575357349589467,0.9842658042907715,5.196291022002697e-05,5.73846155020874e-05,0.9998906850814819
spotify:track:4RyMByXc5HfKc3b8wqwOso,112,1,3.006018050655257e-05,0.9995929598808289,8.803428499959409e-05,0.00020758261962328106,6.102927727624774e-05,6.817706162109971e-05,0.0005174018442630768,0.9906473755836487,4.9600726924836636e-05,5.951048296992667e-05,0.999890923500061
spotify:track:5RnhWaP5VD3eJN3J0chPmh,495,1,4.0399125282419845e-05,0.0016279133269563317,0.9977954626083374,0.00028091875719837844,4.8278976464644074e-05,0.999955415725708,0.0006129660760052502,0.11472928524017334,6.042003951733932e-05,5.1345596148166806e-05,0.9998881816864014
spotify:track:0FEmTSrI0M8nImeYOrCaPi,356,1,4.7242978325812146e-05,0.0005063156131654978,0.0019875336438417435,0.00023386007524095476,4.1968454752350226e-05,0.9999053478240967,0.0006139386678114533,0.9100756645202637,5.599132782663219e-05,5.3717543778475374e-05,0.9998903274536133
spotify:track:5R2KoD3IlLRvCPHVhwdaEe,188,1,2.9232762244646437e-05,0.9990309476852417,0.9997783303260803,0.00024390144972130656,3.899628427461721e-05,0.9999603033065796,0.0005145480390638113,0.01010183896869421,5.519176193047315e-05,4.856583473156206e-05,0.9998962879180908
spotify:track:7fcFn0EdQleBdarD7yLp95,227,1,3.0198874810594134e-05,0.8556744456291199,0.9997069239616394,0.0002445382997393608,3.990217737737112e-05,0.9999549388885498,0.0005697120795957744,0.044100988656282425,5.727871030103415e-05,4.730942964670248e-05,0.999895453453064
spotify:track:0f9vK5r3z8jgTX2PK4ZxPF,94,1,3.334625216666609e-05,0.9982814788818359,0.00016318593407049775,0.00021485556499101222,4.917736805509776e-05,0.00040966508095152676,0.0005467046285048127,0.3156401515007019,4.9263686378253624e-05,8.774985326454043e-05,0.9998629093170166
spotify:track:16HcSqHWoJn7Be4T2MOCZ4,153,1,2.867121838789899e-05,0.9994916915893555,0.9996894598007202,0.00032771957921795547,3.921627649106085e-05,0.9999562501907349,0.0005359087372198701,0.07565021514892578,4.9632399168331176e-05,5.616358612314798e-05,0.9998941421508789
spotify:track:1QP8gp1xtid9iE9L7SzB8e,130,1,6.741117249475792e-05,0.7834869027137756,0.0014035037020221353,0.0003134170838166028,8.18227490526624e-05,0.0005244144122116268,0.000566639646422118,0.295125812292099,0.00010855677101062611,8.755477028898895e-05,0.9998039603233337
spotify:track:0ckd54NpB6QU3NIBdbkddf,229,1,2.9825745514244772e-05,0.5593644380569458,0.9997304081916809,0.00022804613399785012,3.98983720515389e-05,0.999947190284729,0.0005695400177501142,0.0864945650100708,5.292671630741097e-05,4.8990401410264894e-05,0.9998980760574341
spotify:track:5e1XuRHOjrgVhy6zrZWOCu,284,1,3.5985758586321026e-05,0.0002569831849541515,0.9992237091064453,0.00021138208103366196,3.977524829679169e-05,0.999954342842102,0.0005895374342799187,0.5524619817733765,5.7620716688688844e-05,4.8461068217875436e-05,0.9998939037322998
spotify:track:0x9UM4GuxnMJUjyuipowmo,210,1,3.6570141674019396e-05,0.974522054195404,0.7781795859336853,0.0002909783215727657,4.2705301893875e-05,0.999893069267273,0.0005656486027874053,0.5180779695510864,5.2360741392476484e-05,4.898472616332583e-05,0.9998986721038818
spotify:track:2LdUmQdymO99riYOVCrUPK,223,1,2.8472803023760207e-05,0.004905154462903738,0.9999295473098755,0.00022959208581596613,3.944597119698301e-05,0.9999582767486572,0.0005593965179286897,0.006257095839828253,5.600567237706855e-05,4.828916280530393e-05,0.9998956918716431
spotify:track:4KO1zi2sp4jU3V6M23cbLr,115,1,2.9119713872205466e-05,0.9997082352638245,0.9998396635055542,0.04375164210796356,3.838781049125828e-05,0.9999516010284424,0.0005130969802848995,0.06987437605857849,5.485521978698671e-05,4.547214848571457e-05,0.9998996257781982
spotify:track:0auLq7aePfiNwd1YZNlC4S,239,1,3.342431955388747e-05,0.9920035004615784,0.0003663320676423609,0.0002408496948191896,4.2526120523689315e-05,0.9996925592422485,0.0005540440906770527,0.4897151291370392,5.2857434639008716e-05,5.434855484054424e-05,0.9998928308486938
spotify:track:3Y4G4E7EVomTWTFSFS0Sn5,298,1,3.330897379782982e-05,0.001123113906942308,0.9981532692909241,0.00021843377908226103,4.042891669087112e-05,0.999957799911499,0.0005654410924762487,0.19928009808063507,5.438483276520856e-05,5.0193430070066825e-05,0.999895453453064
spotify:track:3mCCFs2hdDM2mObzARzxOg,546,2,3.5830198612529784e-05,0.00032612457289360464,0.8826151490211487,0.0002586589253041893,4.2030551412608474e-05,0.9996085166931152,0.0005741232889704406,0.46852776408195496,6.255913467612118e-05,5.172691817278974e-05,0.9998857378959656
spotify:track:5bmDwWuujqU0Of3fdwMzFJ,179,1,2.863081135728862e-05,0.6830834746360779,0.998976469039917,0.00019593066826928407,3.846120307571255e-05,0.9999570846557617,0.0005383784882724285,0.04224028438329697,5.4896099754842e-05,4.721061122836545e-05,0.999897837638855
spotify:track:05iw1Zb7Lp5DNUSvDhBRk6,181,1,3.2307973015122116e-05,0.010638449341058731,0.9999121427536011,0.00046771022607572377,3.995056977146305e-05,0.9999589920043945,0.0005712176789529622,0.014703198336064816,5.903761484660208e-05,4.45180521637667e-05,0.9998964071273804
spotify:track:3zhFqDzJZfnc8L5QkGWWG6,225,1,3.769046816159971e-05,0.0022971949074417353,0.0013639797689393163,0.00025024922797456384,4.693765367846936e-05,0.008731212466955185,0.0005459848907776177,0.20160646736621857,5.311092172632925e-05,5.537661490961909e-05,0.9998915195465088
spotify:track:5zdau2dtmOUHF3CJ3odKfb,117,1,3.946839933632873e-05,0.9996165037155151,0.00011057447409257293,0.0005941270501352847,5.9534493630053475e-05,0.00015768535376992077,0.0004897532635368407,0.9970845580101013,4.9471083912067115e-05,5.5975491704884917e-05,0.9998944997787476
spotify:track:0cnXDZGevuZ5kj2nbVzPyu,73,1,4.169431849732064e-05,0.9996015429496765,0.00014709573588334024,0.9489688873291016,5.639651863020845e-05,0.00045717493048869073,0.0005124956951476634,0.9948071837425232,5.278901517158374e-05,5.065126606496051e-05,0.9998965263366699
spotify:track:2v8ZRDPqR7s7KDt1QQ57hx,420,1,3.0388937375391833e-05,0.0002860939421225339,0.8807119727134705,0.00023379718186333776,4.0106351661961526e-05,0.9999494552612305,0.0006013193633407354,0.36373597383499146,5.8366953453514725e-05,5.174078614800237e-05,0.9998898506164551
spotify:track:1dkljZlzg37FoGtUJ1EsxQ,255,1,3.13736563839484e-05,0.0132589815184474,0.0004803244664799422,0.00020102562848478556,4.028958937851712e-05,0.9999520778656006,0.0005884486599825323,0.040867917239665985,5.3249768825480714e-05,5.3511845180764794e-05,0.9998931884765625
spotify:track:1qavga0IqdclZ5l21FC821,111,1,0.00013293694064486772,0.9987319111824036,9.630772547097877e-05,0.00020707045041490346,0.9971976280212402,8.109196642180905e-05,0.0005006602732464671,0.9970865845680237,5.1834096666425467e-05,0.00012956616410519928,0.9998186230659485
spotify:track:0n2BeC9E0M7fC2jbKBYetu,142,1,3.216545155737549e-05,0.9996764659881592,0.0005106551689095795,0.0005480956169776618,4.331210220698267e-05,0.9997051358222961,0.0005114421364851296,0.8947226405143738,4.796491703018546e-05,5.6983819376910105e-05,0.9998950958251953
spotify:track:3TtZlTHR3gT0WYzFTEoPsV,225,1,3.0750601581530645e-05,0.9994555115699768,0.9975946545600891,0.0003519958700053394,4.099582656635903e-05,0.9997528195381165,0.0005385571857914329,0.18588054180145264,5.598419375019148e-05,4.851237463299185e-05,0.999895453453064
spotify:track:3MU69FMOB5ddPCMSo1f0g7,168,1,3.240894147893414e-05,0.9997255206108093,0.999931812286377,0.8826085925102234,4.216441811877303e-05,0.9999619722366333,0.0005489481845870614,0.9812067151069641,5.704211798729375e-05,4.3819374695885926e-05,0.99989914894104
spotify:track:1k91FYQpWr3WNuRfT3hI9N,227,1,3.3787615393521264e-05,0.0009433823870494962,0.18496792018413544,0.00031271358602680266,4.049736890010536e-05,0.9999353885650635,0.0005572243244387209,0.8227183222770691,5.488581155077554e-05,4.874825390288606e-05,0.9998964071273804
spotify:track:14uCYjc3tEJmK61fWQl3KK,133,1,3.466686393949203e-05,0.9962397813796997,0.9997404217720032,0.00021445033780764788,4.082444138475694e-05,0.9999477863311768,0.0004985399427823722,0.1591377556324005,5.348911872715689e-05,5.2695668273372576e-05,0.9998937845230103
spotify:track:2M8hzSzwsIlsCTAhuAQGSf,178,1,2.8237360311322846e-05,0.9990209341049194,0.9999315738677979,0.0002803248062264174,3.805760570685379e-05,0.9999622106552124,0.0005280705518089235,0.004213086795061827,5.71610034967307e-05,4.548571087070741e-05,0.9998973608016968
spotify:track:7hBNxod1lDW2HKu9wlBUp5,342,1,3.0477833206532523e-05,0.999067485332489,0.9998973608016968,0.0002892107586376369,3.9950264181243256e-05,0.9999574422836304,0.0005714491126127541,0.010487300343811512,5.831987436977215e-05,4.911836003884673e-05,0.9998925924301147
spotify:track:3Q6d64XJr20cHQtRd07YGj,191,1,3.369767000549473e-05,0.9996126294136047,0.8810833692550659,0.0002611141244415194,4.4248859921935946e-05,0.9977005124092102,0.0005579431308433414,0.9771040081977844,5.4091298807179555e-05,5.31909208802972e-05,0.9998927116394043
spotify:track:6uCZdJ3p3hrfi6mRKVtt7k,255,1,2.851788667612709e-05,0.04080883413553238,0.0007229045149870217,0.00021647346147801727,3.892524182447232e-05,0.9999339580535889,0.0005563555168919265,0.4362284243106842,5.265920117381029e-05,5.7232973631471395e-05,0.9998900890350342
spotify:track:1O0VUtEP7oVZKAXOMl0QLY,271,1,3.086176729993895e-05,0.9988725781440735,0.9968274235725403,0.00024373081396333873,4.1065242839977145e-05,0.9999504089355469,0.000586498121265322,0.03338807821273804,5.256899748928845e-05,5.2368246542755514e-05,0.9998950958251953
spotify:track:2WDgnb44mEO7gWUtECuNLJ,401,1,3.471073432592675e-05,0.00027888131444342434,0.9998878240585327,0.0002045954461209476,4.329607691033743e-05,0.9999568462371826,0.0006014428799971938,0.004162404220551252,5.892064655199647e-05,5.372921805246733e-05,0.9998873472213745
spotify:track:05KQMm1vL6MnJkgobUtwft,337,1,3.114798528258689e-05,0.9929936528205872,0.9999319314956665,0.00023139809491112828,4.0924503991845995e-05,0.9999576807022095,0.0006061412859708071,0.017379360273480415,5.789026545244269e-05,4.845028888667002e-05,0.9998936653137207
spotify:track:77k6W05ZwUQ8cp0CeK0iN6,129,1,4.439468466443941e-05,0.9833859801292419,0.938450276851654,0.00046316682710312307,4.89041194668971e-05,0.999880313873291,0.0005046475562267005,0.19708427786827087,6.511191895697266e-05,4.1233539377572015e-05,0.9998936653137207
spotify:track:3veP41hqImUDYUhBbnZG90,167,1,3.640368231572211e-05,0.9757487773895264,0.0003285382117610425,0.00039430076139979064,4.747031562146731e-05,0.0010240058181807399,0.0005597891286015511,0.7186885476112366,5.463403795147315e-05,5.283267091726884e-05,0.9998924732208252
spotify:track:5dA83d8LVoTXIX035X2LqW,861,3,3.369437763467431e-05,0.999406099319458,0.9998800754547119,0.3263953626155853,4.3963642383459955e-05,0.9999611377716064,0.000593331700656563,0.022016607224941254,5.57642342755571e-05,5.028282248531468e-05,0.9998940229415894
spotify:track:0ksRRdaUbYkXgvDOwWCHLp,144,1,4.0829461795510724e-05,0.9904138445854187,0.006434583570808172,0.0003267829888500273,6.198284245328978e-05,0.0006238314672373235,0.0005562290316447616,0.1566273272037506,7.942451338749379e-05,0.000110388602479361,0.9998101592063904
spotify:track:4JmmjsGmOED0sn0Le3r84u,470,1,3.5829645639751107e-05,0.0002736880269367248,0.9556794166564941,0.00023343946668319404,4.345035267760977e-05,0.999954104423523,0.0006095971330069005,0.11715251207351685,5.804703323519789e-05,5.4217664001043886e-05,0.9998877048492432
spotify:track:6OfuBrC66OMwMJSyTQDVkw,229,1,3.51847120327875e-05,0.9996179342269897,0.0009435059619136155,0.0003967162629123777,4.63694341306109e-05,0.9997820258140564,0.0005574596580117941,0.917293131351471,5.379833601182327e-05,5.497463280335069e-05,0.9998911619186401
spotify:track:1I2O2LqFIUSndJW0NSUdfq,278,1,3.2727599318604916e-05,0.0003195099125150591,0.9976466298103333,0.00020854893955402076,4.0387065382674336e-05,0.9999556541442871,0.000605860841460526,0.013161243870854378,5.8235658798366785e-05,4.743867611978203e-05,0.9998942613601685
spotify:track:6kbhnbcZeYz8RvsFlLkhNH,128,1,3.0605959182139486e-05,0.9996720552444458,0.0014549250481650233,0.03266463056206703,4.370468377601355e-05,0.9500755071640015,0.0004954194882884622,0.8652079105377197,5.4853571782587096e-05,4.602569606504403e-05,0.99989914894104
spotify:track:42jtELiUhOQ9hiWjPyV0ih,242,1,4.0030234231380746e-05,0.0004046051180921495,0.99988853931427,0.00021677707263734192,4.248826007824391e-05,0.9999512434005737,0.0005764164379797876,0.02400258369743824,5.674333806382492e-05,5.047742524766363e-05,0.9998927116394043
spotify:track:6ClLC1FYoL8orfOrcknQkk,203,1,3.037766509805806e-05,0.8605246543884277,0.9999024868011475,0.0003765156143344939,4.131178866373375e-05,0.9999428987503052,0.0005775842582806945,0.060478951781988144,5.4129188356455415e-05,4.814978819922544e-05,0.9998977184295654
spotify:track:5oi46p5BbFdvgI0bAeu1rX,138,1,7.44285061955452e-05,0.9995366334915161,8.490491018164903e-05,0.00031542847864329815,5.851086098118685e-05,7.672688661841676e-05,0.00048284122021868825,0.9727082848548889,5.247038643574342e-05,6.843435403425246e-05,0.9998791217803955
spotify:track:51XDPGyuq8EgHSXwKCn8CQ,212,1,3.308451778138988e-05,0.0013762428425252438,0.9999241828918457,0.00029406475368887186,3.984749855590053e-05,0.99996018409729,0.0005906487931497395,0.011445298790931702,5.817629426019266e-05,4.611455005942844e-05,0.9998956918716431
spotify:track:4cZd8TSEowGRcDsmCvJEjU,272,1,3.271867535659112e-05,0.9978654980659485,0.01071089319884777,0.00022714468650519848,4.257359614712186e-05,0.9998793601989746,0.0005724959191866219,0.24658843874931335,5.2937280997866765e-05,5.2518855227390304e-05,0.9998944997787476
spotify:track:6SsIHyxHGkKaN9MET0k11l,114,1,3.195537647115998e-05,0.9979713559150696,0.0005726355593651533,0.0028043731581419706,4.659527985495515e-05,0.9995571970939636,0.0005179311265237629,0.9904171228408813,5.1339855417609215e-05,5.386562770581804e-05,0.9998947381973267
spotify:track:2FMwWEcq2uWnc6ILvodlta,182,1,3.446171467658132e-05,0.0008725525112822652,0.000153247601701878,0.00021361383551266044,4.176029688096605e-05,0.21825003623962402,0.0005554002127610147,0.4213649034500122,5.23238159075845e-05,5.1668230298673734e-05,0.9998960494995117
spotify:track:77oczEZHFyfbx5GFlIrfNk,636,2,3.4165648685302585e-05,0.00037450360832735896,0.9997930526733398,0.00022224320855457336,4.068161069881171e-05,0.9999505877494812,0.0006117754383012652,0.12822455167770386,5.7139517593896016e-05,5.323707955540158e-05,0.999889612197876
spotify:track:2pvlbipBAnMXwFkuRwLJpo,386,1,3.139807813568041e-05,0.9996341466903687,0.9999260902404785,0.0002842180838342756,4.0511931729270145e-05,0.9999566078186035,0.0005820999504067004,0.09460291266441345,5.385927943279967e-05,5.296356903272681e-05,0.9998931884765625
spotify:track:6uWUsqSzbYxGhRJHNI7xPE,135,1,3.337953603477217e-05,0.0006468388601206243,0.003657152410596609,0.00019128569692838937,4.0135735616786405e-05,0.9999006986618042,0.0005261520273052156,0.02244127355515957,5.3241212299326435e-05,4.9228245188714936e-05,0.9998974800109863
spotify:track:3q7lIfOj1j5HyVFlVr0vFj,358,1,3.178587576257996e-05,0.0003675461048260331,0.9996007084846497,0.00029634335078299046,4.0550621633883566e-05,0.9999551773071289,0.0006024275789968669,0.07647760957479477,5.6458080507582054e-05,5.235146090853959e-05,0.9998911619186401
spotify:track:1A9o64PUc3sAJO6LceFK1K,261,1,4.282152440282516e-05,0.0004345074703451246,0.9996448755264282,0.00021126119827385992,4.200769399176352e-05,0.9999403953552246,0.0005960720009170473,0.38803744316101074,5.775487079517916e-05,4.970483496435918e-05,0.9998924732208252
spotify:track:2bzhJBao5xywL3jlXu2S8O,159,1,3.0298539059003815e-05,0.9996963739395142,0.0035046739503741264,0.00030767120188102126,4.185175203019753e-05,0.9999414682388306,0.0004898408078588545,0.9145334959030151,5.255491123534739e-05,4.9462101742392406e-05,0.9998979568481445
spotify:track:2dNqsY3YrTLDOivziWYF3p,184,1,3.1981900974642485e-05,0.9995260238647461,0.9615998864173889,0.0003070198290515691,4.265177994966507e-05,0.9994195699691772,0.0005608655046671629,0.4638698697090149,5.436619176180102e-05,4.875687591265887e-05,0.9998968839645386
spotify:track:1pizAMAnDm5kDUSBKY3SPk,313,1,2.928728463302832e-05,0.9966674447059631,0.9999289512634277,0.0002892474294640124,3.9798655052436516e-05,0.9999581575393677,0.0005646214704029262,0.0061492519453167915,5.751371645601466e-05,4.757716305903159e-05,0.9998948574066162
spotify:track:2mu7icHpteUJ5ZFcTE99Xw,401,1,5.794277603854425e-05,0.0002564972674008459,0.960419774055481,0.00021326259593479335,4.2174353438895196e-05,0.9999481439590454,0.0006079278537072241,0.5543949604034424,5.8559755416354164e-05,5.163608875591308e-05,0.9998898506164551
spotify:track:4E5fqKktoOAT3shxlolPBm,321,1,2.9972847187309526e-05,0.0006451780209317803,0.9999196529388428,0.00021705504332203418,3.8430371205322444e-05,0.9999563694000244,0.000568676448892802,0.00955847930163145,5.736641469411552e-05,4.8772631998872384e-05,0.9998939037322998
spotify:track:5X7EZzrGDp4YgzdFW3ZdZU,186,1,2.7915422833757475e-05,0.999494194984436,0.0009542860207147896,0.00021394036593846977,3.756064688786864e-05,0.9999426603317261,0.0005399886867962778,0.013416673988103867,5.134812090545893e-05,5.3226940508466214e-05,0.999895453453064
spotify:track:665X7UybqiY9dIKXSRozuH,211,1,3.181189458700828e-05,0.5316072106361389,0.29837673902511597,0.00020903072436340153,4.356669887783937e-05,0.9999376535415649,0.0005690752295777202,0.5716513395309448,5.420611341833137e-05,5.178987703402527e-05,0.9998940229415894
spotify:track:3d1AKnEKf2LBXn7wQUH21B,236,1,2.9630184144480154e-05,0.08865044265985489,0.9998588562011719,0.0002135403046850115,3.867626219289377e-05,0.9999572038650513,0.0005576839321292937,0.04979618638753891,5.537397009902634e-05,4.829149474971928e-05,0.9998962879180908
spotify:track:1GODZl0cB9rbCT9MMlE2Xp,345,1,2.91101896436885e-05,0.9971821308135986,0.9998936653137207,0.00026441956288181245,3.9387785363942385e-05,0.9999549388885498,0.00059060740750283,0.061879973858594894,5.517163663171232e-05,5.094849620945752e-05,0.9998939037322998
spotify:track:7q40jR7vLHky0IKFTJWJ4K,208,1,3.1701387342764065e-05,0.9193295240402222,0.4023154377937317,0.00029908178839832544,4.2229770770063624e-05,0.9998689889907837,0.0005423615220934153,0.0174318328499794,6.128630775492638e-05,4.651935159927234e-05,0.9998922348022461
spotify:track:3uidHx3If1PWAOCMcCdkNH,347,1,3.32132403855212e-05,0.0003161926579196006,0.9997561573982239,0.00025144414394162595,4.029074261779897e-05,0.9999572038650513,0.0005589594948105514,0.051218897104263306,6.144274084363133e-05,4.6254543121904135e-05,0.9998922348022461
spotify:track:2vR9gmLutur2qzskoEcYna,134,1,2.881976979551837e-05,0.9997013211250305,0.9990142583847046,0.028295626863837242,3.899609873769805e-05,0.9999592304229736,0.0005064948927611113,0.3449539542198181,5.60369408049155e-05,4.5156863052397966e-05,0.9998987913131714
spotify:track:4BnqGasQmJZsFDsrTymuth,164,1,2.9094593628542498e-05,0.9995556473731995,0.9998239874839783,0.00035335219581611454,3.9673304854659364e-05,0.9999557733535767,0.0005342965596355498,0.018088631331920624,5.419885565061122e-05,4.829841782338917e-05,0.9998974800109863
spotify:track:6VYbnnpUYShqFn22MERtmP,255,1,3.4242879337398335e-05,0.9880762100219727,0.00023027608403936028,0.0002335538883926347,4.25540711148642e-05,0.024674061685800552,0.0005701822228729725,0.10376409441232681,5.257736484054476e-05,5.628475992125459e-05,0.9998911619186401
spotify:track:0BIn5KNnPdnDZrLJ2qLXnp,177,1,2.870038224500604e-05,0.7450870871543884,0.9999072551727295,0.00020370646961964667,3.9448266761610284e-05,0.999950647354126,0.0005391370505094528,0.8267030715942383,5.683496056008153e-05,4.781106690643355e-05,0.9998953342437744
spotify:track:1wvwnZRwqofa1YDTNyOm07,140,1,4.889297269983217e-05,0.9995347261428833,0.16387984156608582,0.00029915510094724596,6.256970664253458e-05,0.9979986548423767,0.0005360564100556076,0.9880118370056152,5.246184446150437e-05,5.008646985515952e-05,0.9998974800109863
spotify:track:7iepAdmAykL8gh7dYMzpsM,260,1,3.033930443052668e-05,0.000655700103379786,0.9998465776443481,0.00021008930343668908,3.8541798858204857e-05,0.9999591112136841,0.0005747574614360929,0.02710508368909359,5.371813313104212e-05,5.067619713372551e-05,0.9998955726623535
spotify:track:6NUzJGlQORUv6NjUwcefr8,118,1,3.253243266954087e-05,0.9997091889381409,0.7602571249008179,0.0015121374744921923,4.122281461604871e-05,0.9990400671958923,0.0004981214297004044,0.9217900037765503,5.559592682402581e-05,4.7464414819842204e-05,0.9998968839645386
spotify:track:4UXS0LHX5tZFOBzmbmXGQm,84,1,3.109094177489169e-05,0.9996426105499268,0.9843627214431763,0.00032115442445501685,4.493965025176294e-05,0.9999399185180664,0.00063213991234079,0.9425565600395203,5.335037349141203e-05,4.66767160105519e-05,0.9998999834060669
spotify:track:4mRreSUqP7waa2jT5ul41T,369,1,3.69232329830993e-05,0.9349794983863831,0.9999070167541504,0.00048826419515535235,4.143520345678553e-05,0.9999556541442871,0.0005484034190885723,0.03164468705654144,6.022904926794581e-05,4.6608696720795706e-05,0.9998931884765625
spotify:track:6W6ssWo1mqA9bLTo47Alsz,309,1,3.1463452614843845e-05,0.00034663855331018567,0.9865982532501221,0.00022543803788721561,4.190482650301419e-05,0.9999529123306274,0.0005878889351151884,0.04532059282064438,5.428197982837446e-05,5.404442345025018e-05,0.9998916387557983
spotify:track:3yqs30JY1zriDdlN2di2gI,137,1,2.8711223421851173e-05,0.9995388984680176,0.0006465883343480527,0.0004844679497182369,4.005028313258663e-05,0.9999535083770752,0.000521703390404582,0.2655157744884491,5.075511944596656e-05,5.2043098548892885e-05,0.9998972415924072
spotify:track:7rU2eldvcR7Iwu07Z9A8w3,267,1,3.2177540560951456e-05,0.9992719292640686,0.00041681560105644166,0.0003343088610563427,4.3245236156508327e-05,0.014923857524991035,0.0005820379010401666,0.4905056059360504,5.353012238629162e-05,5.4131840443005785e-05,0.9998923540115356
spotify:track:19kELxwM679QVY5NW7PWBp,246,1,3.3952019293792546e-05,0.05084380507469177,0.9998685121536255,0.00022216816432774067,4.1451450670138e-05,0.9999566078186035,0.0005457973456941545,0.42530113458633423,5.389887883211486e-05,5.031839828006923e-05,0.9998958110809326
spotify:track:5K3fJmFEJZltzsH89Ggvn9,210,1,3.140907210763544e-05,0.9995183944702148,0.9952402114868164,0.000690811313688755,4.1414707084186375e-05,0.9999555349349976,0.0005393418250605464,0.873067319393158,5.290287299430929e-05,4.952982271788642e-05,0.9998975992202759
spotify:track:4bm2aZg3iiqMjO3MIiyhAo,172,1,3.517961158649996e-05,0.9774324893951416,0.0001225567248184234,0.0002582941378932446,4.583837289828807e-05,0.00042231741826981306,0.0005567629123106599,0.8734539151191711,5.199033330427483e-05,5.7129298511426896e-05,0.999890923500061
spotify:track:0qH6stYoiSWErrzIvkiN1W,101,1,3.9050202758517116e-05,0.9996702671051025,0.9997279047966003,0.0010390288662165403,4.2026083974633366e-05,0.0012691637966781855,0.0004962527891620994,0.9251917600631714,5.272139242151752e-05,4.899952182313427e-05,0.9998983144760132
spotify:track:3piVfvEpcO5TXO1qn55NtX,203,1,2.980425051646307e-05,0.998408854007721,0.9999178647994995,0.0007340494194068015,3.942882176488638e-05,0.9999566078186035,0.0005454843631014228,0.008432663045823574,5.533777584787458e-05,4.804208219866268e-05,0.9998966455459595
spotify:track:5FQCwtsC3YanKJzpfkvnDt,152,1,4.116660056752153e-05,0.7460977435112,0.0001382919290335849,0.00020662783936131746,0.2967081367969513,9.922007302520797e-05,0.0005416449275799096,0.995005190372467,5.6007891544140875e-05,0.00021936385019216686,0.9997245669364929
spotify:track:2tFX3wqEPyya8k2bS8pHqW,195,1,2.840576235030312e-05,0.9986506104469299,0.9999278783798218,0.0007125186966732144,3.8505313568748534e-05,0.9999611377716064,0.0005203196196816862,0.00219735037535429,5.3396597650134936e-05,4.8395184421679005e-05,0.9998981952667236
spotify:track:77KWLGuKJTk5OtE0mmQ7KT,263,1,3.456420745351352e-05,0.9960151314735413,0.0006200835923664272,0.00031581605435349047,4.39690520579461e-05,0.9999297857284546,0.0005831514718011022,0.5293567180633545,5.37604937562719e-05,5.204115223023109e-05,0.9998941421508789
spotify:track:4xNo1LgWSCyjgK4OsUnLWg,284,1,3.0118744689389132e-05,0.0005846783169545233,0.9995760321617126,0.00022204936249181628,4.06033250328619e-05,0.9999563694000244,0.000583754270337522,0.11969684064388275,5.57089333597105e-05,4.901876673102379e-05,0.9998952150344849
spotify:track:5h1iCN4plP49Tv2uFHYfxF,250,1,4.301539956941269e-05,0.0030652377754449844,0.0011107752798125148,0.0002201902971137315,4.3503012420842424e-05,0.004161973483860493,0.0005663515767082572,0.9538082480430603,5.567555854213424e-05,5.339335621101782e-05,0.999890923500061
spotify:track:24h6QuRnJokfyZy997eSH8,276,1,3.098538945778273e-05,0.9988706707954407,0.9972586631774902,0.0002578037965577096,4.1617651731939986e-05,0.9999501705169678,0.0005626889760605991,0.2128816395998001,5.3062743972986937e-05,5.223096741246991e-05,0.9998947381973267
spotify:track:6ubV4TOnHggG27ygsPxjvR,293,1,3.157782703056e-05,0.9996408224105835,0.00277401739731431,0.0003029722720384598,4.1395556763745844e-05,0.9997768998146057,0.0005698111490346491,0.36140549182891846,5.3966046834830195e-05,5.315827002050355e-05,0.9998928308486938
spotify:track:1f6O2TPzZQhW1Ky2iGYb5X,133,1,0.00012229113781359047,0.005671897903084755,0.00010593273327685893,0.00022349115170072764,7.290422945516184e-05,7.558485231129453e-05,0.0005323723889887333,0.9773392081260681,5.606257764156908e-05,0.00014093659410718828,0.9998030066490173
spotify:track:7ehTx8Gyz3zqUijBKxrHhI,207,1,2.791603583318647e-05,0.9989383816719055,0.999915599822998,0.0002230192330898717,3.810760972555727e-05,0.9999550580978394,0.000572304823435843,0.016015376895666122,5.322249489836395e-05,5.101209171698429e-05,0.9998958110809326
spotify:track:5gOFp28Edmv4nk8HIwnQfe,186,1,3.509603993734345e-05,0.9984889030456543,0.9997977614402771,0.0003490328963380307,4.31285188824404e-05,0.9999363422393799,0.0006314486963674426,0.8808831572532654,5.7986417232314125e-05,4.5179644075687975e-05,0.999896764755249
spotify:track:2ya0JtcbcMT35tsDUTuLQx,127,1,3.8960562960710377e-05,0.04856174439191818,0.0019400377059355378,0.00023691068054176867,6.024059257470071e-05,0.0018433962250128388,0.0005188289214856923,0.9340099692344666,5.222803520155139e-05,6.329919415293261e-05,0.9998844861984253
spotify:track:4ZGe1hugAeejCOd7TWGiz0,188,1,2.803761526593007e-05,0.999679684638977,0.9999212026596069,0.002157947514206171,3.899055809597485e-05,0.9999599456787109,0.0005360116483643651,0.5858607292175293,5.527420580619946e-05,4.729720239993185e-05,0.9998973608016968
spotify:track:07Ee2kh7vMtMwZ39G4LbKX,244,1,2.9786604500259273e-05,0.7640841603279114,0.0006242144154384732,0.00024442942230962217,3.992608253611252e-05,0.9999083280563354,0.0005773018929176033,0.233987495303154,5.47948366147466e-05,5.017215517000295e-05,0.9998949766159058
spotify:track:6p6G6vCCnEpzCkl5EyBWMS,129,1,3.3907526812981814e-05,0.9994877576828003,0.5931355357170105,0.000392379064578563,4.045078458148055e-05,0.9999321699142456,0.0004999449593015015,0.38135451078414917,5.4436684877146035e-05,4.7017128963489085e-05,0.9998985528945923
spotify:track:1FyfEuRtAFpuItWcuouxkV,115,1,0.30391332507133484,0.9304225444793701,6.947424844838679e-05,0.00022182907559908926,0.9998564720153809,6.0117665270809084e-05,0.0005507932510226965,0.9974684715270996,0.00013326459156814963,0.9996814727783203,0.0001852586428867653
spotify:track:6gDb8gPgdv49sJJ0VpqEMp,160,1,2.911840783781372e-05,0.0018898643320426345,0.9997909665107727,0.0002107475884258747,3.827091495622881e-05,0.9999475479125977,0.0005598515272140503,0.04404054582118988,5.502743806573562e-05,4.646293382393196e-05,0.9998985528945923
spotify:track:3MB1afOMzspYZUHF5cB0dq,64,1,4.958532372256741e-05,0.9979429841041565,8.41245346236974e-05,0.00025372905656695366,0.9970723390579224,6.55222829664126e-05,0.0005176300765015185,0.99556964635849,5.723978392779827e-05,8.3259328675922e-05,0.9998594522476196
spotify:track:2liUMhNvpAxRNVAGnz8jNJ,284,1,5.3394596761791036e-05,0.0003240228979848325,0.9999029636383057,0.00022648382582701743,4.261031426722184e-05,0.999958872795105,0.0005977633991278708,0.06760900467634201,6.034767284290865e-05,4.5320470235310495e-05,0.9998942613601685
spotify:track:7ea31KGrIuCRvHF31ir6GD,242,1,3.1494524591835216e-05,0.23715922236442566,0.9987404942512512,0.00041209766641259193,4.043346780235879e-05,0.999911904335022,0.0006016202969476581,0.9534444212913513,5.2957781008444726e-05,5.249241803539917e-05,0.9998944997787476
spotify:track:5KeQdbv5GbeCAN6oXCoCnh,138,1,3.7918638554401696e-05,0.9879125952720642,0.1296410858631134,0.00021696359908673912,4.062637162860483e-05,0.00043685315176844597,0.0005047601298429072,0.9873633980751038,5.4610787628917024e-05,4.9442049203207716e-05,0.9998959302902222
spotify:track:0S0lWP18AryHmMcQaHOngD,176,1,3.0443703508353792e-05,0.9994909763336182,0.9998964071273804,0.00023837211483623832,4.095479380339384e-05,0.9999582767486572,0.0005527407629415393,0.01479760929942131,5.5506781791336834e-05,4.826952499570325e-05,0.9998961687088013
spotify:track:0tz3QCsEBQDsXGqden3NEI,118,1,3.253243266954087e-05,0.9997091889381409,0.7602571249008179,0.0015121374744921923,4.122281461604871e-05,0.9990400671958923,0.0004981214297004044,0.9217900037765503,5.559592682402581e-05,4.7464414819842204e-05,0.9998968839645386
spotify:track:6OXv4CrNp3DFRj6Cu1GojJ,232,1,3.0075865652179345e-05,0.1317228227853775,0.9791532754898071,0.00024690895224921405,3.9666909287916496e-05,0.9999489784240723,0.0005845779669471085,0.053367991000413895,5.4168642236618325e-05,4.900453859590925e-05,0.999896764755249
spotify:track:3sehBAUnI9J14iGW2KOEdk,213,1,3.072879189858213e-05,0.9983639121055603,0.9998999834060669,0.00025665503926575184,3.956038199248724e-05,0.9999562501907349,0.0005603132885880768,0.015249510295689106,5.602531382464804e-05,4.861755223828368e-05,0.9998953342437744
spotify:track:3Nkgj2fda76qTOJFXP9h48,229,1,2.8261014449526556e-05,0.9995848536491394,0.999893069267273,0.00034515216248109937,3.87229083571583e-05,0.9999574422836304,0.000515526975505054,0.033311281353235245,5.8627429098123685e-05,4.7596535296179354e-05,0.9998937845230103
spotify:track:1dH0PtefI2rKwTLfXxZSyE,203,1,3.2107716833706945e-05,0.9949765205383301,0.9996104836463928,0.0008365341927856207,4.078988786204718e-05,0.99994957447052,0.0005560379941016436,0.02499925158917904,5.657898509525694e-05,4.7385994548676535e-05,0.9998960494995117
spotify:track:5OQrgklT1x9uOr2ee5hlHB,200,1,2.908871101681143e-05,0.9966206550598145,0.9999275207519531,0.0003924770571757108,3.899803414242342e-05,0.9999585151672363,0.0005577211268246174,0.19777072966098785,5.7767621910898015e-05,4.6461966121569276e-05,0.9998958110809326
spotify:track:24i0QJz5U8OoXWyIPLXWzF,195,1,3.181007559760474e-05,0.9976387023925781,0.9982386827468872,0.0004442653735168278,4.4260217691771686e-05,0.9999357461929321,0.0005869720480404794,0.02126936800777912,5.7902179833035916e-05,4.8551948566455394e-05,0.9998935461044312
spotify:track:0KING5MxpAvRENMUzhkBtc,162,1,3.59869263775181e-05,0.030888086184859276,0.999434769153595,0.00018482826999388635,3.872220986522734e-05,0.9999454021453857,0.0005284808576107025,0.9456824660301208,5.4764896049164236e-05,4.655399970943108e-05,0.9998986721038818
spotify:track:5sUTab2UduAG5tZSjrFsaN,124,1,2.9931428798590787e-05,0.963773250579834,0.22374898195266724,0.0003481386520434171,4.1418261389480904e-05,0.9999485015869141,0.0005040410906076431,0.1283719390630722,5.938620597589761e-05,4.2969713831553236e-05,0.9998975992202759
spotify:track:4WbQaxKI0R0SmWNZvgUDNz,471,1,3.212854062439874e-05,0.0016472340794280171,0.9999117851257324,0.0003480049199424684,4.1629322367953137e-05,0.9999593496322632,0.0005842989776283503,0.1941577047109604,5.7876099162967876e-05,4.902048749499954e-05,0.999893069267273
spotify:track:6YEcDPO0mxYoUOZx5cZleT,126,1,3.142743298667483e-05,0.999691367149353,0.7997722625732422,0.0004880904161836952,6.360644329106435e-05,0.9998569488525391,0.0006876826519146562,0.9971001744270325,5.6316752306884155e-05,4.780498056788929e-05,0.9998958110809326
spotify:track:5fFNw4YX4N8sR1CFzbPTDW,196,1,3.688579090521671e-05,0.0004312701930757612,0.0001433567376807332,0.00020370025595184416,4.173879642621614e-05,0.0025646875146776438,0.0005580263095907867,0.4837803840637207,5.8300680393585935e-05,4.6362707507796586e-05,0.9998953342437744
spotify:track:4wynpm7WtwueimncaeNp6I,183,1,3.554692739271559e-05,0.9990031123161316,0.00036198701127432287,0.0002268510143039748,4.0436090785078704e-05,0.08357244729995728,0.0005239869351498783,0.9745304584503174,5.141911606187932e-05,5.333434819476679e-05,0.9998952150344849
spotify:track:1sWQxzPFWCtOBvqww2YFex,101,1,3.836116593447514e-05,0.9994034767150879,0.00015961106691975147,0.0105884475633502,0.000368862587492913,0.9317273497581482,0.000538947235327214,0.9804578423500061,4.852988422499038e-05,6.424065941246226e-05,0.999887228012085
spotify:track:7n6emXIcaECmkljP1rPlvQ,130,1,3.679489964270033e-05,0.9874885082244873,0.0007112198509275913,0.0002491909544914961,4.583854752127081e-05,0.004876303486526012,0.0004983106628060341,0.9823901653289795,6.336221849778667e-05,4.122759492020123e-05,0.999895453453064
spotify:track:57BFhpG4Iq4Zgnoz2X6zbT,199,1,3.220342114218511e-05,0.0005754503072239459,0.9998717308044434,0.00020247953943908215,4.094948235433549e-05,0.9999548196792603,0.0005696968291886151,0.007786760106682777,5.5116961448220536e-05,4.962213643011637e-05,0.9998952150344849
spotify:track:1UqARS50UENashmHmp7gmQ,109,1,3.2864711101865396e-05,0.999646782875061,0.997837483882904,0.0118502052500844,4.388209345052019e-05,0.9999486207962036,0.0005101283313706517,0.008813049644231796,5.8385252486914396e-05,5.201035310165025e-05,0.999889612197876
spotify:track:10pnfojlZf9nHvKngPHB7k,151,1,3.276169809396379e-05,0.9994837045669556,0.031425841152668,0.0002627568901516497,4.129978333367035e-05,0.9903951287269592,0.0004956464399583638,0.8166860342025757,5.475586294778623e-05,4.847234231419861e-05,0.999896764755249
spotify:track:1FbTqrNXhdbrqyCfwQQ4yb,235,1,2.7848840545630082e-05,0.2587151825428009,0.9994217157363892,0.00022692521451972425,3.8366801163647324e-05,0.999953031539917,0.000549459015019238,0.02202373929321766,5.279931065160781e-05,5.302755380398594e-05,0.9998941421508789
spotify:track:3g0GHCbp0NJsbjNn812PZt,404,1,2.9786348022753373e-05,0.0005305626546032727,0.999143123626709,0.00022959602938499302,3.9987316995393485e-05,0.9999560117721558,0.0006049108924344182,0.013885405845940113,5.394068284658715e-05,5.409745062934235e-05,0.999891996383667
spotify:track:1iqFD52dqVgLGJq74we3RW,272,1,3.1479150493396446e-05,0.9995099306106567,0.12229062616825104,0.001195981283672154,4.022958455607295e-05,0.9997014403343201,0.000530711084138602,0.8926981091499329,5.3292911616154015e-05,5.05710304423701e-05,0.9998961687088013
spotify:track:4N9Rl0PvEgfpRluDotwDL9,636,2,3.4165648685302585e-05,0.00037450360832735896,0.9997930526733398,0.00022224320855457336,4.068161069881171e-05,0.9999505877494812,0.0006117754383012652,0.12822455167770386,5.7139517593896016e-05,5.323707955540158e-05,0.999889612197876
spotify:track:7rdPtMBZmQpSBraOq8ppuI,430,1,3.136240775347687e-05,0.0005388488061726093,0.9999250173568726,0.00022170496231410652,4.1083807445829734e-05,0.9999560117721558,0.0005888229352422059,0.006704958621412516,5.714587678085081e-05,5.1626160711748526e-05,0.9998911619186401
spotify:track:5Cf7f7XD97PYEUWEEb7mcQ,319,1,2.972740912809968e-05,0.45559534430503845,0.9998908042907715,0.0002431389584671706,4.103055835003033e-05,0.9999575614929199,0.0005633841501548886,0.04176989197731018,5.63222638447769e-05,4.818481829715893e-05,0.999895453453064
spotify:track:2LjK33xiNA8BA4U1ndj2bO,177,1,2.9865390388295054e-05,0.9485137462615967,0.999407172203064,0.000317941652610898,4.013979560113512e-05,0.9999533891677856,0.0005592856323346496,0.16033895313739777,5.313147994456813e-05,4.986539715901017e-05,0.9998970031738281
spotify:track:20Fj4u4L2vl0vPn7lAHWKZ,211,1,3.303647099528462e-05,0.9992814660072327,0.9979792237281799,0.00024300314544234425,3.979410030297004e-05,0.9987816214561462,0.0005482620908878744,0.9872986674308777,5.1545066526159644e-05,5.4768799600424245e-05,0.9998936653137207
spotify:track:16NPQQxjcSfhb0UFaUVw5s,187,1,2.9555119908764027e-05,0.006467591505497694,0.9998451471328735,0.00020044378470629454,3.840648423647508e-05,0.9999606609344482,0.0005620364099740982,0.022379418835043907,5.325478196027689e-05,4.8226713261101395e-05,0.9998985528945923
spotify:track:7uLwV2wvLaFKocHlBaCE3v,241,1,3.505603308440186e-05,0.000609801325481385,7.655857916688547e-05,0.00020985006995033473,4.487344267545268e-05,0.0001346115313936025,0.0005671148537658155,0.9279930591583252,5.1656181312864646e-05,9.09311420400627e-05,0.9998574256896973
spotify:track:1VeqBhB0o8LLmSjIVRHlMV,126,1,4.07660445489455e-05,0.998796820640564,0.0012970824027433991,0.00026940516545437276,5.046778096584603e-05,0.0005808125715702772,0.000514441926497966,0.9446060657501221,5.3582571126753464e-05,5.800507278763689e-05,0.9998884201049805
spotify:track:4YboX8Ua3NErCD3ActvWM9,174,1,3.167162140016444e-05,0.0032359170727431774,0.8699325919151306,0.00020025353296659887,4.091837763553485e-05,0.9999443292617798,0.000582172186113894,0.9624160528182983,5.962296199868433e-05,4.563697075354867e-05,0.9998947381973267
spotify:track:7tPq06JPk6t0Kk9ptZ6Cia,185,1,2.926009619841352e-05,0.9996298551559448,0.9997830986976624,0.0011115395464003086,3.919503797078505e-05,0.9999477863311768,0.0005101329297758639,0.9933818578720093,5.4593121603829786e-05,4.777539652423002e-05,0.9998975992202759
spotify:track:0c9Sq3RDqb8sd6N9B8yM4v,198,1,3.521149847074412e-05,0.9924817681312561,0.000947604130487889,0.00030144897755235434,4.3746047595050186e-05,0.9993594288825989,0.0005101913120597601,0.3184608221054077,5.560429781326093e-05,5.242549741524272e-05,0.999891996383667
spotify:track:2gwiDHH38cpSXuMU6Iu53d,192,1,2.7622534616966732e-05,0.004450791981071234,0.9999198913574219,0.0002048685564659536,3.86618085030932e-05,0.9999591112136841,0.0005857961368747056,0.002350272610783577,5.449573291116394e-05,4.715924660558812e-05,0.9998983144760132
spotify:track:4a4rCXdHtT55j6IlpZksW5,130,1,3.8143352867336944e-05,0.0011038886150345206,0.009672586806118488,0.00019926880486309528,4.436572999111377e-05,0.000966017774771899,0.0005085082375444472,0.11065436154603958,7.25339850760065e-05,5.6567958381492645e-05,0.9998708963394165
spotify:track:28tCQKMuSmbrGKgBVwDON0,220,1,3.448449569987133e-05,0.32742762565612793,0.04381001740694046,0.00022109298151917756,4.3262563849566504e-05,0.9890636801719666,0.0005610258667729795,0.15109002590179443,5.485708243213594e-05,4.9648086132947356e-05,0.999895453453064
spotify:track:53zYxeOdw40Ej3BGeuNNov,82,1,3.9228019886650145e-05,0.9972587823867798,0.0005770505522377789,0.0004075620963703841,4.590237222146243e-05,0.9056257009506226,0.0005258459714241326,0.02286827564239502,5.460518877953291e-05,5.761767170042731e-05,0.9998878240585327
spotify:track:5CCxCzPB3HMh595Y1MNIm5,366,1,3.0253784643718973e-05,0.026521092280745506,0.999883770942688,0.00036999944131821394,4.064070890308358e-05,0.9999583959579468,0.0005722459754906595,0.019754959270358086,5.5559143220307305e-05,5.13662671437487e-05,0.999893069267273
spotify:track:5UEER4Qa0x3yp1TViJSTa7,169,1,3.4319771657465026e-05,0.9995055198669434,0.4260843098163605,0.006163375452160835,4.07295192417223e-05,0.9999402761459351,0.0004971431335434318,0.10930979251861572,5.122409129398875e-05,5.132991282152943e-05,0.9998974800109863
spotify:track:4rQOpu34WFMZFGaoHcO8d0,194,1,4.3659361836034805e-05,0.9992781281471252,0.0005048881284892559,0.0003095327119808644,7.515161269111559e-05,0.00016998387582134455,0.0005489552277140319,0.8762359619140625,4.8453537601744756e-05,6.608901458093897e-05,0.9998854398727417
spotify:track:4GmQBXKgDqPpUQXXxp1ceH,232,1,3.0075865652179345e-05,0.1317228227853775,0.9791532754898071,0.00024690895224921405,3.9666909287916496e-05,0.9999489784240723,0.0005845779669471085,0.053367991000413895,5.4168642236618325e-05,4.900453859590925e-05,0.999896764755249
spotify:track:2A9yj46qweEVrsvnvntEa5,72,1,3.270401430199854e-05,0.9301475286483765,0.9998071789741516,0.00020456114725675434,4.184065983281471e-05,0.9999501705169678,0.0005800859071314335,0.026386743411421776,5.3402254707179964e-05,5.1082708523608744e-05,0.999895453453064
spotify:track:31HDrKLG70d8SY6UU4sl9l,138,1,7.44285061955452e-05,0.9995366334915161,8.490491018164903e-05,0.00031542847864329815,5.851086098118685e-05,7.672688661841676e-05,0.00048284122021868825,0.9727082848548889,5.247038643574342e-05,6.843435403425246e-05,0.9998791217803955
spotify:track:15leAeXFh1WX1QOxp1LnOS,170,1,4.1002786019816995e-05,0.95586097240448,0.00018163306231144816,0.00021763819677289575,4.496477049542591e-05,0.004899674095213413,0.0005264753708615899,0.44060802459716797,5.483015047502704e-05,5.349395360099152e-05,0.9998916387557983
spotify:track:3mITeXQ9Dt7M6nTutuNtsx,188,1,3.3933858503587544e-05,0.9922553300857544,0.00027920931461267173,0.0002595427504274994,4.212407293380238e-05,0.002413650043308735,0.0005686688236892223,0.8591268062591553,5.3559790103463456e-05,5.317421164363623e-05,0.999893307685852
spotify:track:2tVQnp6k62bMTsWQJYvQXz,225,1,3.3441629057051614e-05,0.0005250490503385663,0.0003214592288713902,0.0002322300133528188,4.079042992088944e-05,0.9959213733673096,0.0005672950646840036,0.024120749905705452,5.44416434422601e-05,5.3170209866948426e-05,0.9998923540115356
spotify:track:6Ix2MJMdzccf5gVosUYG0r,221,1,3.0231518394430168e-05,0.9992484450340271,0.9877718687057495,0.000414563633967191,3.9410777390003204e-05,0.9998880624771118,0.0005729729891754687,0.7265851497650146,5.492837954079732e-05,4.8776983021525666e-05,0.9998962879180908
spotify:track:02k88ntKmaWSOjkCRADZMf,230,1,3.689830919029191e-05,0.9917560815811157,0.00013242960267234594,0.0002344434178667143,4.094480391358957e-05,0.00027028299518860877,0.0005747973918914795,0.0843680202960968,5.2502404287224635e-05,5.3412772103911266e-05,0.9998940229415894
spotify:track:4C7cg72gU51s1IT4wh7Vp9,203,1,2.8364480385789648e-05,0.9995319843292236,0.9998691082000732,0.00026442736270837486,3.840670615318231e-05,0.9999586343765259,0.0005316188326105475,0.02799585461616516,5.400510417530313e-05,4.8802154196891934e-05,0.9998972415924072
spotify:track:6lSSdXZtqF4tFlmaQyV0ut,200,1,3.0019671612535603e-05,0.4094650447368622,0.9431808590888977,0.00022712303325533867,3.9914051740197465e-05,0.9999380111694336,0.0005482873530127108,0.09999912977218628,5.393114406615496e-05,4.982851896784268e-05,0.9998962879180908
spotify:track:5R5wL4rbWPKeUrFGyvc5Nu,198,1,2.875654536182992e-05,0.9996402263641357,0.9994844198226929,0.0004427625972311944,3.8272519304882735e-05,0.999955415725708,0.0005231813993304968,0.2189832329750061,5.765858441009186e-05,4.572070247377269e-05,0.9998966455459595
spotify:track:3dkItSs4LurpACEg70HDIB,571,2,3.095711872447282e-05,0.42540788650512695,0.9998922348022461,0.0004557170905172825,4.0295402868650854e-05,0.9999586343765259,0.0005801527877338231,0.026917681097984314,5.807569687021896e-05,5.039210736867972e-05,0.9998915195465088
spotify:track:3X7YWrfGLLopRknF9FBPHf,209,1,2.921634768426884e-05,0.9994015693664551,0.9998975992202759,0.00038961556856520474,3.89423621527385e-05,0.9999595880508423,0.0005342570366337895,0.009950820356607437,5.5098687880672514e-05,4.8475056246388704e-05,0.9998964071273804
spotify:track:1XuxoHDc7mFeyhaDcgjYST,203,1,2.8431397367967293e-05,0.9996956586837769,0.9998989105224609,0.08499925583600998,3.846703839371912e-05,0.9999607801437378,0.0005259211175143719,0.5634297728538513,5.27354386576917e-05,4.863501089857891e-05,0.9998986721038818
spotify:track:5P7aER6OWnngPH949VKXDR,248,1,3.151477358187549e-05,0.9996484518051147,0.9963024854660034,0.0024164761416614056,4.121774327359162e-05,0.9999531507492065,0.0005296493764035404,0.11805161088705063,5.4863819968886673e-05,5.0824572099372745e-05,0.9998942613601685
spotify:track:31VLQciLv1PbK2IJUtXLgj,281,1,5.288188185659237e-05,0.00029447212000377476,0.023306583985686302,0.00023894391779322177,4.191597690805793e-05,0.9996850490570068,0.0005998687702231109,0.04448958486318588,5.9854450228158385e-05,4.706173058366403e-05,0.999893069267273
spotify:track:4cHhUWXkEtSj7kdue9SO5u,160,1,2.8685057259281166e-05,0.9996471405029297,0.9998657703399658,0.0005079070688225329,3.794334770645946e-05,0.9999594688415527,0.00047423073556274176,0.041527654975652695,5.766941103502177e-05,4.489448110689409e-05,0.9998974800109863
spotify:track:58m9mqwBLliFpIFSYzprSn,222,1,3.003381789312698e-05,0.9996659755706787,0.9889318943023682,0.00034850407973863184,4.053685916005634e-05,0.9999042749404907,0.0005455620703287423,0.06889863312244415,5.612791937892325e-05,4.792878826265223e-05,0.9998959302902222
spotify:track:2tj4JhaPPpmPp8RNbieT52,317,1,2.9843613447155803e-05,0.9985974431037903,0.9992318153381348,0.00022885686485096812,4.0213206375483423e-05,0.9999485015869141,0.000563481415156275,0.1155485212802887,5.434896593214944e-05,5.183374014450237e-05,0.9998937845230103
spotify:track:7uwbkdstWT7e5Tl70aPOnG,433,1,3.514513809932396e-05,0.00030894012888893485,0.999923825263977,0.0005002936813980341,3.948458834202029e-05,0.9999581575393677,0.0005616971175186336,0.009148478507995605,5.6717952247709036e-05,5.179374784347601e-05,0.9998915195465088
spotify:track:6VhdWiz7GI2eaYcGSsaY7w,146,1,2.9290691600181162e-05,0.9995712637901306,0.8812810778617859,0.00021176357404328883,4.096088741789572e-05,0.9999555349349976,0.0004946718108840287,0.010067706927657127,5.157857231097296e-05,4.959959915140644e-05,0.9998987913131714
spotify:track:3AoZ1W11B3gm8vhFSpHDjh,250,1,3.079703310504556e-05,0.0010939508210867643,0.9578840136528015,0.00026460314984433353,4.1614475776441395e-05,0.9999436140060425,0.0005822980892844498,0.22305189073085785,5.4846594139235094e-05,5.298144606058486e-05,0.9998921155929565
spotify:track:0NdV41q6lBoO4WyCaZmIJU,425,1,3.2445434044348076e-05,0.0002635992132127285,0.9999023675918579,0.00022032907872926444,4.081058796145953e-05,0.9999566078186035,0.0006073843105696142,0.13401013612747192,5.864752529305406e-05,5.00793285027612e-05,0.9998912811279297
spotify:track:5rqeYyQ1EpbEJKkH4cgncs,427,1,3.1922634661896154e-05,0.9974381923675537,0.9999234676361084,0.999289870262146,4.1196952224709094e-05,0.9999581575393677,0.0005667855148203671,0.036639124155044556,5.933105057920329e-05,4.6221568481996655e-05,0.999894380569458
spotify:track:3CA8eNZ0qIeWovaCt226ui,372,1,3.449637006269768e-05,0.9842309355735779,0.0002903373970184475,0.00027732306625694036,4.2235449654981494e-05,0.2350175827741623,0.0005812025046907365,0.5467813611030579,5.3727726481156424e-05,5.804766988148913e-05,0.9998881816864014
spotify:track:5bxd1DEtcLOuTLqbMT43Xz,179,1,3.038580689462833e-05,0.9725773334503174,0.9998487234115601,0.0006322927074506879,4.185410580248572e-05,0.9999613761901855,0.0005471631302498281,0.06983194500207901,5.199104634812102e-05,4.906974209006876e-05,0.9998989105224609
spotify:track:3EIpvMJo4sqVVqDQx9H4Zj,149,1,3.8809153920738026e-05,0.9920492768287659,0.0006266823038458824,0.0002584227186162025,4.064291715621948e-05,0.0005057021044194698,0.0005063489079475403,0.9610305428504944,5.535790842259303e-05,4.764246477861889e-05,0.9998970031738281
spotify:track:2b9TjqgLxE6zOZc4DSmYYx,368,1,3.479537554085255e-05,0.0002931829949375242,0.9999269247055054,0.00022507936228066683,4.102609818801284e-05,0.9999542236328125,0.0006351122865453362,0.013351516798138618,5.950883496552706e-05,4.8605837946524844e-05,0.9998918771743774
spotify:track:1ADljphnyLqrI3HOQjParb,98,1,3.055912384297699e-05,0.9921133518218994,0.00013184557610657066,0.00025562665541656315,9.63523707468994e-05,0.01087977271527052,0.0005495257792063057,0.9654262661933899,5.3939827921567485e-05,5.563832019106485e-05,0.9998904466629028
spotify:track:21lNFbYE1iSBYtNcW2U8Vm,141,1,3.149608528474346e-05,0.9937840700149536,0.9996656179428101,0.000682840240187943,3.9655715227127075e-05,0.9999486207962036,0.0005359266069717705,0.863886833190918,5.17195621796418e-05,4.9079066229751334e-05,0.99989914894104
spotify:track:71h6sV5KytTmPARarI28wI,211,1,2.886867878260091e-05,0.9996310472488403,0.9999115467071533,0.001999401720240712,3.932394247385673e-05,0.9999583959579468,0.0005369154969230294,0.07139857858419418,5.881449396838434e-05,4.5092481741448864e-05,0.9998960494995117
spotify:track:3xcfRHbbkwIh6rPKQ9y8DX,176,1,2.951514943561051e-05,0.00815077219158411,0.9329672455787659,0.0002210472448496148,3.9741200453136116e-05,0.9999421834945679,0.00053726154146716,0.017865806818008423,5.4673830163665116e-05,4.868447649641894e-05,0.9998966455459595
spotify:track:6IIKUEXxGqjxJtiS1e6z73,145,1,9.44007551879622e-05,0.2609331011772156,0.9998733997344971,0.00019273607176728547,3.830450805253349e-05,0.9999558925628662,0.0005160880391485989,0.9573423266410828,5.1839215302607045e-05,5.0751543312799186e-05,0.9998973608016968
spotify:track:5dDkX66Ov8pqr1l9Cyk02l,217,1,3.040992669411935e-05,0.9992436170578003,0.999907374382019,0.00030492417863570154,4.0828683268046007e-05,0.9999587535858154,0.0005710625555366278,0.015463385730981827,5.361175135476515e-05,4.944096872350201e-05,0.9998968839645386
spotify:track:1EZj3gwDRCDVTxJAIGUtMQ,138,1,3.494758493616246e-05,0.9974937438964844,0.9994955062866211,0.00021577448933385313,4.922058724332601e-05,0.999943733215332,0.0005291346460580826,0.9880782961845398,5.133982631377876e-05,5.3528481657849625e-05,0.9998950958251953
spotify:track:1VGHtOfjicgALZGihsjfs0,47,1,3.8023252272978425e-05,0.9991258978843689,0.0012271865271031857,0.000723893113899976,4.915463432553224e-05,0.9985058307647705,0.0005274668801575899,0.9979830980300903,6.575182487722486e-05,4.365041240816936e-05,0.9998905658721924
spotify:track:0pwe6ne12KNaNYXyxquuPl,314,1,3.4440523450030014e-05,0.9996004700660706,0.027736885473132133,0.00047651681234128773,4.608034942066297e-05,0.999879002571106,0.0005743721849285066,0.8225838541984558,5.433076512417756e-05,5.113549923407845e-05,0.9998944997787476
spotify:track:0KMZESyaad48QMOmg6cYuy,861,3,3.369437763467431e-05,0.999406099319458,0.9998800754547119,0.3263953626155853,4.3963642383459955e-05,0.9999611377716064,0.000593331700656563,0.022016607224941254,5.57642342755571e-05,5.028282248531468e-05,0.9998940229415894
spotify:track:1WqRnSjBc7L2DnLzsNvqOm,139,1,2.8954011213500053e-05,0.9960551261901855,0.9939795732498169,0.0002536760875955224,3.785775334108621e-05,0.9999401569366455,0.0005002671969123185,0.003994015045464039,5.216814679442905e-05,4.817670560441911e-05,0.9998996257781982
spotify:track:5cexYtv51CMqLuUwC9J5dH,280,1,2.8762004149029963e-05,0.0008074889774434268,0.9997931122779846,0.0002442206896375865,3.991633639088832e-05,0.9999570846557617,0.0005634156404994428,0.011406384408473969,5.3392093832371756e-05,5.2539369789883494e-05,0.9998940229415894
spotify:track:59aRiZFzmOYH3O83c0XykI,85,1,3.559720062185079e-05,0.9991163611412048,0.0007405034848488867,0.00021515630942303687,5.2732018957613036e-05,0.00010577427019597962,0.0005501898122020066,0.849653422832489,5.178565334063023e-05,5.373037129174918e-05,0.9998944997787476
spotify:track:2aIXUJpfkXplSwa6vpPRZe,174,1,2.9360609914874658e-05,0.9024072289466858,0.9997671246528625,0.0002060117112705484,3.944187119486742e-05,0.9998975992202759,0.0005877121584489942,0.03243199363350868,5.412027894635685e-05,4.874726073467173e-05,0.9998971223831177
spotify:track:0hlBI8n1v5F2mj0tDIM5ai,403,1,3.394169107195921e-05,0.0002757416805252433,0.9999245405197144,0.00022870022803544998,4.119172808714211e-05,0.9999548196792603,0.0005860983510501683,0.005690600257366896,6.0261994804022834e-05,5.094133666716516e-05,0.9998887777328491
spotify:track:05ryQJip5j6ExMhvB6o6f4,217,1,3.963979543186724e-05,0.00046260032104328275,0.0012396861566230655,0.00025265771546401083,4.210776387481019e-05,0.9095956087112427,0.0005891658365726471,0.5301351547241211,5.750212221755646e-05,5.0797014409909025e-05,0.9998916387557983
spotify:track:3XkauVC70TlTgebHdWea3a,265,1,3.0297065677586943e-05,0.9412698149681091,0.9997895359992981,0.00023344169312622398,4.191046173218638e-05,0.9999538660049438,0.0005748990806750953,0.07380037009716034,5.260615944280289e-05,5.2333496569190174e-05,0.9998950958251953
spotify:track:7AHM45gNY0LiFUSnfzjUus,84,1,3.109094177489169e-05,0.9996426105499268,0.9843627214431763,0.00032115442445501685,4.493965025176294e-05,0.9999399185180664,0.00063213991234079,0.9425565600395203,5.335037349141203e-05,4.66767160105519e-05,0.9998999834060669
spotify:track:5E8VSBEyekvkqIrDs5IOio,208,1,3.1701387342764065e-05,0.9193295240402222,0.4023154377937317,0.00029908178839832544,4.2229770770063624e-05,0.9998689889907837,0.0005423615220934153,0.0174318328499794,6.128630775492638e-05,4.651935159927234e-05,0.9998922348022461
spotify:track:14T9MsaDVojqqEyGAZ0Sfb,560,2,3.1112911528907716e-05,0.9993340373039246,0.9998921155929565,0.0006196055910550058,4.06994586228393e-05,0.9999570250511169,0.0005706819938495755,0.3382353186607361,5.5111508117988706e-05,5.2996747399447486e-05,0.9998918771743774
spotify:track:5jvU0fxQllEi4IOhBhuU35,163,1,3.188667324138805e-05,0.0017753468127921224,0.9060643315315247,0.0008766049868427217,4.125883788219653e-05,0.9999401569366455,0.0005604938487522304,0.9792146682739258,5.682474511559121e-05,5.1203882321715355e-05,0.999891996383667
spotify:track:2KGlQst2lnkS7rcRT35ZPF,180,1,4.392618211568333e-05,0.9993370175361633,0.00013012286217417568,0.0002589058713056147,6.270559970289469e-05,7.529471622547135e-05,0.0006213375017978251,0.8581781387329102,5.7092984206974506e-05,6.508574733743444e-05,0.9998778104782104
spotify:track:3TDXqI0ixmt8UBWJlTT23P,281,1,2.9385564630501904e-05,0.38117510080337524,0.9999208450317383,0.0003459329018369317,3.923363328794949e-05,0.9999576807022095,0.0005727848038077354,0.004358351230621338,5.779846105724573e-05,5.049436731496826e-05,0.9998916387557983
spotify:track:2xqMifKIz1qVTElCZPkyRH,109,1,4.058002377860248e-05,0.22271879017353058,0.00014310503320302814,0.0008909725584089756,4.235997039359063e-05,0.007163290400058031,0.0005066511803306639,0.9876025319099426,5.245543070486747e-05,5.219170998316258e-05,0.9998953342437744
spotify:track:70j0levi0vPvQB5okEwZvm,145,1,3.829344132100232e-05,0.9995484948158264,0.00021405218285508454,0.0004170433385297656,4.304293906898238e-05,0.00014732172712683678,0.0005136188119649887,0.9907020330429077,5.195351332076825e-05,5.322741708368994e-05,0.9998948574066162
spotify:track:7hyle4lmxpFkhKOv2NxTiL,146,1,5.254393181530759e-05,0.02233906276524067,0.0001102566093322821,0.00022865792561788112,4.5775035687256604e-05,0.00024490858777426183,0.0005926819867454469,0.27131396532058716,5.5734406487317756e-05,4.9782356654759496e-05,0.9998944997787476
spotify:track:6sADtPKtORAMZP3GQhOsHv,157,1,5.2688188588945195e-05,0.007611446548253298,8.064114808803424e-05,0.000307902111671865,0.00014569424092769623,0.00024717088672332466,0.000513109436724335,0.9961938858032227,5.406242053140886e-05,7.320248550968245e-05,0.9998726844787598
spotify:track:0cTRDUl1vovXBJ1lBQIyRk,209,1,3.352490966790356e-05,0.9989952445030212,0.9986151456832886,0.0003187547263223678,4.2136325646424666e-05,0.9998458623886108,0.000580639869440347,0.07502053678035736,5.6166580179706216e-05,4.7880588681437075e-05,0.9998959302902222
spotify:track:43dcPAf3mzSsl8dRWXjZgF,109,1,2.8719929105136544e-05,0.9996830224990845,0.8571397066116333,0.000504976196680218,3.8548856537090614e-05,0.9998107552528381,0.0005183573230169713,0.9948849081993103,5.521332423086278e-05,4.6111876145005226e-05,0.9998986721038818
spotify:track:2X8mBXrZ6HJPCgKAzC87k5,127,1,3.310528336442076e-05,0.9995631575584412,0.0004100229707546532,0.001235361909493804,5.024596248404123e-05,0.47511833906173706,0.000543322297744453,0.7920554876327515,5.234613490756601e-05,5.331772263161838e-05,0.999894380569458
spotify:track:3VaEnW5C0x8htoAs4W040U,133,1,3.106610165559687e-05,0.00036253928556106985,0.993343710899353,0.0002311304269824177,4.023276414955035e-05,0.9999542236328125,0.00055493856780231,0.05624092370271683,6.259534711716697e-05,4.4243181037018076e-05,0.9998931884765625
spotify:track:5LqzGpUPRQXbN9WwFdKY17,121,1,3.4024073102045804e-05,0.9993891716003418,0.00014954691869206727,0.0006175952148623765,5.394406252889894e-05,9.447666525375098e-05,0.0005740448832511902,0.12124837934970856,5.3327486966736615e-05,7.61574410717003e-05,0.9998705387115479
spotify:track:0B02HrbQXoSltzD3SVNZ0E,199,1,3.047890822927002e-05,0.9855836629867554,0.9998747110366821,0.00022922526113688946,3.911606836481951e-05,0.9999573230743408,0.0005635198322124779,0.01574382744729519,5.496364974533208e-05,4.7683573939139023e-05,0.9998973608016968
spotify:track:4qv7iP9m0e5ALkOYF0PLSQ,316,1,0.9992000460624695,0.0002631394600030035,7.533472671639174e-05,0.00021137284056749195,0.0001701384171610698,6.738527008565143e-05,0.0006087563815526664,0.9953397512435913,0.00021620203915517777,0.9991711378097534,0.0006127281812950969
spotify:track:0dhTeU87tEbBwplgPe2NVd,113,1,3.534552888595499e-05,0.9996225833892822,0.0004338725411798805,0.0002988141786772758,4.438291580299847e-05,0.0013468828983604908,0.0005295221926644444,0.9565474390983582,5.962948125670664e-05,4.8802252422319725e-05,0.9998915195465088
spotify:track:1I237F5xBjYvhe4o4yKoxg,326,1,2.9381113563431427e-05,0.000867841299623251,0.9998805522918701,0.00027081771986559033,3.935796848963946e-05,0.9999545812606812,0.0005593703826889396,0.08230305463075638,5.645729470415972e-05,5.013864574721083e-05,0.9998934268951416
spotify:track:4PcdcSDUImHuVjoCezSYuC,638,2,4.4012740545440465e-05,0.0002727959945332259,0.9998624324798584,0.00022334324603434652,4.105258994968608e-05,0.999951958656311,0.0005853633629158139,0.03185395896434784,6.623891385970637e-05,4.797159635927528e-05,0.9998857975006104
spotify:track:3rq6qVDZZtXgbNuT9b3D1H,122,1,0.00014376906619872898,0.7546300292015076,8.80784573382698e-05,0.0002801976224873215,0.0002123351296177134,8.158963464666158e-05,0.00048701243940740824,0.9958143830299377,4.799316593562253e-05,8.127890032483265e-05,0.9998706579208374
spotify:track:3bgNXXL7TjlBDOl36wLWHk,172,1,3.4302884159842506e-05,0.9995372295379639,0.024417629465460777,0.000394397386116907,4.835034269490279e-05,0.9999536275863647,0.0005630209925584495,0.00731090921908617,4.916893522022292e-05,6.0948223108425736e-05,0.9998898506164551
spotify:track:3n6kfT0sbKCbHSCmnzTD6w,407,1,3.2625390304019675e-05,0.23611384630203247,0.9999145269393921,0.0014874152839183807,4.216872184770182e-05,0.9999620914459229,0.0005816097254864872,0.006293867714703083,5.606430204352364e-05,4.8070458433358e-05,0.9998958110809326
spotify:track:0bSlaaneF4lLymoMouvxfH,224,1,2.7968928407062776e-05,0.9860005974769592,0.9994932413101196,0.0002188467769883573,3.798729449044913e-05,0.9999556541442871,0.0005313708679750562,0.026839779689908028,5.2509971283143386e-05,5.1477152737788856e-05,0.9998960494995117
spotify:track:19osnW2bZ04gOFD38af5br,435,1,2.9449136491166428e-05,0.9981008172035217,0.9999361038208008,0.0007183682755567133,4.002191417384893e-05,0.9999608993530273,0.0005745599628426135,0.0031314147636294365,5.6377710279775783e-05,5.027572115068324e-05,0.999893307685852
spotify:track:4mcOEZ4RNkD4RXEc4xBceS,122,1,3.082687908317894e-05,0.9996894598007202,0.006581717170774937,0.5265732407569885,4.431397610460408e-05,0.9999278783798218,0.0005454205675050616,0.992374837398529,4.990670277038589e-05,5.3825759096071124e-05,0.9998962879180908
spotify:track:6rlwPk4cihbq6fxbLnNQB1,221,1,2.9313270715647377e-05,0.8579205274581909,0.3003423511981964,0.00022433359117712826,3.962861228501424e-05,0.9998958110809326,0.0005436326027847826,0.006733441725373268,5.3003666835138574e-05,5.327499093255028e-05,0.9998936653137207
spotify:track:635ke14KZqjGWRnRpd42w0,297,1,3.3175860153278336e-05,0.17769427597522736,0.8647059798240662,0.0005525355227291584,4.162332697887905e-05,0.9999561309814453,0.0005674154381267726,0.007087805774062872,5.643950498779304e-05,4.868183532380499e-05,0.9998948574066162
spotify:track:0ULnHxQqtl25Iyjd0njlPR,164,1,3.0267117836046964e-05,0.0013626833679154515,0.9997010827064514,0.00019873259589076042,3.8730926462449133e-05,0.9999476671218872,0.0005322539363987744,0.05266836658120155,5.554366725846194e-05,4.6785175072727725e-05,0.9998977184295654
spotify:track:6RTcp6RWf1IKkxPp9DRYPz,284,1,2.9685623303521425e-05,0.00032785895746201277,0.99992835521698,0.00020810839487239718,3.952421684516594e-05,0.9999574422836304,0.0005890417960472405,0.007679333444684744,6.0639104049187154e-05,4.44758843514137e-05,0.9998948574066162
spotify:track:2BOZaITgFVIcnfSD524zo4,127,1,3.2986827136483043e-05,0.9994694590568542,0.9978600144386292,0.00040351314237341285,3.9209993701661006e-05,0.9999440908432007,0.00048752425936982036,0.08978419750928879,5.3335741540649906e-05,4.82039904454723e-05,0.9998984336853027
spotify:track:2g443q6iQIqoTWiVIAp2jv,317,1,3.3634940336924046e-05,0.0029295256827026606,0.999774158000946,0.0002314216981176287,4.061726576765068e-05,0.9999325275421143,0.0006102220504544675,0.059810537844896317,5.818286081193946e-05,4.8559941205894575e-05,0.9998931884765625
spotify:track:0LqFPyHVwoYxJnZsa3Ji8x,134,1,2.988829874084331e-05,0.9997010231018066,0.0005848326836712658,0.017045283690094948,3.867308987537399e-05,0.9999470710754395,0.0004782404867000878,0.2166542261838913,4.995446215616539e-05,5.1808077841997147e-05,0.9998981952667236
spotify:track:6zViFnEcDjyOSF1n54BD9P,184,1,2.816442611219827e-05,0.9993765950202942,0.9999134540557861,0.0002817454223986715,3.6974608519813046e-05,0.9999592304229736,0.0005442630499601364,0.0313134603202343,5.177899220143445e-05,4.987059946870431e-05,0.9998983144760132
spotify:track:4f15d7Qc81qw4LKMAQhfYz,402,1,3.285593629698269e-05,0.5499497056007385,0.9952439665794373,0.00027718054479919374,4.2582123569445685e-05,0.9999459981918335,0.0006037841667421162,0.15347014367580414,5.3627514716936275e-05,5.496772428159602e-05,0.9998914003372192
spotify:track:33KkOQIrkeKi3kOYwFdCxu,180,1,3.084955460508354e-05,0.9994916915893555,0.9992920160293579,0.0002594462421257049,3.9437469240510836e-05,0.999946117401123,0.000542102032341063,0.026455840095877647,5.385182157624513e-05,5.02575931022875e-05,0.9998959302902222
spotify:track:6JPlSTk7mpboMx3VRxiFTC,179,1,3.171605203533545e-05,0.997368335723877,0.00026643899036571383,0.00020562669669743627,4.4059423089493066e-05,0.001064324751496315,0.0005114676896482706,0.9724699854850769,5.1337879995116964e-05,5.6220669648610055e-05,0.9998924732208252
spotify:track:2Bc3C1lo6vywOfGM3xjeQ8,164,1,3.0900937417754903e-05,0.9996029734611511,0.9998446702957153,0.0028722223360091448,4.0224673284683377e-05,0.9999525547027588,0.0005006101564504206,0.01868460327386856,5.422858885140158e-05,4.8265264922520146e-05,0.9998974800109863
spotify:track:350IXqajzWTMSpNT4dxhbU,132,1,6.741354445694014e-05,0.00035699238651432097,7.137557258829474e-05,0.00020183075685054064,0.0021275572944432497,6.60438890918158e-05,0.000529410142917186,0.9498603343963623,0.000501395610626787,0.9781899452209473,0.02130862884223461
spotify:track:64leZqjEDF57DcifREiCwe,163,1,3.237156488467008e-05,0.999455988407135,0.999845027923584,0.0002175220288336277,3.888691935571842e-05,0.9999579191207886,0.0005130607169121504,0.6956599354743958,5.707979289581999e-05,4.6207835111999884e-05,0.9998966455459595
spotify:track:0OzFG7wUIuRUDA1dcPzlK1,232,1,3.2485801057191566e-05,0.9996905326843262,0.13714712858200073,0.0037893366534262896,4.198142414679751e-05,0.9999368190765381,0.0005486457957886159,0.019544491544365883,5.242179031483829e-05,5.278328535496257e-05,0.9998947381973267
spotify:track:28hmfseWQTUSMuTNuXg4eI,234,1,3.9854872738942504e-05,0.03577269986271858,9.329117165179923e-05,0.00022735270613338798,4.428803367773071e-05,0.0003524626372382045,0.0005563746672123671,0.7623027563095093,5.4196574637899175e-05,7.317769632209092e-05,0.9998725652694702
spotify:track:1Ske3yeMrnTSLAjrWW6lrq,170,1,2.9379487386904657e-05,0.9994233846664429,0.9997658133506775,0.00038092531030997634,3.8328624214045703e-05,0.9999555349349976,0.0005279830074869096,0.014043859206140041,5.234158015809953e-05,5.1601356972241774e-05,0.9998960494995117
spotify:track:4XwsyrQZOC7YtrJad0Se0N,382,1,3.2307048968505114e-05,0.0008600573637522757,0.9998552799224854,0.00022769373026676476,4.1350300307385623e-05,0.999954104423523,0.0006056175334379077,0.1148558184504509,5.574383249040693e-05,5.0356899009784684e-05,0.9998939037322998
spotify:track:7xSRAkFFuCp5gAy0sks1PH,174,1,3.2141841074917465e-05,0.9936129450798035,0.010858667083084583,0.0003678792854771018,3.920094241038896e-05,0.9997144341468811,0.000537409505341202,0.24903914332389832,5.387551209423691e-05,4.8130379582289606e-05,0.9998979568481445
spotify:track:1tYAHtvNKGvCpt3fkXv6Zo,134,1,8.878088556230068e-05,0.19590921700000763,9.695218614069745e-05,0.0013312065275385976,6.557754386449233e-05,0.0001124389236792922,0.0005020882817916572,0.997669517993927,5.739458356401883e-05,7.18601222615689e-05,0.999870777130127
spotify:track:1JQ7aHjR7IkhbchNYhnrcX,192,1,2.8450573154259473e-05,0.9963153004646301,0.0005572678637690842,0.00023810543643776327,3.909283259417862e-05,0.9793456792831421,0.00056175870122388,0.5850003361701965,5.3189061873126775e-05,4.9907586799236014e-05,0.9998968839645386
spotify:track:1uNBN0rbqE6dHGA29rnMtx,137,1,2.8711223421851173e-05,0.9995388984680176,0.0006465883343480527,0.0004844679497182369,4.005028313258663e-05,0.9999535083770752,0.000521703390404582,0.2655157744884491,5.075511944596656e-05,5.2043098548892885e-05,0.9998972415924072
spotify:track:7FO36omE1TR5bm8YUtVkzA,257,1,4.78630063298624e-05,0.00032789490069262683,0.561111569404602,0.0002151072840206325,4.3117583118146285e-05,0.9999306201934814,0.0006155988667160273,0.23857690393924713,5.3995405323803425e-05,5.2930387028027326e-05,0.999893069267273
spotify:track:7inwpGKVgS13Igzdz0m4yu,309,1,3.355849185027182e-05,0.042539943009614944,0.018262609839439392,0.01111949048936367,4.2048013710882515e-05,0.9999428987503052,0.0005763660883530974,0.030022986233234406,5.270586188999005e-05,5.2608193072956055e-05,0.9998946189880371
spotify:track:1qDPbto3jDT2adIya1EfOU,160,1,5.157916166353971e-05,0.0007631036569364369,0.0001608682214282453,0.000245722068939358,4.381794497021474e-05,0.5563803911209106,0.00055168621474877,0.4264836609363556,5.086114470032044e-05,5.553983646677807e-05,0.9998935461044312
spotify:track:0ACFJm4VlgvdHs2qvHZ6yG,72,1,0.14039339125156403,0.9991158843040466,7.703142910031602e-05,0.00023961217084433883,0.0014043159317225218,5.930533734499477e-05,0.0005439996020868421,0.9981334805488586,0.0001371759717585519,0.0031370336655527353,0.9967257976531982
spotify:track:2QRnt06N6pOC8PwZnGbJB4,194,1,3.668789577204734e-05,0.005448967218399048,0.9994101524353027,0.026107486337423325,4.37150192738045e-05,0.999951958656311,0.0005623823381029069,0.019411621615290642,5.877338844584301e-05,4.5238324673846364e-05,0.9998959302902222
spotify:track:54WbiFSE71t4GwNln4Z2fe,229,1,3.51847120327875e-05,0.9996179342269897,0.0009435059619136155,0.0003967162629123777,4.63694341306109e-05,0.9997820258140564,0.0005574596580117941,0.917293131351471,5.379833601182327e-05,5.497463280335069e-05,0.9998911619186401
spotify:track:1we4dRjRJnYc7lCoveGCqP,351,1,3.111746264039539e-05,0.011380035430192947,0.999580442905426,0.00026430183788761497,4.134856499149464e-05,0.9999494552612305,0.0005742851062677801,0.37314745783805847,5.664107084157877e-05,5.0176091463072225e-05,0.9998931884765625
spotify:track:6VyockgkLKCpigtLna4cTG,232,1,2.9624761737068184e-05,0.7311490774154663,0.9997852444648743,0.00028938951436430216,4.059782440890558e-05,0.9999539852142334,0.000580555759370327,0.03326687589287758,5.53184981981758e-05,5.024074198445305e-05,0.999894380569458
spotify:track:2ulZJJAN7oso1goAOnGiFI,174,1,4.836860534851439e-05,0.0009286979911848903,8.400901424465701e-05,0.00021127208310645074,5.8997695305151865e-05,7.836656732251868e-05,0.0005387322162277997,0.9978610873222351,5.048619277658872e-05,7.189728057710454e-05,0.9998775720596313
spotify:track:7oHfFOSwmpOVB0dmqQVihX,188,1,3.311538966954686e-05,0.9992843270301819,0.00010527867561904714,0.00022116782201919705,4.892464494332671e-05,0.1699240803718567,0.0005234685377217829,0.9922930002212524,4.787800935446285e-05,7.194039790192619e-05,0.9998801946640015
spotify:track:15F9JWEQMs4TwKKwJaANPM,112,1,0.9656077027320862,0.9879570603370667,7.358972652582452e-05,0.0006038222345523536,0.9998906850814819,6.264516559895128e-05,0.0005180987645871937,0.9981049299240112,0.0003808208566624671,0.9751752614974976,0.024443909525871277
spotify:track:4nMxpuGZwC3u3yOECONK76,140,1,3.471874515525997e-05,0.9996045231819153,0.28583258390426636,0.0003282207762822509,7.287059270311147e-05,0.9999523162841797,0.0006279459339566529,0.9728420972824097,5.661789691657759e-05,4.9334525101585314e-05,0.9998940229415894
spotify:track:2X0xtXo2To1ZMWVn5OmFZP,190,1,3.089301389991306e-05,0.704214870929718,0.9992225170135498,0.00019704012083821,4.213993815938011e-05,0.9999394416809082,0.0005551335634663701,0.8593341708183289,5.3753155953017995e-05,5.509067341336049e-05,0.9998911619186401
spotify:track:6BwmUxwyDCz4CzcYGJyrOI,140,1,3.471874515525997e-05,0.9996045231819153,0.28583258390426636,0.0003282207762822509,7.287059270311147e-05,0.9999523162841797,0.0006279459339566529,0.9728420972824097,5.661789691657759e-05,4.9334525101585314e-05,0.9998940229415894
spotify:track:64X7IM9ZENFkjZDOVGnxCh,193,1,2.9131630071788095e-05,0.006698293145745993,0.9999302625656128,0.00018651256687007844,3.835143434116617e-05,0.9999597072601318,0.0005422483081929386,0.04862865433096886,5.277957461657934e-05,4.8428733862238005e-05,0.9998987913131714
spotify:track:03xj0hH3QciSk13SsfFgSp,160,1,2.8900578399770893e-05,0.993720531463623,0.9930384755134583,0.00034881586907431483,3.906249548890628e-05,0.9999359846115112,0.0004983830731362104,0.00861659087240696,6.10217175562866e-05,4.5624852646142244e-05,0.999893307685852
