week_date,joy,sadness,anger,fear,trust,disgust,anticipation,stream_coverage
2023-10-12,0.02111070055311585,0.43167462514499677,0.6850058803872217,0.035810165324375254,0.030209965515858184,0.7788577546812997,0.36642605742835,0.372102748402803
2023-10-19,0.020004968489300022,0.453330801270216,0.6193961343588155,0.035475707013417984,0.028355951182737277,0.702086591592285,0.41733762774785726,0.4549537545744113
2023-10-26,0.019530667815475005,0.4733703217593864,0.6064839170402312,0.030841208263545805,0.028068420413799807,0.691978722058608,0.4415739148387167,0.4993256755442774
2023-11-02,0.019448758335116667,0.48806785954097265,0.5834829416181241,0.029377132367561384,0.027055356519370178,0.6657399022500305,0.4557131656483988,0.5084515708582125
2023-11-09,0.020255223642851938,0.5051885949539918,0.580547471960384,0.02939270252891876,0.03324248108126462,0.6661128050315875,0.4630860637597062,0.5230182096899914
2023-11-16,0.02034315624151899,0.5093455365903102,0.5907843247415946,0.03327234461774308,0.032933091402158145,0.662838724637351,0.4696558090525755,0.5439041881334056
2023-11-23,0.01948659170086687,0.48062414429846595,0.610397970667624,0.031282305188781015,0.02609989177664366,0.6908871630303952,0.44061223703772046,0.551947447603796
2023-11-30,0.019835447638053987,0.45253719960230043,0.6105575878797481,0.030903192087855587,0.026351475022609126,0.7076670845055533,0.42560128106157347,0.5472966991067865
2023-12-07,0.021192252151854926,0.44495838856890535,0.6002867034590871,0.03054767444314469,0.032975083915126685,0.7153072541629413,0.42630530183749665,0.5362452633644832
2023-12-14,0.020005639591741755,0.4433194303387719,0.5864870671547975,0.028702781678481195,0.026441963909025003,0.7084429049261654,0.4293425378773915,0.5460653421491061
2023-12-21,0.019298805316744383,0.46331483286912234,0.5639129210220943,0.028934908041072984,0.031195127427264335,0.6892328664972593,0.4499962971464292,0.5603371241629338
2023-12-28,0.020692639730482607,0.4789815738484019,0.568139437180002,0.030704810838212023,0.02757749154907533,0.697606643370412,0.44207921073319734,0.5378615342460615
2024-01-04,0.02113225325764994,0.4749400086813478,0.5737944664203501,0.028979389825929923,0.02820489302837028,0.7058475521679076,0.44052440339862114,0.5418770911686979
2024-01-11,0.021589733662146345,0.5004216617272086,0.5585189334352831,0.0284676226056458,0.03452737814618668,0.6983821640247646,0.45275527606529553,0.546714050492143
2024-01-18,0.022198813339759947,0.5116694403438009,0.5437495129484006,0.030493070689751236,0.03541309910530843,0.6967319558125127,0.46587315574175137,0.5194126988836807
2024-01-25,0.02209100946006679,0.5193400560537115,0.5374852644889838,0.030390925487623587,0.03461227000993018,0.7078168823976368,0.45234366876083143,0.5405875032241299
2024-02-01,0.02182966747409481,0.5253555886341775,0.5189823509484424,0.02973640459421794,0.03469245563376788,0.7003379046970742,0.4510243020149555,0.5349422262316987
2024-02-08,0.022735803973204058,0.5225475240974008,0.5396875174015706,0.02768393927480704,0.035243973116651145,0.7215371385438798,0.4423439535893903,0.5285712017134915
2024-02-15,0.020441794950923717,0.49862457515469444,0.5086445826549494,0.025359455895075433,0.0329774317155098,0.7478578980528819,0.44682355537798474,0.5326874781661022
2024-02-22,0.0204408868228053,0.4986082597302264,0.5161344355350463,0.026680223578160658,0.033074785283460494,0.7532118098677225,0.448143728157677,0.5296861167182476
2024-02-29,0.019849062849154178,0.49210465693694977,0.5147561737273997,0.02679972882858457,0.026078422189892723,0.7459314922542147,0.4418114006216355,0.5351623926454578
2024-03-07,0.02013351518473327,0.48531755353293277,0.5349504824019693,0.026509536195909015,0.03214285028017695,0.7602140892215448,0.43849710164248545,0.5196928482177261
2024-03-14,0.020455198633080443,0.48969558015331155,0.5455211816683044,0.027855186762584347,0.02674450020377351,0.782012498805283,0.42947511836917246,0.49393155674022393
2024-03-21,0.0197893451554898,0.48208298548119016,0.5460230976432684,0.026492058767076332,0.031071921614763288,0.7826660460316512,0.4254967103783824,0.49610843326768345
2024-03-28,0.01893546600970804,0.48284402657472125,0.5660808012759906,0.023165842325714177,0.023947514564964727,0.8089801764923418,0.3929458379580954,0.5185167576307322
2024-04-04,0.016864832813891728,0.49570805555888575,0.5874670747742382,0.03791136018358396,0.026147890505526742,0.8251216285409514,0.3741922590140598,0.561040157145407
2024-04-11,0.020439349504767668,0.502578682117588,0.5911765463244171,0.03364330598689111,0.031358106496921515,0.8240477303835095,0.374534511689452,0.5912643026395279
2024-04-18,0.0222504291169208,0.5150189824984446,0.5855257323384245,0.031337662501069154,0.03313971026958005,0.8203327510916237,0.3791728886167761,0.6085199137912193
2024-04-25,0.022423678264964303,0.48204054892386783,0.6297299784910018,0.02881891451905933,0.032888158655314484,0.8386183414948492,0.34132830143145754,0.6046364260657161
2024-05-02,0.022212519834409725,0.4721855910441249,0.6419908915555013,0.025756146914813892,0.030162504265117025,0.8481763269875736,0.33587209680156144,0.6122520759918123
2024-05-09,0.02314869867333153,0.4622328284398827,0.6509795800812965,0.026557306748974902,0.031326105540249234,0.8474703504114793,0.33383030775168454,0.5817212862435147
2024-05-16,0.024847801346785457,0.46743580565516674,0.6262621823805278,0.02746164396850937,0.032949748325598514,0.825767044602489,0.36149884969456825,0.5451994133691526
2024-05-23,0.029524984232147684,0.45552280761355496,0.6454233026106223,0.022034213090789113,0.03909172214188049,0.8299733047410891,0.35291414970214213,0.5178322815933877
2024-05-30,0.029021807734068032,0.44202986575415637,0.6679055164258424,0.02199988969842209,0.03857048656930463,0.838196086642191,0.3523403993134322,0.5693000369712751
2024-06-06,0.02748800343646672,0.42620415873120154,0.6857977974070607,0.0168759895838818,0.03722045742764631,0.8461799967852781,0.34196398165185626,0.5950664156855497
2024-06-13,0.028265892118462244,0.4128225685704345,0.6900668340427827,0.01972739518392861,0.04154396257677852,0.8447789268086884,0.33826730388904,0.6095498818666358
2024-06-20,0.02609157709195061,0.4310524378403784,0.6942202934822642,0.016030016503058762,0.039527437569631924,0.8444825470791065,0.3456782430132548,0.6080118707659055
2024-06-27,0.024042529468840976,0.4326049576832788,0.6978626162824219,0.019303434605954687,0.03289698027966522,0.845788607686351,0.3437477474763069,0.6209903793684893
2024-07-04,0.024991967506696453,0.4391009731603116,0.6980411317061576,0.019746407226414433,0.03815116454731115,0.8411343707209645,0.35041885017049,0.6233964356017266
2024-07-11,0.02660118024354456,0.4439870911886693,0.7013659938284542,0.019787009027542178,0.0392504624259485,0.846260512457949,0.3476284588713159,0.6162675415546196
2024-07-18,0.02441080436334744,0.43827315686647944,0.7052083318455779,0.019878041070351658,0.0346845655700685,0.8462318819949777,0.352921515138299,0.6026522502881679
2024-07-25,0.022965187580353923,0.42224926883587605,0.7006721890243192,0.02025482174577348,0.03521639966583989,0.8493997383941138,0.3381485647435,0.6164464825600862
2024-08-01,0.02395943574492783,0.39975650135958485,0.7130401408644657,0.01953652438533991,0.04013890136725411,0.8618398342824805,0.3213663598753107,0.6105839184851859
2024-08-08,0.02295868154917691,0.3987814657493861,0.7129295784539256,0.01959750765514223,0.03984959543587353,0.8598587965450123,0.318742333169705,0.6084902281866201
2024-08-15,0.02204322989812158,0.39119274480781213,0.7053894912996446,0.021930100120428342,0.04190502366750313,0.8583014703768131,0.32104793564866924,0.5995356731800694
2024-08-22,0.02056107901734294,0.4042272920280392,0.712026878652384,0.020591596126775153,0.04221656708421683,0.8519279896241669,0.33290100998217026,0.6234230277723178
2024-08-29,0.02158193204548971,0.4002130547156967,0.6997718519372657,0.021070875816588105,0.04591632192530518,0.8430252465230625,0.3387863532302515,0.6192655279364113
2024-09-05,0.020998619804565237,0.4123175620964836,0.707421083570182,0.021518821916721397,0.04737347585969852,0.8488749763222144,0.33456915566320017,0.6040152679323849
2024-09-12,0.02179537500013875,0.42909129690324,0.7184748589792119,0.02198201542917537,0.04796651877686701,0.8422957831593193,0.3238418468800758,0.6178032244298602
2024-09-19,0.02358289728172248,0.44827663867732587,0.7222640247137176,0.021574976812673324,0.05241831346470549,0.8453253000070534,0.3204537662165023,0.6193925867857706
2024-09-26,0.03508749760570225,0.44041136657186075,0.7176330616051814,0.02200292461004008,0.05171641254693612,0.8339718594401312,0.3233441164172769,0.6234251741300161
2024-10-03,0.041347844413730024,0.4278097873964834,0.7141219263809189,0.021442476655201482,0.047951658747796964,0.8280574249299268,0.3178805020296505,0.6386557873374978
2024-10-10,0.054820341028313874,0.4102782917275165,0.6932267633108339,0.020470666465297657,0.04832983988235715,0.8194532929344314,0.32365751826006095,0.6230846651128136
2024-10-17,0.06882471276923961,0.39008026742290264,0.6759616004977086,0.015571380620894278,0.04673515075546364,0.7979274207380441,0.33591551215716026,0.6260312142950533
2024-10-24,0.0696171170618465,0.38934117147897224,0.6679434486527113,0.014850096331086445,0.04626757712752005,0.793166095926019,0.3343059707559272,0.6242464397825646
2024-10-31,0.07124756047936354,0.4008924519709345,0.6684137362336072,0.011605926087214795,0.04569563518660104,0.8115179328796811,0.32731598489418284,0.5952804852396519
2024-11-07,0.07199232222427246,0.4088848854720873,0.6496259570942617,0.01670738976791792,0.048177170311391265,0.7887746370633465,0.3466991852895953,0.5913101352183512
2024-11-14,0.06190408533557833,0.47626347651176865,0.654980145198403,0.013912795977567356,0.03883458934818984,0.8190185995521096,0.32131224805749986,0.6480449845301851
2024-11-21,0.06015290926124262,0.49435171681637724,0.6555430028010552,0.009608627467764294,0.03681224247303179,0.8261281853981172,0.3045216597732839,0.6357693671277883
2024-11-28,0.06444360258142824,0.5064854480052319,0.6537941222124899,0.00998094791787614,0.04001804585902599,0.8247485841354429,0.3056402926694492,0.591488260029866
2024-12-05,0.06398950546727118,0.5147979950324437,0.6385562907922291,0.010605736251195489,0.038478863337878956,0.8177966123623166,0.3120903154311081,0.6118045126371835
2024-12-12,0.06237984324421103,0.5065435469870226,0.6317904462907703,0.01699604206924561,0.03680069955429896,0.8119067892586819,0.32545811114580664,0.6393349398716115
2024-12-19,0.058986288164934175,0.5140620214422317,0.6360190153229579,0.02310225307526401,0.03531849861292998,0.8142784337465288,0.3261694611172229,0.6291361717614185
2024-12-26,0.06196860378689201,0.5100680997463455,0.6280400427977764,0.02500355920136522,0.03406142966148222,0.8065433839208245,0.33292312511649175,0.6223911377724541
2025-01-02,0.0633796562530224,0.5116342512934222,0.624650479179538,0.02521866692267594,0.033622778323100545,0.8028145515736492,0.3316915166152796,0.6260543283424266
2025-01-09,0.05460009944680243,0.5239809796095178,0.6434825086015143,0.02628256948320335,0.03275028900225619,0.8269728001170359,0.31997718504010114,0.6053044011504706
2025-01-16,0.04933956528494745,0.5210237105899833,0.6452576673642645,0.02564720610604633,0.029845523962809945,0.8355435374930529,0.3154235248734377,0.6377276601119908
2025-01-23,0.05165139692637263,0.518556649436644,0.633805189909911,0.02277695151818737,0.030883863800971877,0.8246093654385581,0.32143040193886635,0.636522410860128
2025-01-30,0.05272006365636849,0.5054548529351106,0.6355226033790424,0.022617703454476695,0.03221571032664643,0.8222484596691257,0.31861051674890145,0.6244784823506541
2025-02-06,0.04505440240525403,0.5100151089498782,0.6459417318182958,0.022331864839579968,0.03460388094264973,0.8242920214271117,0.3102945091050445,0.6080188777686233
2025-02-13,0.04116665289570824,0.5118999890990753,0.619355652603668,0.019790193647368115,0.03256668472654965,0.8350690702701767,0.3349943588917089,0.6172865942814033
2025-02-20,0.04138959469342945,0.5187799079395996,0.6182277661764821,0.01605375585850176,0.03405602498755886,0.825212449449501,0.33321425775734054,0.5983310342888924
2025-02-27,0.038670983170324656,0.5236338520531973,0.6232293622908855,0.021581905325358013,0.0326520689318382,0.8359386745642355,0.330612989100236,0.6190174202526055
2025-03-06,0.03764111692610344,0.524298043676703,0.6169083706074195,0.021217215597395464,0.03241337376187168,0.8346213802430141,0.3316254032421727,0.6386864530412432
2025-03-13,0.03816911151353332,0.5009853120813648,0.6437654247896117,0.02045837809798796,0.031263148911225745,0.8545875966727493,0.30318864930261935,0.6155771035168963
2025-03-20,0.03911741272642728,0.4817684597767844,0.6610053064314205,0.024236718370766644,0.028992950657707038,0.8549523348952877,0.2985839257250142,0.5971990327982845
2025-03-27,0.03391106983986328,0.4902759518029546,0.6396672398474248,0.022763650240387425,0.027410757986939448,0.8565015316115594,0.3202628386048312,0.6253702460567012
2025-04-03,0.030527707258654925,0.4831738121315718,0.6457725955833947,0.025057673538031705,0.02561628800589914,0.854531401763558,0.3246901401051987,0.6439866242329076
2025-04-10,0.030252070538831183,0.47668912625978244,0.648744354801201,0.021381360375179178,0.024850420206618477,0.8602583185991385,0.3300448678871216,0.6567479562144936
2025-04-17,0.028066754348037307,0.4581671197117028,0.6446847539947862,0.024880397402102038,0.01918099869518469,0.8473910505679748,0.3360831388778337,0.6676494793993589
2025-04-24,0.029708226098840478,0.46034198237955726,0.6468461952066283,0.021324947413079515,0.02379056245695044,0.8535551425447966,0.3347232944762782,0.640773431493033
2025-05-01,0.027019207620504332,0.46021065599847805,0.6177419051844514,0.02829396818491098,0.020575103726066465,0.8340405211808776,0.34397703127667684,0.6385274741944742
2025-05-08,0.029742410849845937,0.45102215208136476,0.6251061232184812,0.017359055519647944,0.024474398789919787,0.8472978521866407,0.34487864174584837,0.6347613398366261
2025-05-15,0.026252355777875696,0.4399045918131458,0.636018886639094,0.01547801789844742,0.020757109076632495,0.8469412007390782,0.3341618970655758,0.6122793993594803
2025-05-22,0.029108584861628328,0.4660825509060231,0.6224459704505373,0.020250678400219463,0.02539167785205013,0.8291635323457031,0.3449545054434613,0.5997987555517567
2025-05-29,0.029410896725326194,0.48842329057244005,0.5990969782768977,0.01620853950183862,0.024662160403275468,0.8008344113129968,0.34229841472644057,0.6160419656780671
2025-06-05,0.02441981602608013,0.47023338574008655,0.6021362809695968,0.020025703808736594,0.019982395410469502,0.8050181373271484,0.33942837407922677,0.5853555362839499
2025-06-12,0.02233884370122252,0.49919233303610044,0.5941369324500074,0.016691207114035152,0.021255898321777895,0.8279104879486245,0.33029711647273985,0.6043487118227479
2025-06-19,0.019696469058034353,0.5171820875454152,0.5768738157624519,0.011164049343260873,0.015281627800050976,0.8408923288191243,0.3318689741787516,0.625123520195851
2025-06-26,0.02174766195801977,0.5189420446678772,0.5724255923441157,0.010702051610963693,0.020494671812594126,0.8430528572945841,0.33518792197946595,0.6456618902760829
2025-07-03,0.02113712943765536,0.5231226566079026,0.5881544238707207,0.01017106239570774,0.01921222472713321,0.8529073704158376,0.32642411721276754,0.6614090969291818
2025-07-10,0.021483504398525255,0.5416859052778646,0.5954045140473737,0.013501891362191083,0.01858047889952449,0.8482114715764104,0.329299222003369,0.6779736749576957
2025-07-17,0.021581103829742463,0.5482100291043804,0.6044159933722192,0.009855552985478563,0.029292271167787105,0.8482825580660684,0.3268813609803852,0.6826062327488518
2025-07-24,0.022109424379802352,0.5631739906326096,0.6030584859028301,0.0136558080615938,0.03388164620701315,0.8517248750904384,0.3264205198544071,0.6848849525379884
2025-07-31,0.01933800248974117,0.5659358590810479,0.6017559405668684,0.013950590470433516,0.03164063147081746,0.8611859431783635,0.33110193112360975,0.6712685413097669
2025-08-07,0.021471913215485465,0.5911715983320974,0.5928086199683927,0.012630156562668566,0.03484793947912975,0.8535761284426218,0.3336865586190936,0.6957652652722773
2025-08-14,0.02189831603448788,0.5982355151513415,0.5927805063366857,0.013529762516423665,0.03099195139948311,0.8508419526198449,0.3492982500804289,0.7202787776295042
2025-08-21,0.021052904686033533,0.5915152229906179,0.6003900045011623,0.010020606748559162,0.02952924502209761,0.8539248278068554,0.3411403062419195,0.7248983245299642
2025-08-28,0.02219631537421241,0.6021859314226616,0.6071368966978994,0.013232513039056608,0.030832883127612943,0.8543693939948495,0.35521949432315186,0.7239169166169591
2025-09-04,0.021463186271323768,0.6163302913162189,0.6046458987154891,0.011190724046876219,0.03063653590671087,0.8536324842280837,0.3549381911269273,0.712441588051302
2025-09-11,0.023165412600334237,0.6258109432906553,0.6001501763745452,0.013450875940404476,0.03239066926281929,0.8423676724380192,0.3586995891566979,0.7187256944412527
2025-09-18,0.021642415526601008,0.6358898827411219,0.5944030017505052,0.01213079849154818,0.0306675483566569,0.8380553183415262,0.3683945699275897,0.7263990375167917
2025-09-25,0.018593403150663254,0.6219064037638019,0.6000896825628873,0.013569574237407008,0.026778671494010444,0.8465604122807304,0.3621050014523792,0.720958867661115
2025-10-02,0.019087396919369497,0.6175025353517871,0.5881118217490404,0.014415898061422612,0.025710302966848467,0.8371007726698003,0.37003209696767647,0.6961630091054979
2025-10-09,0.020815216935918087,0.6222791608267457,0.6000691850919139,0.01479383934350559,0.024839161354781727,0.8479845889048286,0.37177705299550373,0.6575746709063576
2025-10-16,0.022710668071736065,0.6285908462618094,0.5952491547338109,0.014797349601197348,0.02555184711618261,0.839363382399506,0.37162637376167573,0.679412409170601
2025-10-23,0.02449567284048098,0.6292171469173021,0.5904339669741937,0.01462353020652604,0.02899982834570845,0.8321942652577363,0.3736865115771806,0.6948387100086141
2025-10-30,0.024535717059496386,0.6226457851985335,0.58917207239846,0.014228380175911628,0.03084326089612717,0.8225584690724682,0.37222739589888104,0.6956479090447746
2025-11-06,0.02532576397889373,0.6278957739077972,0.5934574006254505,0.014616188960664259,0.031777683655957546,0.8298128451335943,0.37184385086669586,0.682026633986547
2025-11-13,0.022220839870508134,0.6311778805402303,0.5851417908898929,0.014538967730340023,0.027930641806531906,0.8306779892042848,0.3745229740388937,0.687907453439942
2025-11-20,0.025272552451130567,0.6021910629035025,0.5795421261024131,0.014076386224076901,0.03345524782717718,0.8205170944410263,0.4065760182195317,0.6584299207024928
2025-11-27,0.023879826030569148,0.6035993959749861,0.5808231172987477,0.01360429858390967,0.03326165508652121,0.8131609639288148,0.4057527636466158,0.6746069341511985
2025-12-04,0.026275573979084848,0.6071727055851661,0.5789427989984789,0.012444523182243246,0.03414805887088117,0.8197273613254377,0.40610782783203403,0.6623331875680687
2025-12-11,0.02054057562076267,0.6114043015794655,0.5866500973211841,0.012701530210240567,0.029535415993594077,0.8281525995543391,0.40290950819325544,0.6432283196492492
2025-12-18,0.019487664760550936,0.6116182989130285,0.5916666856979198,0.012210735069021792,0.027396165069558113,0.8373376188615463,0.3923026396628126,0.6408022048973303
2025-12-25,0.02015254288237726,0.6072657442477731,0.5905900224903344,0.012031486173934116,0.02622104667217544,0.8437621322996284,0.3884714257138915,0.6450441084662558
2026-01-01,0.020040031640662846,0.6032728768155569,0.5924587023584351,0.01281299927614485,0.02680204644731976,0.8490498208044603,0.379423437267596,0.621830263490903
2026-01-08,0.019704990645640866,0.6105949831155647,0.5873732218604036,0.012579027447862734,0.02870466954014015,0.846161404395501,0.38428312378857904,0.6115165142496877
2026-01-15,0.018109446478546957,0.5998448920511386,0.6068973888489558,0.013525452978898459,0.02597907379518304,0.851254445649674,0.37832932860060847,0.613201266906195
2026-01-22,0.01807467076830235,0.5990957790217889,0.6109170441628095,0.013909981798674885,0.026242819130427395,0.8566359259360408,0.37276385452269056,0.6023836084389309
2026-01-29,0.017798219338543947,0.5961259171249716,0.614340712651395,0.012980225042570244,0.025825830152831818,0.8598827390280205,0.37071086807715337,0.600226211599397
2026-02-05,0.01786084518555456,0.6033204677760762,0.6031820915029,0.013985343253090119,0.02609738407081114,0.8501769640967823,0.3762734046532943,0.5963682898938832
2026-02-12,0.017985191409853978,0.6014326246279664,0.5983667207813289,0.013132892777418342,0.026100780526669864,0.8408964105202956,0.3753139901462632,0.5786297704403798
2026-02-19,0.01893301630205141,0.6054541260135528,0.5781921625240644,0.014812682251260968,0.026742739631725947,0.8324335253032408,0.39266910420142825,0.5367096590519067
