spotify_uri,track_name,artist_names,action,shironet_url,note,pct_streams
spotify:track:2fewVF6oOGKux69rHGbPMq,צוחקת ובוכה,Eden Hason,none,,different song with the same title (Shironet: אילנית ורון שובל),0.555
spotify:track:3RBpmZJ0YG9abVBXI2U1UO,את חסרה לי,Eden Hason,none,,different song with the same title (Shironet: רחמים ג'נאח),0.384
spotify:track:3XSSUNQJHy7GTWtSHHITq5,השם ירחם,Tuna,none,,different song with the same title (Shironet: איתי זבולון),0.339
spotify:track:2Ozw7k5CLtM5W9SomrOyjw,Hurricane,Eden Golan,none,,non-Hebrew lyrics / different song; excluded,0.318
spotify:track:6gGbQIKS0dyNQrJfUatt46,רוזה,Omer Adam,none,,different song with the same title (Shironet: יהורם גאון),0.241
spotify:track:3yyHRwblo5kk0fH9pfMP6M,ביחד,"Marina Maximilian, Guy Mentesh",none,,different song with the same title (Shironet: אריאל גל),0.22
spotify:track:0CBpvL8Z0NRdazbJ4HDm9M,תרקדי (7.10.23),Osher Cohen,none,,different song with the same title (Shironet: משה פרץ),0.204
spotify:track:0h9lqpfcS37U6zvDCKwQhX,אייכה,Shuli Rand,url,https://shironet.mako.co.il/artist?type=lyrics&lang=1&prfid=939&wrkid=20224,same song; artist name spelled/transliterated differently on Shironet,0.195
spotify:track:2PpTUW96jjJYr8ib8RUnUu,י'א 2,Tuna,url,https://shironet.mako.co.il/artist?type=lyrics&lang=1&prfid=16260&wrkid=45727,same song; artist name spelled/transliterated differently on Shironet,0.182
spotify:track:7o6UDPFWtYrjUZnRvi1dvO,איך אפשר,Jane Bordeaux,none,,different song with the same title (Shironet: יהונתן וענונו),0.181
spotify:track:2Nn5rAJpUi1AhPIubW6HU7,בני ברק או ערק,מ',url,https://shironet.mako.co.il/artist?type=lyrics&lang=1&prfid=25876&wrkid=61813,same song; artist name spelled/transliterated differently on Shironet,0.181
spotify:track:6Eds9y8ZiQHcIegsEIVcYP,את חסרה לי & אורות,"Avraham Tal, Eden Hason",ask_dana,,possible cover or partial medley match - needs a human who knows the song,0.179
spotify:track:3X0WwsNHfSqpd85A9Iggr2,38 וחוץ מכדורגל,"Hanan Ben Ari, Peer Tasi",ask_dana,,possible cover or partial medley match - needs a human who knows the song,0.158
spotify:track:0ZFQYK9u8C1nGLXXb4y17W,קירות,Itay Levi,none,,different song with the same title (Shironet: יפית טסה),0.151
spotify:track:5qOxJdYpngdcI4shMGYo8S,רובים ותלתלים,Tuna,none,,different song with the same title (Shironet: איתי זבולון),0.144
spotify:track:02mgxr6NgCwAVtuLtttDUB,מדאם,Noam Bettan,url,https://shironet.mako.co.il/artist?type=lyrics&lang=1&prfid=19936&wrkid=62843,same song; artist name spelled/transliterated differently on Shironet,0.143
spotify:track:6SsIHyxHGkKaN9MET0k11l,הכל יהיה,Blue Pill,url,https://shironet.mako.co.il/artist?type=lyrics&lang=1&prfid=9742&wrkid=46733,same song; artist name spelled/transliterated differently on Shironet,0.132
spotify:track:12ddpfSEpTUe2iixjUvLl6,זזה עם הגוף,"LifeSwisa, RONNY",none,,different song with the same title (Shironet: ANIHU),0.127
spotify:track:5edYMsNo852Zw29Qni9p8t,בובה,Noam Bettan,none,,different song with the same title (Shironet: עמנואל מרון),0.124
spotify:track:1H5GUNNCrurtyoOKbS2tT8,New Day Will Rise,"Yuval Raphael, כאן - תאגיד השידור הישראלי",none,,non-Hebrew lyrics / different song; excluded,0.12
spotify:track:5e4PVtYVBu9BpJVhmQhIvS,שמש,Hanan Ben Ari,none,,different song with the same title (Shironet: לירז גרין),0.114
spotify:track:6aYvWy72gVdkip3Yco9osi,חתולים,"Jimbo J, Ravid Plotnik",none,,different song with the same title (Shironet: ג'ירפות),0.111
spotify:track:2TlbpPgFuDkTqYNv01Amcv,מקום לשנינו & השם יברך אותך - מתוך חזרות לפסטיבל התמר 2025,"Idan Amedi, Osher Cohen",url,https://shironet.mako.co.il/artist?type=lyrics&lang=1&prfid=12746&wrkid=53929 | https://shironet.mako.co.il/artist?type=lyrics&lang=1&prfid=16196&wrkid=62639,both medley parts by the credited artists,0.108
spotify:track:0BIn5KNnPdnDZrLJ2qLXnp,תהיה בנאדם,מ',url,https://shironet.mako.co.il/artist?type=lyrics&lang=1&prfid=25876&wrkid=64532,same song; artist name spelled/transliterated differently on Shironet,0.103
spotify:track:3idINUuyRidKbQiMFt6EkU,משוגעת,"Gal Adam, NOROZ",none,,different song with the same title (Shironet: שון בלו),0.101
spotify:track:5nhdL0kvFVnRLIuygOcfQ9,מחשבות,Yossi Shitrit,none,,different song with the same title (Shironet: דורי יער),0.1
spotify:track:5liIuoKq6hJZOheB95eTCt,אגרוף,Eden Ben Zaken,none,,different song with the same title (Shironet: בת אל פאפורה),0.092
spotify:track:4JSUFLR3Uo7FPCfNDRxIrx,ברחובות של תל אביב,Eden Ben Zaken,none,,different song with the same title (Shironet: בן מצמבר),0.079
spotify:track:1hPyp13B8rWWxAduMcPsdM,אהבת אותי,"Tuna, Ravid Plotnik",none,,different song with the same title (Shironet: משינה),0.068
spotify:track:3kgOZqPw2xurllVbuNxg8E,נשמה שלי את,אבירם עמר,none,,different song with the same title (Shironet: בריו),0.049
spotify:track:093NpjRdVPM0zE1GlT4gNo,אם את חייבת/אינטרו,Vibe Ish,ask_dana,,possible cover or partial medley match - needs a human who knows the song,0.048
spotify:track:7Jh8Ar4buQNTT3s3iHJjkj,היה מדבר,Tuna,none,,different song with the same title (Shironet: איתי זבולון),0.045
spotify:track:6FbmUqAPNiQ5IXxMTNKV3u,לילה,Omer Adam,none,,different song with the same title (Shironet: נונו),0.042
spotify:track:7JoXEwDsbey37yMghVbIub,הריני,"Ravid Plotnik, Eviatar Banai",none,,different song with the same title (Shironet: אסף הרוש),0.039
spotify:track:3s13Ypsdj82Uolj75MBE5f,היום,Noam Bettan,none,,different song with the same title (Shironet: סאבלימינל עם ליבי פנקר),0.038
spotify:track:08vuE9ILz25hjgRX4K5tQT,בואי נדבר,"שירז אברהם, Shlomo Levi",none,,different song with the same title (Shironet: ששון איפרם שאולוב),0.038
spotify:track:2L2vg2n4bU1CVLlpKbQhef,שיר ללא שם,Eviatar Banai,ask_dana,,possible cover or partial medley match - needs a human who knows the song,0.038
spotify:track:58m9mqwBLliFpIFSYzprSn,עטלף עיוור,Eyal Golan,none,,different song with the same title (Shironet: חנן בן ארי),0.037
spotify:track:4j6zwZXmowzteSNjeqq1np,איך את אוהבת,Eden Hason,none,,different song with the same title (Shironet: אושר כהן),0.036
spotify:track:5fKgzl3NkOSBwVdsYRqxdd,אהבה חולה,"הכוכב הבא, Noam Bettan",none,,different song with the same title (Shironet: ליעם חכמון),0.034
spotify:track:7nMomFVtkNlufbOUqb89ey,וואי,Omer Adam,none,,different song with the same title (Shironet: עומר אדם),0.033
spotify:track:0MhNrKywHeTXXyWRJt7UDn,מגנט + הייתי חוזרת (מתוך החזרות למופע פול ווליום),"Eden Ben Zaken, ששון איפרם שאולוב",ask_dana,,possible cover or partial medley match - needs a human who knows the song,0.032
spotify:track:1B6qAMPiD7sv3WNI90ELMz,אור הירח,"Jasmin Moallem, Tuna",none,,different song with the same title (Shironet: דנה לפידות),0.031
spotify:track:5rg4MXC9LBysvrBLrt6i3O,אני שלך,Avraham Tal,none,,different song with the same title (Shironet: עדן אבוטבול),0.03
spotify:track:5BK8QQs9NhYRFGQHx8GMAG,שיר לאמא,Alon Eder,none,,different song with the same title (Shironet: ישראל ברייט),0.029
spotify:track:66KxDVMUHeV3gv4F3KTp2n,לחזור הביתה,Hatikva 6,none,,different song with the same title (Shironet: עובדיה חממה),0.028
spotify:track:5N9I2p1Z9K4hi6Rs6FmgNF,אהבות ליום אחד,Noam Bettan,url,https://shironet.mako.co.il/artist?type=lyrics&lang=1&prfid=19936&wrkid=51767,same song; artist name spelled/transliterated differently on Shironet,0.027
spotify:track:6WHn7yqwDVstOlOsdU7UEt,רק תגידי,Ofek Adanek,none,,different song with the same title (Shironet: הדר עמרם),0.021
spotify:track:5ogS9Gv62PA9a8h3nL2bEX,אבל את,"Meir Banai, Eviatar Banai",url,https://shironet.mako.co.il/artist?type=lyrics&lang=1&prfid=497&wrkid=8337,Meir & Eviatar Banai performing Yossi Banai's song,0.021
spotify:track:2Yfd4lEjv3Ah7lLHEAYX50,נגמר,Idan Amedi,none,,different song with the same title (Shironet: תמר יהלומי ויונתן קלימי),0.021
spotify:track:0igXa4xOZowEJUNPhUbPwr,ממי את יודעת איך,"Tuna, Sima Noon",none,,different song with the same title (Shironet: איתי זבולון),0.02
spotify:track:1b8Zi0VlYH3M7eeXQZ7APz,בגלגול הבא,Odeya,none,,different song with the same title (Shironet: חיים סינואני),0.019
spotify:track:0bSlaaneF4lLymoMouvxfH,לילות וקללות,"הכוכב הבא, Noam Bettan",url,https://shironet.mako.co.il/artist?type=lyrics&lang=1&prfid=10755&wrkid=60052,HaKochav HaBa cover of Omer Adam original,0.019
spotify:track:53vzjmA9qNy7aztCbYUSEG,דמיון חופשי,Eviatar Banai,ask_dana,,possible cover or partial medley match - needs a human who knows the song,0.018
spotify:track:1VHwRD9MZUk5mEx93HeFAP,פרפר,Peer Tasi,none,,different song with the same title (Shironet: אייל גולן),0.016
spotify:track:6UGXKQw2JzoZ3R27txXljp,שבורי לב,Hanan Ben Ari,none,,different song with the same title (Shironet: חנה אדרי),0.016
spotify:track:3W2ivfrQP1kG0Uh5IBJn7P,כד קטן,Yorik Ben David,url,https://shironet.mako.co.il/artist?type=lyrics&lang=1&prfid=806&wrkid=3653,traditional/children's holiday song: lyrics identical across performers,0.016
spotify:track:3uarXYLXAPlF4ZU5qUjU7U,היא לא את,Eyal Golan,none,,different song with the same title (Shironet: אתי לוי),0.015
spotify:track:2saHrb2XITEyOmjVfq4EPn,ליפול ולקום,Kapelyo,none,,different song with the same title (Shironet: הדר זכריה),0.015
spotify:track:7xSRAkFFuCp5gAy0sks1PH,ירושלים,מ',none,,different song with the same title (Shironet: עומר אדם),0.014
spotify:track:6FUS9A5cVHAHenMxMszfIL,בעיר שלי,Noam Bettan,url,https://shironet.mako.co.il/artist?type=lyrics&lang=1&prfid=19936&wrkid=52822,same song; artist name spelled/transliterated differently on Shironet,0.014
spotify:track:05rB9PRfCF0MwbaANvs1lj,בואי נדבר,"שירז אברהם, Shlomo Levi",none,,different song with the same title (Shironet: ששון איפרם שאולוב),0.013
spotify:track:3V4B7W0svTALLSvEKZLmoX,יאכטה,Tuna,none,,different song with the same title (Shironet: איתי זבולון),0.013
spotify:track:7v7nrrYMIdugbGRAseawG9,DEJA VU,Noa Kirel,none,,non-Hebrew lyrics / different song; excluded,0.012
spotify:track:6dUregFbvUNqHP5nphqesK,Unicorn,"Noa Kirel, כאן - תאגיד השידור הישראלי",none,,non-Hebrew lyrics / different song; excluded,0.011
spotify:track:0op6IBN7AhDJEsYl4KpBcH,לא ידעתי שתלכי ממני,"הכוכב הבא, אור כהן",url,https://shironet.mako.co.il/artist?type=lyrics&lang=1&prfid=41&wrkid=1811,HaKochav HaBa cover of Eviatar Banai original,0.011
spotify:track:3LBSTYr6obFNcK0iICM0Dg,מה עשית לי,Eden Hason,none,,different song with the same title (Shironet: יוסי עדן),0.011
spotify:track:6TKjmsOfHzgVhn1L4LoJN2,קחי לך זמן,"הכוכב הבא, דניאל עזר, Tamir Levy",ask_dana,,possible cover or partial medley match - needs a human who knows the song,0.011
spotify:track:6BwmUxwyDCz4CzcYGJyrOI,לתת ולקחת,"הכוכב הבא, Noam Bettan",ask_dana,,possible cover or partial medley match - needs a human who knows the song,0.011
spotify:track:58NBSNdG8s0jSikjPRmdjS,סביבון,Hana Laszlo,url,https://shironet.mako.co.il/artist?type=lyrics&lang=1&prfid=2315&wrkid=19620,traditional/children's holiday song: lyrics identical across performers,0.01
spotify:track:5L9736UQGwCXyT3rRU9fR7,חי (שיר הנושא מתוך לשחרר את שולי סאן),Omer Adam,none,,different song with the same title (Shironet: עומר אדם),0.01
spotify:track:7eryoo7Obzh5KJI9jcYAFy,תחת אש,Tuna,none,,different song with the same title (Shironet: איתי זבולון),0.01
spotify:track:77hre9TJEQOFgciNAAlEMQ,אהובה שלי,Eden Hason,none,,different song with the same title (Shironet: דודו אהרון),0.01
spotify:track:7Jczj2J8z1CnhrYCIc5Apm,אל תפחד,Eviatar Banai,ask_dana,,possible cover or partial medley match - needs a human who knows the song,0.009
spotify:track:4GLfvVXJvSxsNdHa1sjB0D,מה אעשה,Eviatar Banai,none,,different song with the same title (Shironet: ארז לב ארי),0.009
spotify:track:1RgcguEJ0u7iERSNP8jyZQ,חברים שלי,LIAD MEIR,none,,different song with the same title (Shironet: זאב טנא),0.009
spotify:track:7vn9SIc4NraLuIMzUeCK2o,שרק תחייך,Yuval Dayan,none,,different song with the same title (Shironet: יובל טייב),0.009
spotify:track:1nMRFLyQ9PtgOkHaOg2g2W,ניצחת איתי הכל,"הכוכב הבא, Noam Bettan",url,https://shironet.mako.co.il/artist?type=lyrics&lang=1&prfid=965&wrkid=10000,HaKochav HaBa cover of Shlomi Shaban original,0.008
spotify:track:0I6rh1Fz1zmJZARsxyo7v6,צבעים,"Gil Vain, Ron Buhnik",none,,different song with the same title (Shironet: יוני רועה),0.008
spotify:track:0g8AjHiTKGUrJbcfpsAnkO,It's So Hard,"Red Band, Moran Aharoni, הכוכב הבא",none,,non-Hebrew lyrics / different song; excluded,0.008
spotify:track:5orJto3LxfslzVPzNcLnVa,היסטוריה,"עידו מלכה, מאיה קיי, Participants of Festigal",none,,different song with the same title (Shironet: עומר קורן),0.007
spotify:track:27Sd1OtzjDaGURaArp3ssz,לך אלי,Meir Banai,none,,different song with the same title (Shironet: שיראל ביתן),0.006
spotify:track:6FjNzE8JzBiQCNcvUL1iCE,גשם,Vibe Ish,none,,different song with the same title (Shironet: אבימאיר),0.006
spotify:track:336bQZpuJyMAYOxeXDGZy7,בראש השנה,Naomi Shemer,ask_dana,,possible cover or partial medley match - needs a human who knows the song,0.006
spotify:track:18dKjJC84HdK7WarEW9XB2,רק לפעמים,מ',url,https://shironet.mako.co.il/artist?type=lyrics&lang=1&prfid=25876&wrkid=65461,same song; artist name spelled/transliterated differently on Shironet,0.005
spotify:track:5U65PDnwacprNvj7kDkPO6,יש בך,Eviatar Banai,none,,different song with the same title (Shironet: פסטיגל 2020),0.005
spotify:track:0HSOBKpR7EiHP06n8gAGFh,כל כך מוכר,"הכוכב הבא, Udi Schneider",ask_dana,,possible cover or partial medley match - needs a human who knows the song,0.005
spotify:track:07uIhNfeg1X7QZBl5BRxUK,אוחילה,Ishay Ribo,none,,different song with the same title (Shironet: יוסי אזולאי),0.005
spotify:track:5SwAqyLNQggJ8ZsH7kDonT,מעוז צור,"Dalia Amihud, Kids Choir",url,https://shironet.mako.co.il/artist?type=lyrics&lang=1&prfid=4760&wrkid=63011,traditional/children's holiday song: lyrics identical across performers,0.005
spotify:track:6oOmpBInMQ3uOzgfRB4Z71,באנו חושך לגרש,Chavura,url,https://shironet.mako.co.il/artist?type=lyrics&lang=1&prfid=18919&wrkid=49771,traditional/children's holiday song: lyrics identical across performers,0.005
spotify:track:0pCh1MtPvEBDXx8y6Hbpio,עדלאידע,"שוקי סלומון, Arik Dvir",ask_dana,,possible cover or partial medley match - needs a human who knows the song,0.005
spotify:track:4IFQD1thQ2rgSgt5rXXqqp,ליצן קטן נחמד,Ruchama Raz,url,https://shironet.mako.co.il/artist?type=lyrics&lang=1&prfid=806&wrkid=3886,traditional/children's holiday song: lyrics identical across performers,0.004
spotify:track:7LqyrZRChL74oFbjYx7QX8,היה נחמד,"הכוכב הבא, Yuval Gold",url,https://shironet.mako.co.il/artist?type=lyrics&lang=1&prfid=21218&wrkid=62572,performer's own song (Yuval Gold),0.004
spotify:track:2kGlyGO41yJcLwBz3Czejq,דם שלי,Eden Ben Zaken,none,,different song with the same title (Shironet: אודיה אזולאי),0.004
spotify:track:026Zbu5XXqb4LktYv4RXWa,פרפרים בבטן,"LIAD MEIR, Moran Mazor",none,,different song with the same title (Shironet: איתי הררי),0.004
spotify:track:7q4kvgrBDzcLZ127CDLSj9,הנרות הללו,"Dalia Amihud, Kids Choir",url,https://shironet.mako.co.il/artist?type=lyrics&lang=1&prfid=806&wrkid=6042,traditional/children's holiday song: lyrics identical across performers,0.004
spotify:track:2xJ2U2vyuAvbYbdmvG9QfL,מעוז צור,"Dalia Amihud, Kids Choir",url,https://shironet.mako.co.il/artist?type=lyrics&lang=1&prfid=4760&wrkid=63011,traditional/children's holiday song: lyrics identical across performers,0.004
spotify:track:0XNXjle2vmmm3qgLApGi3L,באנו חושך לגרש,Chavura,url,https://shironet.mako.co.il/artist?type=lyrics&lang=1&prfid=18919&wrkid=49771,traditional/children's holiday song: lyrics identical across performers,0.004
spotify:track:2jCP2LzrztPq7MSwKNP28j,אלבי,Omer Adam,none,,different song with the same title (Shironet: עומר אדם),0.003
spotify:track:427KgFyKa6OhI4Bqu3G9Cb,סביבון,Hana Laszlo,url,https://shironet.mako.co.il/artist?type=lyrics&lang=1&prfid=2315&wrkid=19620,traditional/children's holiday song: lyrics identical across performers,0.003
spotify:track:1LaaLAzuCV0N785i5snlGF,חנוכה חנוכה,"Dalia Amihud, Kids Choir",url,https://shironet.mako.co.il/artist?type=lyrics&lang=1&prfid=806&wrkid=3638,traditional/children's holiday song: lyrics identical across performers,0.003
spotify:track:6swbk6pNdei7S5ZRtdyApp,אחרי החגים,Eviatar Banai,none,,different song with the same title (Shironet: אבי טולדנו ועופרה חזה),0.003
spotify:track:1jlRBIzjwY248pSQS8wdpE,באנו חושך לגרש,"Hop! Channel, Sharonit Children Choir",url,https://shironet.mako.co.il/artist?type=lyrics&lang=1&prfid=18919&wrkid=49771,traditional/children's holiday song: lyrics identical across performers,0.003
spotify:track:6VshpKQ55Z31tJQiCI4wJI,חנוכיה לי יש,Dudu Elharar,url,https://shironet.mako.co.il/artist?type=lyrics&lang=1&prfid=4760&wrkid=63013,traditional/children's holiday song: lyrics identical across performers,0.003
spotify:track:2w2yDqoMHaHoB25X8a4XGR,מחפש את הכיוון,Eviatar Banai,ask_dana,,possible cover or partial medley match - needs a human who knows the song,0.003
spotify:track:1SEFRCe0y7bIJKXrCz4g90,ימי החנוכה,Makhelat Yeladim,url,https://shironet.mako.co.il/artist?type=lyrics&lang=1&prfid=806&wrkid=3640,traditional/children's holiday song: lyrics identical across performers,0.003
spotify:track:23YI5ICXNXlaVnr6CEMvaA,ליצן קטן נחמד,Ruchama Raz,url,https://shironet.mako.co.il/artist?type=lyrics&lang=1&prfid=806&wrkid=3886,traditional/children's holiday song: lyrics identical across performers,0.003
spotify:track:2iSzY4U1N4GshwiDYEVTuZ,שיר אהבה טרי,Eviatar Banai,ask_dana,,possible cover or partial medley match - needs a human who knows the song,0.003
spotify:track:2V5dl36PGbC6osvNTx8kE7,נר לי,Ruchama,url,https://shironet.mako.co.il/artist?type=lyrics&lang=1&prfid=806&wrkid=3645,traditional/children's holiday song: lyrics identical across performers,0.003
spotify:track:2tNQeBWYhwFGqbDq53if0s,חוזר לעצמי,Eden Hason,none,,different song with the same title (Shironet: פן חזות),0.003
spotify:track:0dutoNQWL1xJBU5JpOcbNi,בסיבוב הבא (לייב מתוך 'העשירייה' בכאן גימל),"נדב חנציס, כאן גימל",none,,different song with the same title (Shironet: ערן ויץ),0.002
spotify:track:4r5E6wRRSOVUTrmrHKYlLm,עוד טיפה,"Eden Ben Zaken, Ofek Adanek",none,,different song with the same title (Shironet: שולי רנד),0.002
spotify:track:0jPtqyNeV0MlKYBJP1iyUz,ימי החנוכה,Makhelat Banot,url,https://shironet.mako.co.il/artist?type=lyrics&lang=1&prfid=4760&wrkid=63014,traditional/children's holiday song: lyrics identical across performers,0.002
spotify:track:69CPAaEBVZLFEebBIIhZ03,הדייגים,Eviatar Banai,none,,different song with the same title (Shironet: בית ספר לנבואה),0.002
spotify:track:5YNiqqi7OmJhKcyz6g7QF7,חלל,Eviatar Banai,none,,different song with the same title (Shironet: אמיר דדון),0.002
spotify:track:0kb42sln40xKrX5wgwU1ak,Cry,Mergui,none,,non-Hebrew lyrics / different song; excluded,0.002
spotify:track:2TDC45f5lK7QIN5K5zhI2C,סימני דרך,Hanan Ben Ari,none,,different song with the same title (Shironet: האירוסים),0.002
spotify:track:4IU2Ckcgd9W8ONOpAj8VDK,משנכנס אדר,Yorik Ben David,url,https://shironet.mako.co.il/artist?type=lyrics&lang=1&prfid=510&wrkid=35091,same song; artist name spelled/transliterated differently on Shironet,0.002
spotify:track:2JAYY8Ts7FruUCEXxE07Nt,LIVING ROOM,"maryjo, Mergui",none,,non-Hebrew lyrics / different song; excluded,0.002
spotify:track:5J4nO4cqIUUCKeUgkU33yA,לא נגמר,הגר יפת,none,,different song with the same title (Shironet: מאור כהן),0.002
spotify:track:2GTiBbjPnoJeH20wD0Frrh,⁠סוד,Eden Ben Zaken,none,,different song with the same title (Shironet: הדס דגול שמרלינג),0.002
spotify:track:5rAq5A04MbvQYDWKJsKsTy,חג פורים,Dorit Reuveni,url,https://shironet.mako.co.il/artist?type=lyrics&lang=1&prfid=806&wrkid=3887,traditional/children's holiday song: lyrics identical across performers,0.002
spotify:track:5ROswswUSxvwCkk8CiODGB,חנוכיה לי יש,Dudu Elharar,url,https://shironet.mako.co.il/artist?type=lyrics&lang=1&prfid=4760&wrkid=63013,traditional/children's holiday song: lyrics identical across performers,0.002
spotify:track:7AHyE0P9UKYVmrz0YVwCQP,אני פורים,Osnat Paz,url,https://shironet.mako.co.il/artist?type=lyrics&lang=1&prfid=806&wrkid=4672,traditional/children's holiday song: lyrics identical across performers,0.002
spotify:track:37UoK4f7ghXOirEorXNsqb,אוויר לנשימה,Eden Hason,none,,different song with the same title (Shironet: נסרין קדרי),0.002
spotify:track:08zWr8F1jIrBBDEaBB2EuU,עדלאידע,"שוקי סלומון, Arik Dvir",ask_dana,,possible cover or partial medley match - needs a human who knows the song,0.002
spotify:track:5paLSZ9sF5jc3aSOSjQf3b,אהלן וסהלן,Lehakat Sfataim,none,,different song with the same title (Shironet: התיירים),0.002
spotify:track:7vXv8385iNKK2cdja1sHrU,תשמור עלי,"יאיר אלייצור, E-Z, Bar Tzabary",none,,different song with the same title (Shironet: מאיה דדון),0.002
spotify:track:2wsDi2x4zDbBWSOLqWcjuj,אהבה גדולה,"Maor Edri, נאור אדרי",none,,different song with the same title (Shironet: ארז דן),0.002
