issue,spotify_uri,track_name,artist_names,total_streams,peak_rank,shironet_title,shironet_artist,shironet_url,cum_share_of_problem_streams,correct_shironet_url,status,notes
wrong artist on Shironet,spotify:track:34aKXUhVdHGTzWOt85RjGq,אהבה,Osher Cohen,9639816,1,אהבה,ריין סובוטקה,https://shironet.mako.co.il/artist?type=lyrics&lang=1&prfid=26150&wrkid=65328,0.038,,,
no lyrics found,spotify:track:7kFo0ivGlvuzIWmODfmrjF,אחת ממיליון,רון חיון,9195384,1,,,,0.074,,,
wrong artist on Shironet,spotify:track:3XSSUNQJHy7GTWtSHHITq5,השם ירחם,Tuna,7299993,6,השם ירחם,איתי זבולון,https://shironet.mako.co.il/artist?type=lyrics&lang=1&prfid=4847&wrkid=63825,0.102,,,
no lyrics found,spotify:track:44GSjYhBxuuKx0ikN5Dmag,יהיה טוב & מים שקופים,"Omer Adam, Jasmin Moallem",7204937,2,,,,0.131,,,
wrong artist on Shironet,spotify:track:2fewVF6oOGKux69rHGbPMq,צוחקת ובוכה,Eden Hason,6236167,4,צוחקת ובוכה,אילנית ורון שובל,https://shironet.mako.co.il/artist?type=lyrics&lang=1&prfid=4245&wrkid=13339,0.155,,,
no lyrics found,spotify:track:0QDGzInNYjTlYI28Xq7slK,לאהוב אותך כל יום,"Doli & Penn, Eden Hason",5597350,1,,,,0.177,,,
no lyrics found,spotify:track:7BcRDWY4VTCvRRHoobFWWo,סהרה - Live,"Tuna, Jasmin Moallem",5472371,1,,,,0.198,,,
no lyrics found,spotify:track:5bFrsEk5efTVlOTwtLBLn2,טאטע תטהר - גרסה אקוסטית,"יאיר אלייצור, Ben Zur",5210528,7,,,,0.219,,,
wrong artist on Shironet,spotify:track:6gGbQIKS0dyNQrJfUatt46,רוזה,Omer Adam,5183018,11,רוזה,יהורם גאון,https://shironet.mako.co.il/artist?type=lyrics&lang=1&prfid=465&wrkid=2807,0.239,,,
wrong artist on Shironet,spotify:track:3RBpmZJ0YG9abVBXI2U1UO,את חסרה לי,Eden Hason,4981619,1,את חסרה לי,שימי תבורי,https://shironet.mako.co.il/artist?type=lyrics&lang=1&prfid=955&wrkid=13145,0.259,,,
no lyrics found,spotify:track:5wXHoXp3DCnzuqZOE6rY0a,סיפורי צדיקים,"Odeya, Ben Zur",4580805,5,,,,0.277,,,
no lyrics found,spotify:track:1oZbzZEpWVtmwMjxo12SzV,רוקי,Odeya,4437502,2,,,,0.294,,,
no lyrics found,spotify:track:0CBpvL8Z0NRdazbJ4HDm9M,תרקדי (7.10.23),Osher Cohen,4253507,10,,,,0.311,,,
no lyrics found,spotify:track:6Eds9y8ZiQHcIegsEIVcYP,את חסרה לי & אורות,"Avraham Tal, Eden Hason",3667744,11,,,,0.325,,,
no lyrics found,spotify:track:2PpTUW96jjJYr8ib8RUnUu,י'א 2,Tuna,3417723,21,,,,0.339,,,
no lyrics found,spotify:track:3X0WwsNHfSqpd85A9Iggr2,38 וחוץ מכדורגל,"Hanan Ben Ari, Peer Tasi",3409864,13,,,,0.352,,,
no lyrics found,spotify:track:4y4CClBoVYR9rXmeL5oK9c,לי ולה,"Ravid Plotnik, Avishai Cohen",3326677,57,,,,0.365,,,
no lyrics found,spotify:track:4lBl6TVdZKF7KyLVw68JfP,שממה,Ori Ben Ari,3308966,51,,,,0.378,,,
no lyrics found,spotify:track:1Rh5r9vUOumJ1sbPuv3dkO,עד שתבואי עד אליי,Eden Hason,3286905,5,,,,0.391,,,
no lyrics found,spotify:track:5qOxJdYpngdcI4shMGYo8S,רובים ותלתלים,Tuna,3102353,4,,,,0.403,,,
no lyrics found,spotify:track:3yyHRwblo5kk0fH9pfMP6M,ביחד,"Marina Maximilian, Guy Mentesh",3087836,14,,,,0.415,,,
no lyrics found,spotify:track:4abB8WdkswrxWxcV2e56x9,גדל לי קצת זקן,Eden Hason,2752407,2,,,,0.426,,,
wrong artist on Shironet,spotify:track:12ddpfSEpTUe2iixjUvLl6,זזה עם הגוף,"LifeSwisa, RONNY",2737143,49,זזה עם הגוף,ANIHU,https://shironet.mako.co.il/artist?type=lyrics&lang=1&prfid=23014&wrkid=51895,0.437,,,
no lyrics found,spotify:track:5qbezFG8xCtoyUfOcjHUXv,אני,Omer Adam,2671393,1,,,,0.447,,,
wrong artist on Shironet,spotify:track:79frUUdqTcE1Qll6Twt8Ds,לב יפה,Ron Buhnik,2656692,22,לבן זה יפה,בוטן מתוק בקרקס,https://shironet.mako.co.il/artist?type=lyrics&lang=1&prfid=2126&wrkid=7919,0.457,,,
no lyrics found,spotify:track:05N02mZEB9QHcEacmFCJCB,נופלת לך,Rinat Bar,2595385,41,,,,0.468,,,
wrong artist on Shironet,spotify:track:3cmplhlwMZyQbuTHThyGe7,מחכה,Idan Rafael Haviv,2489107,46,מחכה לך,עטר מיינר,https://shironet.mako.co.il/artist?type=lyrics&lang=1&prfid=21179&wrkid=65537,0.477,,,
no lyrics found,spotify:track:6qi83Ret9Yok9PfZWzmdZk,חסר/ה לי ברמות,"בנאל בן ציון, שירז אברהם",2462509,13,,,,0.487,,,
no lyrics found,spotify:track:5CkagnykIgnpOEorVEHgCF,בדיוק כמו שאני,Ravid Plotnik,2435881,81,,,,0.497,,,
no lyrics found,spotify:track:7jIQI2hhTqgBB7xga5jTWA,מלכת הקרח,נתנאל דהאן,2355488,25,,,,0.506,,,
no lyrics found,spotify:track:5JGVm5Xshr1IlNlW9phZFQ,לא תראה אותי בוכה,Eden Hason,2351493,18,,,,0.515,,,
no lyrics found,spotify:track:6YQpTZk61Ku0hyutsVLpPe,חיפשתי אותו בנרות,Eden Ben Zaken,2347822,31,,,,0.524,,,
wrong artist on Shironet,spotify:track:7o6UDPFWtYrjUZnRvi1dvO,איך אפשר,Jane Bordeaux,2324038,83,איך אפשר,יהונתן וענונו,https://shironet.mako.co.il/artist?type=lyrics&lang=1&prfid=19985&wrkid=45454,0.533,,,
no lyrics found,spotify:track:7mBGGsJwx4o8NiqWfmAJ96,כפרה שלי,Ravid Plotnik,2323990,49,,,,0.542,,,
no lyrics found,spotify:track:2TlbpPgFuDkTqYNv01Amcv,מקום לשנינו & השם יברך אותך - מתוך חזרות לפסטיבל התמר 2025,"Idan Amedi, Osher Cohen",2317896,19,,,,0.551,,,
wrong artist on Shironet,spotify:track:3idINUuyRidKbQiMFt6EkU,משוגעת,"Gal Adam, NOROZ",2163626,4,יא משוגעת,חיים צינוביץ',https://shironet.mako.co.il/artist?type=lyrics&lang=1&prfid=401&wrkid=65557,0.56,,,
wrong artist on Shironet,spotify:track:5nhdL0kvFVnRLIuygOcfQ9,מחשבות,Yossi Shitrit,2154424,85,מחשבות,דורי יער,https://shironet.mako.co.il/artist?type=lyrics&lang=1&prfid=25314&wrkid=59641,0.568,,,
no lyrics found,spotify:track:557CJdchRFIqWE0V5iUR8A,היא ברזילאית,"אדם זרו, Yair Lugasy",2072321,36,,,,0.577,,,
no lyrics found,spotify:track:1zZ9bah4HU0TtICQzCFXp3,אין אותנו יותר (By Tamar Yahalomy & Yonatan Kalimi),"Avi Aburomi, Mor",2057520,2,,,,0.585,,,
no lyrics found,spotify:track:2FolAZmXbtYqnWALVQTb4B,הכול הכול לטובה,Odeya,1992869,9,,,,0.592,,,
wrong artist on Shironet,spotify:track:5liIuoKq6hJZOheB95eTCt,אגרוף,Eden Ben Zaken,1972360,6,אגרוף,בת אל פאפורה,https://shironet.mako.co.il/artist?type=lyrics&lang=1&prfid=17358&wrkid=39608,0.6,,,
no lyrics found,spotify:track:6RCxgLA7IVZjO5aPHEWNRC,אמן אמן אמן,Tuna,1965409,3,,,,0.608,,,
no lyrics found,spotify:track:72W6xVQGdKHQl348KYgwg2,שלמים,Idan Rafael Haviv,1924492,1,,,,0.615,,,
no lyrics found,spotify:track:7rNA5Jwu23g7PaXcMwfLdq,מדליקה לי הכל,Eden Hason,1837184,7,,,,0.623,,,
wrong artist on Shironet,spotify:track:4JSUFLR3Uo7FPCfNDRxIrx,ברחובות של תל אביב,Eden Ben Zaken,1695898,8,ברחובות של תל אביב,בן מצמבר,https://shironet.mako.co.il/artist?type=lyrics&lang=1&prfid=17720&wrkid=57997,0.629,,,
wrong artist on Shironet,spotify:track:0ZFQYK9u8C1nGLXXb4y17W,קירות,Itay Levi,1623547,3,קירות,דיוויד כרמל,https://shironet.mako.co.il/artist?type=lyrics&lang=1&prfid=23234&wrkid=58178,0.636,,,
no lyrics found,spotify:track:1136mOn1aHIa1evNDoYRfo,תקרא לי מאמי,Mor,1614347,54,,,,0.642,,,
no lyrics found,spotify:track:0JoYMP7hvEwxKCjj9szUo6,טיל פצמר,LIAD MEIR,1567981,8,,,,0.648,,,
wrong artist on Shironet,spotify:track:4ASfFTCr9NGAQKEjMx5BgE,האמת,"Odeya, רואי אדם",1514067,3,האמת,שיר דוד גדסי,https://shironet.mako.co.il/artist?type=lyrics&lang=1&prfid=24240&wrkid=60190,0.654,,,
wrong artist on Shironet,spotify:track:6DNfX5wKJklQeVVfqKZASC,עוד יום,Full Trunk,1486250,35,עוד יום,ליהי טולדנו,https://shironet.mako.co.il/artist?type=lyrics&lang=1&prfid=24652&wrkid=62831,0.66,,,
wrong artist on Shironet,spotify:track:1hPyp13B8rWWxAduMcPsdM,אהבת אותי,"Tuna, Ravid Plotnik",1459514,13,אהבת אותי,טל בוארון,https://shironet.mako.co.il/artist?type=lyrics&lang=1&prfid=13306&wrkid=37616,0.666,,,
no lyrics found,spotify:track:51BtwvurK2ZCtRHhuXC3AR,ילד מסוכן,Eden Ben Zaken,1385323,91,,,,0.671,,,
no lyrics found,spotify:track:1rmxF8VNLZ2gXwwzqGJ9tJ,שושנים עצובות (ישראל בידור),"Eden Hason, Jasmin Moallem, Israel Bidur",1343503,8,,,,0.676,,,
wrong artist on Shironet,spotify:track:05fmjmDag1xjIcIxuissuG,מחכה,Rita,1322905,60,מחכה לך,עטר מיינר,https://shironet.mako.co.il/artist?type=lyrics&lang=1&prfid=21179&wrkid=65537,0.681,,,
no lyrics found,spotify:track:0SmY5bTuls1ccput6QhHSA,"אני אוהב, אני מכור, אני שרוף",Adir Getz,1296878,18,,,,0.686,,,
no lyrics found,spotify:track:4uL9uKOOrtjuAoXLaeDyoa,דרבק,Moni,1240585,59,,,,0.691,,,
no lyrics found,spotify:track:6sQma97yWUaVkSwsuZPJ3K,בואי לא,Vibe Ish,1188943,115,,,,0.696,,,
no lyrics found,spotify:track:7a8B2vmOcJ6btFlBGl2IX9,ואז את תראי,"Doli & Penn, Dikla, Idan Rafael Haviv, Mark Eliyahu",1177611,3,,,,0.701,,,
wrong artist on Shironet,spotify:track:02hXZxgl6XwtAdK9y2sb6B,כפיות,Eden Hason,1169370,1,שפיות,עידו בן דב,https://shironet.mako.co.il/artist?type=lyrics&lang=1&prfid=26297&wrkid=64184,0.705,,,
wrong artist on Shironet,spotify:track:3DTHsQnfuQVESYAYv0fybQ,אבא,Ben Zur,1157064,55,אבא,רפא',https://shironet.mako.co.il/artist?type=lyrics&lang=1&prfid=26491&wrkid=65191,0.71,,,
no lyrics found,spotify:track:3kgOZqPw2xurllVbuNxg8E,נשמה שלי את,אבירם עמר,1047342,68,,,,0.714,,,
no lyrics found,spotify:track:50Or7niXp29xwKc8F9pLQA,לונדון דובאי,Kapelyo,1034451,62,,,,0.718,,,
no lyrics found,spotify:track:2uZgji0m6WVPMkv1Hykf16,אל תענה,"Tamir Bar, שם טוב האבי, LIAD MEIR",1013311,29,,,,0.722,,,
no lyrics found,spotify:track:7Jh8Ar4buQNTT3s3iHJjkj,היה מדבר,Tuna,972431,17,,,,0.726,,,
no lyrics found,spotify:track:5xrZpr1va5sIWMb5ndfgQP,ילדים כאלה,Eden Hason,929032,38,,,,0.729,,,
wrong artist on Shironet,spotify:track:6FbmUqAPNiQ5IXxMTNKV3u,לילה,Omer Adam,907346,32,לילה,אליאנה תדהר,https://shironet.mako.co.il/artist?type=lyrics&lang=1&prfid=15003&wrkid=64237,0.733,,,
no lyrics found,spotify:track:3qWDOGP2SBMLQ3nzMIkNbz,שני ילדים בעולם,Nathan Goshen,902575,14,,,,0.736,,,
no lyrics found,spotify:track:5e4PVtYVBu9BpJVhmQhIvS,שמש,Hanan Ben Ari,885324,26,,,,0.74,,,
no lyrics found,spotify:track:18ljxDm42G5YuQtWZElFSZ,אחת ממיליון & מלכת הדור & לא להמציא - מיוחד למצעד הישראלי השנתי,"DUDA, רון חיון",848654,71,,,,0.743,,,
wrong artist on Shironet,spotify:track:3bNMJufCrUTvulgd5XhUKs,סליחה,"Static, ששון איפרם שאולוב",841252,42,סליחה,הראל סקעת,https://shironet.mako.co.il/artist?type=lyrics&lang=1&prfid=3963&wrkid=62255,0.747,,,
no lyrics found,spotify:track:3hcA78977VXSLmAsVE7BWE,אדם שבור,Eden Hason,837997,25,,,,0.75,,,
wrong artist on Shironet,spotify:track:3s13Ypsdj82Uolj75MBE5f,היום,Noam Bettan,824129,46,היום,אופיר אלחיני,https://shironet.mako.co.il/artist?type=lyrics&lang=1&prfid=24389&wrkid=62991,0.753,,,
wrong artist on Shironet,spotify:track:08vuE9ILz25hjgRX4K5tQT,בואי נדבר,"שירז אברהם, Shlomo Levi",814916,94,בואי נדבר,ששון איפרם שאולוב,https://shironet.mako.co.il/artist?type=lyrics&lang=1&prfid=24321&wrkid=59167,0.756,,,
no lyrics found,spotify:track:1fWkzxrhsViaXfuJPIflNl,אליס - חי באולפן גלגלצ,נדב חנציס,793334,79,,,,0.759,,,
no lyrics found,spotify:track:2eq2T5nu5NBvHYKzDatmt3,ככה זה (לאהוב אותך),Berry Sakharof,775990,122,,,,0.762,,,
wrong artist on Shironet,spotify:track:4j6zwZXmowzteSNjeqq1np,איך את אוהבת,Eden Hason,764862,6,איך את אוהבת,עמית שירן,https://shironet.mako.co.il/artist?type=lyrics&lang=1&prfid=24662&wrkid=57296,0.765,,,
no lyrics found,spotify:track:5I0WaR0LpN4Kn1zwbvd145,גושפנקא,"E-Z, Noa Kirel",760282,15,,,,0.768,,,
wrong artist on Shironet,spotify:track:5fKgzl3NkOSBwVdsYRqxdd,אהבה חולה,"הכוכב הבא, Noam Bettan",732224,40,אהבה חולה,פאר טסי,https://shironet.mako.co.il/artist?type=lyrics&lang=1&prfid=7747&wrkid=56521,0.771,,,
no lyrics found,spotify:track:60qhM7vig0oDlKzv2k4b56,אמונה,Ben Zur,717146,142,,,,0.774,,,
wrong artist on Shironet,spotify:track:7JoXEwDsbey37yMghVbIub,הריני,"Ravid Plotnik, Eviatar Banai",709959,90,הריני,אסף הרוש,https://shironet.mako.co.il/artist?type=lyrics&lang=1&prfid=20614&wrkid=62746,0.777,,,
no lyrics found,spotify:track:1hLd6flq2cPLvH2Xraimbu,תסביכים קשים,שירז אברהם,687396,23,,,,0.78,,,
no lyrics found,spotify:track:6N77PmBuiZnIXGjJVx6E28,רבות הדרכים / עושה לי צרות - Live,"Odeya, Eden Hason, Daniel Salomon",683123,68,,,,0.782,,,
no lyrics found,spotify:track:0MhNrKywHeTXXyWRJt7UDn,מגנט + הייתי חוזרת (מתוך החזרות למופע פול ווליום),"Eden Ben Zaken, ששון איפרם שאולוב",681209,102,,,,0.785,,,
wrong artist on Shironet,spotify:track:1B6qAMPiD7sv3WNI90ELMz,אור הירח,"Jasmin Moallem, Tuna",676238,16,אור הירח,דניאל כהן,https://shironet.mako.co.il/artist?type=lyrics&lang=1&prfid=15146&wrkid=120,0.788,,,
wrong artist on Shironet,spotify:track:2L2vg2n4bU1CVLlpKbQhef,שיר ללא שם,Eviatar Banai,648710,40,שיר ללא שם,יהודית רביץ,https://shironet.mako.co.il/artist?type=lyrics&lang=1&prfid=462&wrkid=3003,0.79,,,
wrong artist on Shironet,spotify:track:5rg4MXC9LBysvrBLrt6i3O,אני שלך,Avraham Tal,646358,120,אני שלך,ארי גורלי,https://shironet.mako.co.il/artist?type=lyrics&lang=1&prfid=2135&wrkid=50645,0.793,,,
wrong artist on Shironet,spotify:track:5BK8QQs9NhYRFGQHx8GMAG,שיר לאמא,Alon Eder,629379,61,שיר לאמא,ישראל ברייט,https://shironet.mako.co.il/artist?type=lyrics&lang=1&prfid=1505&wrkid=39069,0.795,,,
no lyrics found,spotify:track:2YPOqzIqc18ETU6AnQ4yIS,אני,Noa Kirel,627617,67,,,,0.798,,,
no lyrics found,spotify:track:4TQmgOWfxnPyD4AIbFuBUb,מחרוזת חסידית - מנורה לייב,ששון איפרם שאולוב,622203,138,,,,0.8,,,
no lyrics found,spotify:track:0VgQrZgWmIDO20EqbVCiLX,עבד כי ימלוך,"Tamir Bar, שם טוב האבי, Michael Swissa, Yishay Swissa",612185,33,,,,0.802,,,
wrong artist on Shironet,spotify:track:3HkHwuHaOn1F9vEZxIEqCw,להאמין,"Doli & Penn, Idan Raichel",606668,58,להאמין,אליאור רביד,https://shironet.mako.co.il/artist?type=lyrics&lang=1&prfid=24184&wrkid=61979,0.805,,,
no lyrics found,spotify:track:65mihAxc8YUEoIuazo9au4,חיכיתי לך - מנורה Live,"ששון איפרם שאולוב, Rinat Bar",604381,120,,,,0.807,,,
no lyrics found,spotify:track:1VlZ3l7Ea1vVXl2LqivNuS,לא הפסקתי לחפש אותך,"Shlomo Artzi, Omer Adam",596127,82,,,,0.809,,,
no lyrics found,spotify:track:21sUkbh9rQ8p4luwW9nCpH,ליבי,Peer Tasi,594791,90,,,,0.812,,,
no lyrics found,spotify:track:2ve80cifNREUQiY6g2d6h6,שמש,"Hadag Nahash, Shai Tsabari",588745,66,,,,0.814,,,
no lyrics found,spotify:track:5xlMI2eRQgUsDAl8vRmhJC,קשר בתקצורת,"Tuna, Haim Moshe",585280,27,,,,0.816,,,
no lyrics found,spotify:track:093NpjRdVPM0zE1GlT4gNo,אם את חייבת/אינטרו,Vibe Ish,557997,50,,,,0.819,,,
wrong artist on Shironet,spotify:track:66KxDVMUHeV3gv4F3KTp2n,לחזור הביתה,Hatikva 6,557717,66,לחזור הביתה,עובדיה חממה,https://shironet.mako.co.il/artist?type=lyrics&lang=1&prfid=7586&wrkid=65153,0.821,,,
no lyrics found,spotify:track:5skSuo1jY3G5FGbWdaKD4w,מיליון לילות,"Eden Hason, Osher Cohen",533732,49,,,,0.823,,,
no lyrics found,spotify:track:2GOVLMW4SmZM14nMRtnhx3,אחד עומד ונואם,"Tamir Bar, שם טוב האבי, Arkadi Duchin",529250,39,,,,0.825,,,
wrong artist on Shironet,spotify:track:6WHn7yqwDVstOlOsdU7UEt,רק תגידי,Ofek Adanek,462279,127,רק תגידי,הדר עמרם,https://shironet.mako.co.il/artist?type=lyrics&lang=1&prfid=14571&wrkid=44630,0.827,,,
no lyrics found,spotify:track:7Jeh9SPQdyULPmdIqTNo3y,כנפיים - Live,"Tuna, Margalit Tzan'ani",436346,25,,,,0.828,,,
no lyrics found,spotify:track:0igXa4xOZowEJUNPhUbPwr,ממי את יודעת איך,"Tuna, Sima Noon",432065,32,,,,0.83,,,
wrong artist on Shironet,spotify:track:1b8Zi0VlYH3M7eeXQZ7APz,בגלגול הבא,Odeya,419091,86,בגלגול הבא,שלומי שבן,https://shironet.mako.co.il/artist?type=lyrics&lang=1&prfid=965&wrkid=32923,0.832,,,
no lyrics found,spotify:track:5WTyArd4ylPYTAifaqKDyM,היי אהובה,Anna Zak,405388,109,,,,0.833,,,
no lyrics found,spotify:track:5OZHkLnre3kb4y4wuplo49,Metoh Mahshavot | מתוך מחשבות,ששון איפרם שאולוב,389121,125,,,,0.835,,,
no lyrics found,spotify:track:5u29wxDwJzybIkhFfZRtnI,אם את הולכת - אקוסטי,Avraham Tal,387415,118,,,,0.836,,,
no lyrics found,spotify:track:1tR8hiXhloHvk1U2Lsd3Fn,ציוד כבד,Tuna,381487,28,,,,0.838,,,
wrong artist on Shironet,spotify:track:53vzjmA9qNy7aztCbYUSEG,דמיון חופשי,Eviatar Banai,379491,42,דמיון חופשי,ארקדי דוכין,https://shironet.mako.co.il/artist?type=lyrics&lang=1&prfid=173&wrkid=4788,0.839,,,
no lyrics found,spotify:track:5UEnnrjmKyyReW8OY8FuvN,ללכת,Liran Danino,378457,104,,,,0.841,,,
no lyrics found,spotify:track:4g7rZYobs7dmw5SXagDT55,אצלך בעולם - אקוסטי,"Meir Banai, Eviatar Banai",375211,143,,,,0.842,,,
no lyrics found,spotify:track:0BRrzEO3cefFTdAmfYpGrv,נרקומנים של כאב,Eden Ben Zaken,374665,110,,,,0.844,,,
no lyrics found,spotify:track:0RtgSV3RWOXxqFvlM6MBwE,אוזניות,"Tuna, Peled",357557,35,,,,0.845,,,
no lyrics found,spotify:track:0hliYGBRdUfadM7y9mUkGe,האבי,"Tamir Bar, שם טוב האבי, דניאל חן",354095,48,,,,0.847,,,
no lyrics found,spotify:track:0tx3OWVFMJ5GgrGa9QGFaQ,יש לי חור בלב בצורה שלך,"Girafot, אלמוג",348498,47,,,,0.848,,,
wrong artist on Shironet,spotify:track:1VHwRD9MZUk5mEx93HeFAP,פרפר,Peer Tasi,345543,50,פרפר,חמי גדסי,https://shironet.mako.co.il/artist?type=lyrics&lang=1&prfid=10535&wrkid=22208,0.849,,,
no lyrics found,spotify:track:7b6htbJnRzDhQL0RyptHvU,חורף באילת,Eden Hason,340098,99,,,,0.851,,,
wrong artist on Shironet,spotify:track:2Yfd4lEjv3Ah7lLHEAYX50,נגמר,Idan Amedi,339994,72,נגמר,יקיר אהרון,https://shironet.mako.co.il/artist?type=lyrics&lang=1&prfid=22012&wrkid=63600,0.852,,,
wrong artist on Shironet,spotify:track:7Ck421SAROdN0Q6RXMbic7,הלב שלי,Ishay Ribo,339831,4,הלב שלי,חיים איפרגן,https://shironet.mako.co.il/artist?type=lyrics&lang=1&prfid=14444&wrkid=61533,0.853,,,
no lyrics found,spotify:track:3uarXYLXAPlF4ZU5qUjU7U,היא לא את,Eyal Golan,327805,136,,,,0.855,,,
wrong artist on Shironet,spotify:track:2saHrb2XITEyOmjVfq4EPn,ליפול ולקום,Kapelyo,326878,145,ליפול ולקום,הדר זכריה,https://shironet.mako.co.il/artist?type=lyrics&lang=1&prfid=23016&wrkid=63417,0.856,,,
no lyrics found,spotify:track:0ety2yTiWVKeqQeaed4Spj,נחכה לך,"Nathan Goshen, Ishay Ribo",323204,2,,,,0.857,,,
no lyrics found,spotify:track:2qromlkHDFXxm07yhpB63s,לא ביקשתי מלחמה,Kobi Maman,303252,29,,,,0.858,,,
no lyrics found,spotify:track:7daT3ccNiMWGNNHERNv0bI,ראש למעלה,Tuna,295730,37,,,,0.859,,,
wrong artist on Shironet,spotify:track:6UGXKQw2JzoZ3R27txXljp,שבורי לב,Hanan Ben Ari,292297,102,שבורי לב,אביחי טסי,https://shironet.mako.co.il/artist?type=lyrics&lang=1&prfid=25470&wrkid=60351,0.861,,,
no lyrics found,spotify:track:05rB9PRfCF0MwbaANvs1lj,בואי נדבר,"שירז אברהם, Shlomo Levi",289075,94,,,,0.862,,,
no lyrics found,spotify:track:5KRYlY2elcHmdodMFboaC7,פלוס אחד,Mergui,286043,144,,,,0.863,,,
no lyrics found,spotify:track:3V4B7W0svTALLSvEKZLmoX,יאכטה,Tuna,284799,51,,,,0.864,,,
no lyrics found,spotify:track:1KvOIFIOGKEtbD2SR974fM,עכשיו או לעולם,Idan Rafael Haviv,277580,67,,,,0.865,,,
no lyrics found,spotify:track:3rKq9QQzb28Klhwh1LK9nn,אור גדול,Amir Dadon,276707,64,,,,0.866,,,
no lyrics found,spotify:track:6aYvWy72gVdkip3Yco9osi,חתולים,"Jimbo J, Ravid Plotnik",276184,24,,,,0.867,,,
no lyrics found,spotify:track:5QkKgRtUczlIQO6nbT90wu,"השם ירחם - מיוחד למצעד הישראלי השנתי תשפ""ה","Tuna, Odeya",273700,110,,,,0.868,,,
no lyrics found,spotify:track:04qYVjQ9bRRpJzz5sm7cEk,אם תרצי,Hanan Ben Ari,270125,5,,,,0.869,,,
no lyrics found,spotify:track:6uc5gCVI30JNif2o4Ahmud,יום כיפור,Jasmin Moallem,266830,41,,,,0.87,,,
no lyrics found,spotify:track:5mT0kHqW0vMAjLS9dCGkeM,בזמן האחרון,Idan Amedi,258626,99,,,,0.871,,,
no lyrics found,spotify:track:6wp8MFCXy2U6hAoLGnlxJn,מסיבה,"Jasmin Moallem, Shekel",252916,7,,,,0.872,,,
no lyrics found,spotify:track:4b5dVRUzTCy0ngxobUX2DG,חורף בחלון,Peer Tasi,247906,43,,,,0.873,,,
no lyrics found,spotify:track:4UwIpBcx4wfMRzh2bPZKVo,צעדים,Akiva,244244,18,,,,0.874,,,
no lyrics found,spotify:track:4DEqXFBuMKWRSHCKaxgAv7,עכשיו טוב,Gilad Segev,242810,146,,,,0.875,,,
no lyrics found,spotify:track:04BEjO8G5HQM24fAvAv1cR,סוף סוף אני,Eden Hason,240095,97,,,,0.876,,,
no lyrics found,spotify:track:0op6IBN7AhDJEsYl4KpBcH,לא ידעתי שתלכי ממני,"הכוכב הבא, אור כהן",237574,68,,,,0.877,,,
no lyrics found,spotify:track:2N7QzR3apiElswYtxm1Jsu,סיפור ישן,"Omer Adam, Liran Danino",236853,83,,,,0.878,,,
no lyrics found,spotify:track:3LBSTYr6obFNcK0iICM0Dg,מה עשית לי,Eden Hason,236619,85,,,,0.879,,,
no lyrics found,spotify:track:3coSv6fcKv2JFWXfgT6q0e,הרבה ממך נשאר,Liran Danino,236418,41,,,,0.88,,,
wrong artist on Shironet,spotify:track:6TKjmsOfHzgVhn1L4LoJN2,קחי לך זמן,"הכוכב הבא, דניאל עזר, Tamir Levy",231062,117,קחי לך זמן,יציאת חירום,https://shironet.mako.co.il/artist?type=lyrics&lang=1&prfid=549&wrkid=6687,0.881,,,
no lyrics found,spotify:track:6xNj25flDz9a3lhDIfxOCh,קריוקי פסנתר בסלון,Odeya,230828,86,,,,0.882,,,
no lyrics found,spotify:track:1MtOPpL3jV7FmvsduiQqGE,לב שביר,"Eden Hason, ששון איפרם שאולוב",227344,90,,,,0.883,,,
no lyrics found,spotify:track:2fzfDtJLfvvpCIy0yqfjn9,עוד יום,"Odeya, Talisman",227229,91,,,,0.884,,,
no lyrics found,spotify:track:5L9736UQGwCXyT3rRU9fR7,חי (שיר הנושא מתוך לשחרר את שולי סאן),Omer Adam,224413,50,,,,0.884,,,
no lyrics found,spotify:track:0wEqTKnu9Hy3ejZZOgLbZb,אהבה רק של לילה,הגר יפת,223158,97,,,,0.885,,,
no lyrics found,spotify:track:4f8ym2kd2ptaLBVF2f8sAC,פוליטיקה,Odeya,222250,60,,,,0.886,,,
no lyrics found,spotify:track:14E0fPijhRbA3mY0Tq96VP,שווארמה,Ravid Plotnik,220606,23,,,,0.887,,,
no lyrics found,spotify:track:2edVP7ujjhYSoZ308dpEpW,בן אדם,Odeya,218031,20,,,,0.888,,,
no lyrics found,spotify:track:641ioKV4sLGvNahKTICQmt,פיראטים,Tuna,214508,49,,,,0.889,,,
wrong artist on Shironet,spotify:track:7eryoo7Obzh5KJI9jcYAFy,תחת אש,Tuna,212528,48,תחת אש,רמי פורטיס וברי סחרוף,https://shironet.mako.co.il/artist?type=lyrics&lang=1&prfid=916&wrkid=16208,0.89,,,
no lyrics found,spotify:track:7vlw3ezpsoXCBONhNXLOcV,גם זה יעבור,Tuna,212518,56,,,,0.89,,,
no lyrics found,spotify:track:1kOrrpPVVjC39JpQREIqJk,התיקון הכללי,Peer Tasi,208958,105,,,,0.891,,,
no lyrics found,spotify:track:5HhVbTC6HGflJs0I2LHHxf,רציתי,Eden Ben Zaken,208200,143,,,,0.892,,,
no lyrics found,spotify:track:6Uk0HOyZ3MVw0Mg55Gvxj8,שיהיה לך טוב,Noa Kirel,207608,121,,,,0.893,,,
no lyrics found,spotify:track:4KUZyKmVNDWi7hJZAQhoi8,זה יקר,Peer Tasi,207375,77,,,,0.894,,,
no lyrics found,spotify:track:77hre9TJEQOFgciNAAlEMQ,אהובה שלי,Eden Hason,206318,93,,,,0.894,,,
no lyrics found,spotify:track:51tRSwj5gHWjBO3xNfhwpD,לדרכי לדרכך,Peer Tasi,204583,79,,,,0.895,,,
no lyrics found,spotify:track:7Jczj2J8z1CnhrYCIc5Apm,אל תפחד,Eviatar Banai,204407,43,,,,0.896,,,
no lyrics found,spotify:track:3VpqFdoAiNJZW8tqjWPl2E,יש לך אותך,"Miri Mesika, Mika Moshe",203159,83,,,,0.897,,,
no lyrics found,spotify:track:4GLfvVXJvSxsNdHa1sjB0D,מה אעשה,Eviatar Banai,201842,49,,,,0.898,,,
no lyrics found,spotify:track:5F9TcMmOvnjVu7zCNWrJ7H,לא המשוגע היחידי,Hanan Ben Ari,201267,69,,,,0.898,,,
no lyrics found,spotify:track:5gdKaAkYMDJCEOFSgjx0Wd,בחורים טובים,Omer Adam,200396,22,,,,0.899,,,
no lyrics found,spotify:track:4paVKldW1YeVqHdpFomk2O,פרנציפ,"Static, Ness, STILLA",199789,84,,,,0.9,,,
no lyrics found,spotify:track:3BX9e9v3D01YUuQUbN225e,יושב לי על הלב,Jasmin Moallem,199537,70,,,,0.901,,,
no lyrics found,spotify:track:7tTIR0l32c7GPv7tipMLNT,קו הדימיון,Peer Tasi,197181,95,,,,0.902,,,
no lyrics found,spotify:track:0K9WrtfzrnNgFgo18qwPs3,טרמינולוגיה,Peer Tasi,197058,96,,,,0.902,,,
no lyrics found,spotify:track:1uJ95oDCyVPMLE7q34RDm9,אלייך,Idan Amedi,195677,112,,,,0.903,,,
no lyrics found,spotify:track:1RgcguEJ0u7iERSNP8jyZQ,חברים שלי,LIAD MEIR,194903,45,,,,0.904,,,
no lyrics found,spotify:track:7vn9SIc4NraLuIMzUeCK2o,שרק תחייך,Yuval Dayan,194834,4,,,,0.905,,,
no lyrics found,spotify:track:12MLkjwb8FbUtPLhoUC2Nc,שוטים,"DUDA, LIAD MEIR",193895,62,,,,0.905,,,
no lyrics found,spotify:track:1V87lrAqStoF1zp7BjxEkE,זה עלינו,"Subliminal, The Shadow, Raviv Kaner",193684,52,,,,0.906,,,
no lyrics found,spotify:track:1HH4IitAuYbMnZ4PYb2O5I,פתאום אהבה,Itay Levi,193670,19,,,,0.907,,,
no lyrics found,spotify:track:4YyBknIQMThdfviQvH8b4B,מילים ודמעות,שירז אברהם,193156,132,,,,0.908,,,
no lyrics found,spotify:track:0IrfyUXDhomVvoP9MpUuH1,יש לך אותי,"Ravid Plotnik, Shai Tsabari",192466,36,,,,0.908,,,
no lyrics found,spotify:track:0jPy1Rm9G4UjNHLg9WXNDj,זורק תעניבה,Omer Adam,190923,119,,,,0.909,,,
no lyrics found,spotify:track:0wdMMMH79A2sD6S6sdDGzt,מדינה כואבת,ששון איפרם שאולוב,188150,170,,,,0.91,,,
no lyrics found,spotify:track:67PF7VLcYEKKF82ziNf9Ur,דובשנייה,"Shahar Saul, Agam Buhbut, NOROZ",180436,2,,,,0.911,,,
no lyrics found,spotify:track:1nMRFLyQ9PtgOkHaOg2g2W,ניצחת איתי הכל,"הכוכב הבא, Noam Bettan",179259,119,,,,0.911,,,
no lyrics found,spotify:track:40eCbLoXl1zctJeGNdBA9P,אין לזה סוף,Tuna,177806,53,,,,0.912,,,
no lyrics found,spotify:track:7pLU1N4f871QqtSckS8nvB,ללמוד לעוף,Akiva,177254,81,,,,0.913,,,
no lyrics found,spotify:track:1swboSknFOZcgiVylqNziA,מי עוד יחכה לך,Eyal Golan,176801,73,,,,0.913,,,
no lyrics found,spotify:track:2MtS1bZ0N4qidWjD0qa0J7,האזרח הקטן,"שם טוב האבי, Tamir Bar, Jimbo J",176146,12,,,,0.914,,,
no lyrics found,spotify:track:29ZGOiRf0t8zjvz5JwwdM4,ילד מטריה,עטרה אוריה,173268,29,,,,0.915,,,
no lyrics found,spotify:track:5agR1z70SsxJ6e5BwIOWrs,וויו וויו,Tuna,172372,56,,,,0.915,,,
no lyrics found,spotify:track:70Vsir4Wan3TrEzGCIZy0l,ככה כל יום,Eden Hason,171789,9,,,,0.916,,,
no lyrics found,spotify:track:3eNp25VPeqvYS1RrGhGcVY,עד שנגמר,Kobi Maman,171756,62,,,,0.917,,,
no lyrics found,spotify:track:7newwohhZF0c73aLIqNhtz,סוויץ',"Eden Golan, Shahar Tavoch, Participants of Festigal",171327,126,,,,0.917,,,
no lyrics found,spotify:track:1HzrNvgVZBerBXdBBteFrG,שום דבר אחר,Idan Amedi,170320,98,,,,0.918,,,
no lyrics found,spotify:track:0OL7DSjlGv17x2VvCeZYve,לילה טוב אהובה,"Ravid Plotnik, Z.K",168869,49,,,,0.919,,,
no lyrics found,spotify:track:6W2tGdihSWtBIjooCZl35U,בחורים טובים - Acoustic Live,Omer Adam,166450,61,,,,0.919,,,
no lyrics found,spotify:track:4T87Z2bkvgdLI9sECWYF7i,אהבת חיי,Hanan Ben Ari,165109,59,,,,0.92,,,
no lyrics found,spotify:track:6rcBqE9ivxXzLebejJbdqb,שיר לטל 2,Peer Tasi,162724,132,,,,0.921,,,
no lyrics found,spotify:track:4Od2pzQuJXMpaClr2IwxjR,עובד בכפר,Odeya,161676,49,,,,0.921,,,
no lyrics found,spotify:track:6RynrY285pqy0qVxfgWENI,בורות היא ברכה,Ravid Plotnik,161516,50,,,,0.922,,,
no lyrics found,spotify:track:1BKnTTe1uMleZdK5LndnLz,אין אני,Shotei Hanevuah,160666,163,,,,0.923,,,
no lyrics found,spotify:track:5orJto3LxfslzVPzNcLnVa,היסטוריה,"עידו מלכה, מאיה קיי, Participants of Festigal",159542,148,,,,0.923,,,
no lyrics found,spotify:track:2E6XQlslDde0slMQqttEcZ,7 דקות (עם מרגי),"Anna Zak, Participants of Festigal",158138,152,,,,0.924,,,
no lyrics found,spotify:track:1oWX8BHeUoSE6TuFFW7Jao,גלות לוס אנג'לס,Ravid Plotnik,157968,52,,,,0.925,,,
no lyrics found,spotify:track:2z8Pw4rciTCjB1urO5oU0g,יש לי חור בלב בצורה שלך,"Girafot, אלמוג",157524,47,,,,0.925,,,
no lyrics found,spotify:track:706pZPUcsKsREHM8RqHaY0,ממה את מפחדת,"Eyal Golan, Benaia Barabi",156634,1,,,,0.926,,,
no lyrics found,spotify:track:3hfCKjP17sODA1gKE7lqfS,ילד פריפריה,Tuna,156321,69,,,,0.926,,,
no lyrics found,spotify:track:4JkX2aIE18SSvZ75JP0zr9,שתיתי,"Peer Tasi, Alon De Loco",156270,152,,,,0.927,,,
no lyrics found,spotify:track:5MHyLRHEoMx9eFjqRIkLMq,איזה מזל,"Hatikva 6, Ravid Plotnik",155451,153,,,,0.928,,,
no lyrics found,spotify:track:6RcTTHWHpAFfqqzPpabh9m,בית,DUDA,155371,132,,,,0.928,,,
no lyrics found,spotify:track:4bRmijiqGQQ9ean2MUPaS8,לבד במדבר,Guy Mazig,153909,166,,,,0.929,,,
no lyrics found,spotify:track:4rlaGqWwl1cM6EPERYODrw,פשוטים,Akiva,151865,131,,,,0.929,,,
no lyrics found,spotify:track:7kjQPQRJnTfHqK79Zq7fEC,בחשכה (הכל זה גם וגם),Ravid Plotnik,149665,56,,,,0.93,,,
no lyrics found,spotify:track:0MfWHHhwbngtVNrHc5Nzra,לב אחר,Eyal Golan,149429,140,,,,0.931,,,
no lyrics found,spotify:track:1lMyhrAecYTqx4IIBTF9KD,נר לכל לילה,Eyal Golan,148650,108,,,,0.931,,,
no lyrics found,spotify:track:0q3yDDxPh0k5nvgh2SPcsS,אין יותר מועדונים,Eden Hason,148563,2,,,,0.932,,,
no lyrics found,spotify:track:50H3wtxQmT8jlFXLxeNI69,הבוקר יעלה,Ishay Ribo,148345,177,,,,0.932,,,
no lyrics found,spotify:track:4Yw9bTgtRGvRZpQXEWhqcK,השמחה / מדברים על שלום,"Omer Adam, ShrekDiMC",148325,110,,,,0.933,,,
no lyrics found,spotify:track:7jOj3rkzXCrwkq8xSeFxpd,השיר של תמר,Agam Buhbut,148021,195,,,,0.933,,,
no lyrics found,spotify:track:608OV8cDjzTcps2Owz654F,תסתכלי לי בעיניים,Idan Amedi,146867,34,,,,0.934,,,
no lyrics found,spotify:track:6J2R4mMoDfb5NQMDuV0nWq,עשר אפס לך,Adir Getz,146693,120,,,,0.935,,,
no lyrics found,spotify:track:4tpT9xacu03ADQI7utG24C,אולסטאר וגופיות,"Anna Zak, Itay Galo",145235,5,,,,0.935,,,
no lyrics found,spotify:track:3PCoQZCoceCnSvV6pTTSt3,ויפאסנה,Tuna,144211,73,,,,0.936,,,
no lyrics found,spotify:track:75sIATEdqHxN7jfNsRCwGl,ברולטה,"עידו בן דב, ערן יוסף, שגב",143344,6,,,,0.936,,,
no lyrics found,spotify:track:3SoYYbKd4cbxmlVaCZKVQM,אוי ואבוי,"Static, Eden Hason",142643,143,,,,0.937,,,
no lyrics found,spotify:track:2vrxPmQrOrdC48Yt3lAQdY,ילדה של אמונה,Odeya,139514,140,,,,0.937,,,
no lyrics found,spotify:track:2LWF1rZLLwaHhpC4T9ra9i,בחורה טובה,"Osher Cohen, Lior Narkis",138727,73,,,,0.938,,,
no lyrics found,spotify:track:7IYAf32MmX7oCqgnGNT3g8,כולם גנבים,Osher Cohen,138256,27,,,,0.938,,,
no lyrics found,spotify:track:6g84RaMubeO44LyTDghqUB,נאדי באדי,"Shahar Tavoch, Agam Buhbut",136292,60,,,,0.939,,,
no lyrics found,spotify:track:2biQCM9i8PaFYVEYyVkn31,תן לי תפילה,Shmuel,134267,138,,,,0.94,,,
no lyrics found,spotify:track:27Sd1OtzjDaGURaArp3ssz,לך אלי,Meir Banai,134247,155,,,,0.94,,,
no lyrics found,spotify:track:2aEuWBAOm7Lla8VAIRdHfy,אהבה חולה - חי באולפן גלגלצ,Noam Bettan,123779,107,,,,0.941,,,
no lyrics found,spotify:track:525IyHzf3ZsydmsRfDu0Vp,אינסוף,Idan Amedi,121537,100,,,,0.941,,,
no lyrics found,spotify:track:0I6rh1Fz1zmJZARsxyo7v6,צבעים,"Gil Vain, Ron Buhnik",120103,4,,,,0.942,,,
no lyrics found,spotify:track:6ooAcKlKU2NyLJbwKTK3LX,נתראה בגלגול הבא,ששון איפרם שאולוב,119473,17,,,,0.942,,,
no lyrics found,spotify:track:7HSU5O1LJBthHDKTcNeGub,תחזור אליי,Eden Ben Zaken,119428,134,,,,0.942,,,
no lyrics found,spotify:track:58LV2ItbYQPSYSpJ0QQMV6,מי עוד יחכה לך,Eyal Golan,119031,73,,,,0.943,,,
no lyrics found,spotify:track:2CmN6lg34uckZT5OAbqkOJ,מכתב לילדים,Idan Amedi,118771,111,,,,0.943,,,
no lyrics found,spotify:track:18dKjJC84HdK7WarEW9XB2,רק לפעמים,מ',116978,108,,,,0.944,,,
no lyrics found,spotify:track:5U65PDnwacprNvj7kDkPO6,יש בך,Eviatar Banai,116856,66,,,,0.944,,,
no lyrics found,spotify:track:1OG0xpEijf2r9hUvECb5t1,לא הצלחתי לישון הלילה,"Ravid Plotnik, Ohad Cohen",116154,47,,,,0.945,,,
no lyrics found,spotify:track:4pZmzPmIxYKzskFkJTkFwP,בקבוק על המרפסת,Osher Cohen,115514,105,,,,0.945,,,
no lyrics found,spotify:track:1KMT5j1608afIjko14UBNP,רק הזמן,Jasmin Moallem,115431,77,,,,0.946,,,
no lyrics found,spotify:track:4hq2uY5Ak8kIVgNbZ0r8xM,בכל יום שאיבדתי אותך,Osher Cohen,114555,44,,,,0.946,,,
no lyrics found,spotify:track:58NBSNdG8s0jSikjPRmdjS,סביבון,Hana Laszlo,114359,73,,,,0.947,,,
no lyrics found,spotify:track:2AUzygfHvqOIfd3W9uViro,שיר,Eviatar Banai,113913,73,,,,0.947,,,
no lyrics found,spotify:track:15MfYd2nvqvEi0LjCOa4iE,עוד פעם סטלה עוד פעם דיכאון,Eden Ben Zaken,113268,135,,,,0.947,,,
no lyrics found,spotify:track:3I9MNfeQxkKfxIualTvKoC,אין ייאוש בלילות,Eyal Golan,112682,108,,,,0.948,,,
no lyrics found,spotify:track:5vrzcGVyLeru7vHm89EvRr,אין מרחק בינינו,Eden Hason,112347,90,,,,0.948,,,
no lyrics found,spotify:track:64bfvxCPzxyljgC4aPi4vu,משפחה וכבוד,Omer Adam,111823,47,,,,0.949,,,
no lyrics found,spotify:track:0xEyCZ6cQg3apftD06KVaA,לילה טוב,Odeya,111013,112,,,,0.949,,,
no lyrics found,spotify:track:3W2ivfrQP1kG0Uh5IBJn7P,כד קטן,Yorik Ben David,110765,76,,,,0.95,,,
no lyrics found,spotify:track:0HSOBKpR7EiHP06n8gAGFh,כל כך מוכר,"הכוכב הבא, Udi Schneider",110004,103,,,,0.95,,,
no lyrics found,spotify:track:1syU4K9EEabDPWpEUISOET,שיר של קיץ,מיקי המפקד,109764,54,,,,0.95,,,
no lyrics found,spotify:track:0yr0G0YFJcfsU38nP2OUCT,לא שם,Osher Cohen,108962,50,,,,0.951,,,
no lyrics found,spotify:track:3Rq8vC7CDbqs3VHJxsu6TW,אין לי אותך,Eyal Golan,108196,118,,,,0.951,,,
no lyrics found,spotify:track:7yxg7ZbljyDzU5xMkrqyTP,מגדלים - לייב מבריכת הסולטן,"STILLA, Ness, Eden Hason",108081,74,,,,0.952,,,
no lyrics found,spotify:track:4Zm64H7mbeqRdvLzlsEZmR,מלוך,Ishay Ribo,107746,95,,,,0.952,,,
no lyrics found,spotify:track:4wOpBKUnpBbjN2We6sB5nX,הפעם זה זה,Eden Hason,107636,109,,,,0.953,,,
no lyrics found,spotify:track:1mfM9mXj9fydNRzzS7LwBP,דפיקות הלב,Peer Tasi,107552,153,,,,0.953,,,
no lyrics found,spotify:track:6UNereE4jlAGZJytewHppr,ארץ עצובה,Peer Tasi,105692,162,,,,0.953,,,
no lyrics found,spotify:track:4fZlnnpItlUD2RdR0zSuAC,עיוור,נועם קלינשטיין,105540,163,,,,0.954,,,
no lyrics found,spotify:track:23TWTyKCgWjUUxfLmI8jzC,שעון החול,Peer Tasi,104875,168,,,,0.954,,,
no lyrics found,spotify:track:2zSHoGCakWjTTe34Xm440W,בלונים,Eyal Golan,104280,131,,,,0.955,,,
no lyrics found,spotify:track:7xyANK3cSIWlP4PPdcq9wO,בלעדיך,"Noa Kirel, Maya Buskila",103635,159,,,,0.955,,,
no lyrics found,spotify:track:68H86iRZFd5IWbDrjGTa4t,גפרור,Peer Tasi,102656,136,,,,0.955,,,
no lyrics found,spotify:track:07uIhNfeg1X7QZBl5BRxUK,אוחילה,Ishay Ribo,102603,117,,,,0.956,,,
no lyrics found,spotify:track:4QDPzbvvoLr5EhsRO0n4KX,צריך אותך,Full Trunk,101299,183,,,,0.956,,,
no lyrics found,spotify:track:3Rm8nwbftun4wt06jSbCEG,באת עם השקט,Dudu Tassa,101292,155,,,,0.957,,,
no lyrics found,spotify:track:14b2CiDmRjVaZjpIULxPNx,שונא את תל אביב,Osher Cohen,100431,57,,,,0.957,,,
no lyrics found,spotify:track:0xuvLglT2SXdo1ma5k0YvM,אומרים שהתרגלנו,Peer Tasi,99264,189,,,,0.957,,,
no lyrics found,spotify:track:3rXeukorvha6no0byAiMTn,בלי לבחור,Idan Amedi,98725,160,,,,0.958,,,
no lyrics found,spotify:track:5JU5xtaUvWXK5IkyUIFd03,מה יבוא,Jasmin Moallem,97951,131,,,,0.958,,,
no lyrics found,spotify:track:0pCh1MtPvEBDXx8y6Hbpio,עדלאידע,"שוקי סלומון, Arik Dvir",97250,160,,,,0.959,,,
no lyrics found,spotify:track:4bwt8SyTzdhMycwH3mQhy3,הכי יפה בנוף,Dylen Dror,96091,67,,,,0.959,,,
no lyrics found,spotify:track:5oJmOggiNibBGtUFZVcdbM,סקסית,Eden Golan,95781,158,,,,0.959,,,
no lyrics found,spotify:track:4IFQD1thQ2rgSgt5rXXqqp,ליצן קטן נחמד,Ruchama Raz,95102,109,,,,0.96,,,
no lyrics found,spotify:track:7LqyrZRChL74oFbjYx7QX8,היה נחמד,"הכוכב הבא, Yuval Gold",94422,183,,,,0.96,,,
no lyrics found,spotify:track:06kTXsor7NS6I2fGxS1bn6,הפעם זה זה,Eden Hason,94414,109,,,,0.96,,,
no lyrics found,spotify:track:2kGlyGO41yJcLwBz3Czejq,דם שלי,Eden Ben Zaken,94026,181,,,,0.961,,,
no lyrics found,spotify:track:3fbZ0Up6ZCqNtVWECIRosI,על קו הזינוק,The Friends of Natasha,93871,112,,,,0.961,,,
no lyrics found,spotify:track:0QQZ2e7ejeeo2NbTAHAYAb,באתי אלייך,Eyal Golan,93547,169,,,,0.962,,,
no lyrics found,spotify:track:1YgeLm7V5s6BlIrALkqDjj,להתחתן איתי,"Shahar Tavoch, נועם קלינשטיין",93510,183,,,,0.962,,,
no lyrics found,spotify:track:6xhxulJ4BXNlnDmw3KpDP0,קריוקי,"Tuna, Peer Tasi",93404,24,,,,0.962,,,
no lyrics found,spotify:track:2kwDpzImeK3RAnwKMJ7Kue,הכי יפה בעולם,Maor Cohen,93395,189,,,,0.963,,,
no lyrics found,spotify:track:4ba71UA0iyBiXUAVl9AF9U,מטומטמת,ששון איפרם שאולוב,93292,128,,,,0.963,,,
no lyrics found,spotify:track:4GzV9XajF9E8rSLAZa9WVA,מפרש לבן,Jimbo J,92330,195,,,,0.963,,,
no lyrics found,spotify:track:3zefogTeUFZqWJeuWz4ftK,יכולה לבד,Odeya,91950,114,,,,0.964,,,
no lyrics found,spotify:track:4A5lRH29TyKxllsl94BWex,סדר העבודה,Ishay Ribo,91880,22,,,,0.964,,,
no lyrics found,spotify:track:026Zbu5XXqb4LktYv4RXWa,פרפרים בבטן,"LIAD MEIR, Moran Mazor",91741,175,,,,0.964,,,
no lyrics found,spotify:track:7yK3Xio4KcExOyi28hWpmt,אסטרולוגים רבנים,Odeya,90754,173,,,,0.965,,,
no lyrics found,spotify:track:0ExJZj9wQqys22ZnUv3BWO,מחרוזת חנוכה,Itzik Eshel,89820,68,,,,0.965,,,
no lyrics found,spotify:track:0taqIIB89cQQoiA8ZDukWf,מקבל על עצמי,Osher Cohen,88743,23,,,,0.966,,,
no lyrics found,spotify:track:4ml1tecvYSfbETHZXVmXkH,פלאזה אתנה,Omer Adam,86164,70,,,,0.966,,,
no lyrics found,spotify:track:4jurtysyzLBMr64w1uYIau,קחי לך זמן,יציאת חירום,85600,190,,,,0.966,,,
no lyrics found,spotify:track:196lkHGqjAKd2gwAGGt9XG,עטלף,Static,85502,162,,,,0.967,,,
no lyrics found,spotify:track:0A1D1YYzOJjpqUTImCkIgA,אהבת חיי,רואי אדם,85187,71,,,,0.967,,,
no lyrics found,spotify:track:5FGZ7S2rqgXeqkPR2jyO1R,טן טן טן,Ofek Adanek,84608,181,,,,0.967,,,
no lyrics found,spotify:track:6NMXueYXvUAKmDYISUehwy,סיגפו,"Beit Habubot, אמיר אטיאס",84305,103,,,,0.968,,,
no lyrics found,spotify:track:6FjNzE8JzBiQCNcvUL1iCE,גשם,Vibe Ish,83288,174,,,,0.968,,,
no lyrics found,spotify:track:1Klq6eQjmwh7KSaT4P0Odm,ברית עולם,Matti Caspi,82714,70,,,,0.968,,,
no lyrics found,spotify:track:6dMsWeQ2vCXOroR5dL84Wf,זה הכל בשבילך,"Danny Sanderson, Mazi Cohen",82482,143,,,,0.969,,,
no lyrics found,spotify:track:7q4kvgrBDzcLZ127CDLSj9,הנרות הללו,"Dalia Amihud, Kids Choir",80565,81,,,,0.969,,,
no lyrics found,spotify:track:2h0SQB1VZGRwL5LmEbrurC,אם הייתי צריכה,Odeya,79708,7,,,,0.969,,,
no lyrics found,spotify:track:2xJ2U2vyuAvbYbdmvG9QfL,מעוז צור,"Dalia Amihud, Kids Choir",78891,84,,,,0.969,,,
no lyrics found,spotify:track:0aOr7kM2f8Xx5Pd40BYOeE,שגרה בזמן מלחמה,"Ravid Plotnik, Taboo Plus",78645,78,,,,0.97,,,
no lyrics found,spotify:track:42SQu1kUEJfcQgpW3gbeyl,שיר לשירה,Korin Allal,78383,72,,,,0.97,,,
no lyrics found,spotify:track:0mNRxKOMTG52ZMasDZGgH6,הייתי שם,Tuna,77167,77,,,,0.97,,,
no lyrics found,spotify:track:5zFZAHRjxLs7JQ35GHvQg3,לא תירא,Peer Tasi,75736,173,,,,0.971,,,
no lyrics found,spotify:track:0XNXjle2vmmm3qgLApGi3L,באנו חושך לגרש,Chavura,75358,97,,,,0.971,,,
no lyrics found,spotify:track:2jCP2LzrztPq7MSwKNP28j,אלבי,Omer Adam,73701,93,,,,0.971,,,
no lyrics found,spotify:track:2ZNZu58uCMZF44qwK4nEg3,הנה הנה,Matti Caspi,73196,91,,,,0.972,,,
no lyrics found,spotify:track:6jG3OmapjEN38Q1UCA6CJI,אורות כחולים,Omer Adam,72925,94,,,,0.972,,,
no lyrics found,spotify:track:49pn67BTjYDLqzDkOFrm1E,עכשיו התור לאהבה,Omer Adam,72539,59,,,,0.972,,,
no lyrics found,spotify:track:1Jn1ZoYCWdFhdPH9cG8Y8j,אצלנו בגן,Shaylee Atary,71940,27,,,,0.972,,,
no lyrics found,spotify:track:0nJgIDMnqVuouCgnW8ebOR,לא ידעתי שתלכי ממני,Matti Caspi,71814,96,,,,0.973,,,
no lyrics found,spotify:track:2tdu3ZAQuS6TF1SCaokpGG,משנכנס אדר 2023,"ישראל סוסנה ותזמורתו, DJ יהודה מור",70110,74,,,,0.973,,,
no lyrics found,spotify:track:68yDSCJFAR8wmJKZtsEmV7,אנטארקטיקה,Korin Allal,70109,92,,,,0.973,,,
no lyrics found,spotify:track:2Nn5rAJpUi1AhPIubW6HU7,בני ברק או ערק,מ',69259,64,,,,0.974,,,
no lyrics found,spotify:track:1JG6IWsgkl89Mj4iSxrMxS,יאללה יא נסראללה,פרישמן והחלוצים,69219,67,,,,0.974,,,
no lyrics found,spotify:track:66yefnmjUf8GOqIwhfbpCk,לילות יפים,"Omer Adam, Gal Adam, רואי אדם",68276,109,,,,0.974,,,
no lyrics found,spotify:track:6pkYtrBzWDuD3VrYlLw4px,יש יותר מדי שירים היום,Omer Adam,67665,111,,,,0.974,,,
no lyrics found,spotify:track:3FuJ1e5yAS2n3x6FvPGZ3I,זן נדיר - Remastered,Korin Allal,67449,100,,,,0.975,,,
no lyrics found,spotify:track:427KgFyKa6OhI4Bqu3G9Cb,סביבון,Hana Laszlo,67089,73,,,,0.975,,,
no lyrics found,spotify:track:1LaaLAzuCV0N785i5snlGF,חנוכה חנוכה,"Dalia Amihud, Kids Choir",66942,118,,,,0.975,,,
no lyrics found,spotify:track:6swbk6pNdei7S5ZRtdyApp,אחרי החגים,Eviatar Banai,65567,68,,,,0.975,,,
no lyrics found,spotify:track:3CdPL5qF03DtSPZMhECaqu,בן 32,Omer Adam,65290,125,,,,0.976,,,
no lyrics found,spotify:track:7eCFgwYgX8sxhZpy224aNT,שירתו של החורף,Omer Adam,65266,126,,,,0.976,,,
no lyrics found,spotify:track:318nfosyorMlmjZq1m1Uh4,כשיגמר לכם הקיץ,ששון איפרם שאולוב,65243,11,,,,0.976,,,
no lyrics found,spotify:track:7GguigxECygJxMkp47Gwlj,אפטרשוק,Eyal Golan,64123,133,,,,0.976,,,
no lyrics found,spotify:track:59WiHC6djTa97XxqawF8SX,פינה של שקט,Omer Adam,63962,134,,,,0.977,,,
no lyrics found,spotify:track:4wclmkmEF1vzyCiSMzrrsM,לא המשוגע היחידי,Hanan Ben Ari,63773,123,,,,0.977,,,
no lyrics found,spotify:track:34OkDplGZoRah6d3yCe8lZ,אל תחזרי,"Eden Ben Zaken, Eyal Golan",63154,124,,,,0.977,,,
no lyrics found,spotify:track:3gPo9Y9MgmltvcNQXNEqEP,מה היה מה יהיה,Ben Zur,63097,123,,,,0.977,,,
no lyrics found,spotify:track:1jIupbSkQxkCWLsYBkRMN1,חיה פצועה,Eyal Golan,62439,141,,,,0.978,,,
no lyrics found,spotify:track:6EgKPoNztkLCy3T9Z2zZxL,סכין,Nissim Baranes,61768,137,,,,0.978,,,
no lyrics found,spotify:track:4AVYNA8DzrsjckLInCC7XB,פנים מחוקות,Eviatar Banai,61502,81,,,,0.978,,,
no lyrics found,spotify:track:2Otm3KEdvaoS1svZOLVGwc,ואן גוך,"שגב, ערן יוסף, עידו בן דב",61074,89,,,,0.978,,,
no lyrics found,spotify:track:1jlRBIzjwY248pSQS8wdpE,באנו חושך לגרש,"Hop! Channel, Sharonit Children Choir",60834,140,,,,0.979,,,
no lyrics found,spotify:track:1tXzzlOmuHJjwMu0mzhEw7,אהבת חיי,Hanan Ben Ari,60062,59,,,,0.979,,,
no lyrics found,spotify:track:6VshpKQ55Z31tJQiCI4wJI,חנוכיה לי יש,Dudu Elharar,59528,125,,,,0.979,,,
no lyrics found,spotify:track:1iapzOyCCKUSbOnRn92of7,סינוס,Eviatar Banai,58693,96,,,,0.979,,,
no lyrics found,spotify:track:2jKE4XyZJEJKMInqkniNr7,שריטות ופחדים,Eyal Golan,58118,153,,,,0.98,,,
no lyrics found,spotify:track:50uspwzqbMxkpyHzMLwUVy,לירז,Static,57589,4,,,,0.98,,,
no lyrics found,spotify:track:3tT0AuW2Xjykbx5TcYv64j,תקופה חרא,Omer Adam,56782,167,,,,0.98,,,
no lyrics found,spotify:track:6ZmcbbrN8yAKzdMAx4aT7j,מישהו שמזכיר אותי,Omer Adam,56599,170,,,,0.98,,,
no lyrics found,spotify:track:2w2yDqoMHaHoB25X8a4XGR,מחפש את הכיוון,Eviatar Banai,56303,112,,,,0.98,,,
no lyrics found,spotify:track:1SEFRCe0y7bIJKXrCz4g90,ימי החנוכה,Makhelat Yeladim,56279,171,,,,0.981,,,
no lyrics found,spotify:track:4bHrZFn02i3hBlIYfGLqgI,מאושר יותר,Shahar Saul,55884,104,,,,0.981,,,
no lyrics found,spotify:track:23YI5ICXNXlaVnr6CEMvaA,ליצן קטן נחמד,Ruchama Raz,55498,109,,,,0.981,,,
no lyrics found,spotify:track:46ePz37ejKrWqTt9SjkoZj,"יפה שלי, יפה שלו",Eyal Golan,55271,178,,,,0.981,,,
no lyrics found,spotify:track:6hejRIYDdXDSn3LK2V16xf,באך,Liran Danino,54977,125,,,,0.981,,,
no lyrics found,spotify:track:4PQDzCTyZkCW5o4FueSJaa,ריו דה ז'נרו,Omer Adam,54686,181,,,,0.982,,,
no lyrics found,spotify:track:2iSzY4U1N4GshwiDYEVTuZ,שיר אהבה טרי,Eviatar Banai,54651,120,,,,0.982,,,
no lyrics found,spotify:track:4BViDvVfquPNEZZJWDbD3Z,איפה תלך,אור כהן,54637,140,,,,0.982,,,
no lyrics found,spotify:track:3yIOvtT07WeIeYLQEdrsuB,אליך ה',"Eden Hason, Ofer Levi",54559,157,,,,0.982,,,
no lyrics found,spotify:track:336bQZpuJyMAYOxeXDGZy7,בראש השנה,Naomi Shemer,54478,97,,,,0.983,,,
no lyrics found,spotify:track:0WDw4EOQfiqVyjTZxsV59o,מחכה לו,Eyal Golan,54231,170,,,,0.983,,,
no lyrics found,spotify:track:2V5dl36PGbC6osvNTx8kE7,נר לי,Ruchama,54004,187,,,,0.983,,,
no lyrics found,spotify:track:0Q2mZN9IwaYqdUoJtIoZZZ,סביבון סוב סוב סוב,"Dalia Amihud, Kids Choir",53972,188,,,,0.983,,,
no lyrics found,spotify:track:2tNQeBWYhwFGqbDq53if0s,חוזר לעצמי,Eden Hason,53829,176,,,,0.983,,,
no lyrics found,spotify:track:42O0lr6qe2jiacLV9QD9m6,מאמי זה נגמר,Omer Adam,53310,133,,,,0.984,,,
no lyrics found,spotify:track:3TQtybs90OnjGO8uaYSZi6,אמא שלך,Ben Zur,53037,180,,,,0.984,,,
no lyrics found,spotify:track:0dutoNQWL1xJBU5JpOcbNi,בסיבוב הבא (לייב מתוך 'העשירייה' בכאן גימל),"נדב חנציס, כאן גימל",52971,177,,,,0.984,,,
no lyrics found,spotify:track:4r5E6wRRSOVUTrmrHKYlLm,עוד טיפה,"Eden Ben Zaken, Ofek Adanek",52608,124,,,,0.984,,,
no lyrics found,spotify:track:1SFtkFm8LFUozazhrBWHzx,לב אמיץ,Hanan Ben Ari,52397,174,,,,0.984,,,
no lyrics found,spotify:track:0jPtqyNeV0MlKYBJP1iyUz,ימי החנוכה,Makhelat Banot,52022,199,,,,0.985,,,
no lyrics found,spotify:track:5SwAqyLNQggJ8ZsH7kDonT,מעוז צור,"Dalia Amihud, Kids Choir",51733,123,,,,0.985,,,
no lyrics found,spotify:track:7AfWkhoN7gijL1EalwoBf7,הרע זה לא אני,"ששון איפרם שאולוב, יאיר אלייצור",51709,182,,,,0.985,,,
no lyrics found,spotify:track:2GCR5b8UkMN2QtBMtfMvZQ,מצילה אותי,Avihu Pinhasov Rhythm Club,51610,194,,,,0.985,,,
no lyrics found,spotify:track:69CPAaEBVZLFEebBIIhZ03,הדייגים,Eviatar Banai,51469,143,,,,0.985,,,
no lyrics found,spotify:track:5YNiqqi7OmJhKcyz6g7QF7,חלל,Eviatar Banai,51326,148,,,,0.986,,,
no lyrics found,spotify:track:58gjKhdAyYFvtuw0sGn95e,ארץ ישראל שלי,נירה רבינוביץ,51178,133,,,,0.986,,,
no lyrics found,spotify:track:4XoyhizXsQYQA2avkUMSwQ,בימים של עצב,Eyal Golan,50876,167,,,,0.986,,,
no lyrics found,spotify:track:2TDC45f5lK7QIN5K5zhI2C,סימני דרך,Hanan Ben Ari,50285,142,,,,0.986,,,
no lyrics found,spotify:track:78Wu7Y2s6agIhfgoNyAeGg,רסיסים,Raviv Kaner,50086,1,,,,0.986,,,
no lyrics found,spotify:track:4Q50Iecki1XRdnZlOdLa1Q,אם את כבר הולכת - חי באולפן גלגלצ,נדב חנציס,50074,192,,,,0.987,,,
no lyrics found,spotify:track:0vHfUyS3MmAvTbaApCbzo6,ממה את מפחדת,"Eyal Golan, Benaia Barabi",50025,1,,,,0.987,,,
no lyrics found,spotify:track:0GqJJ73OEzDfTj1U8186uZ,שיחות שלום,Eviatar Banai,49864,155,,,,0.987,,,
no lyrics found,spotify:track:4IU2Ckcgd9W8ONOpAj8VDK,משנכנס אדר,Yorik Ben David,49838,160,,,,0.987,,,
no lyrics found,spotify:track:3Vh5D8nz2Vc1BcpiHePfVk,אסטרולוגים רבנים,Odeya,49784,173,,,,0.987,,,
no lyrics found,spotify:track:4ZlzBwHFiuDNQ1OEpUwfDf,שיר ללא שם,Yehudit Ravitz,49747,169,,,,0.988,,,
no lyrics found,spotify:track:0A2vpSZUbHj0lHL4pcHydI,בית מפואר,Eyal Golan,49713,194,,,,0.988,,,
no lyrics found,spotify:track:1vTVrYErMEixGuPZFZGg6C,רוק 30,Tuna,49681,59,,,,0.988,,,
no lyrics found,spotify:track:3DNUgZ8SOC7wE4wcs15Ad8,את ההוכחה שיש אלוהים,Hanan Ben Ari,49568,194,,,,0.988,,,
no lyrics found,spotify:track:2ZVGw7FVIyZFHt03lUMQb7,חתולים שחורים (ישראל בידור),"Israel Bidur, Eyal Golan, Static",49418,145,,,,0.988,,,
no lyrics found,spotify:track:183rnfbCaoktTQ0Pf1jtKj,עדיין ריק,Liran Danino,49374,129,,,,0.989,,,
no lyrics found,spotify:track:30HZfUucfwWAOVAVUCsfJj,בלדה לסוכן כפול,Mashina,49343,189,,,,0.989,,,
no lyrics found,spotify:track:6VCdW8lerxdUm9y09EquIc,עוד פעם,Jasmin Moallem,49308,177,,,,0.989,,,
no lyrics found,spotify:track:2abTygqy1SZHLvYxbbAS41,סוכנת כפולה,ששון איפרם שאולוב,49264,195,,,,0.989,,,
no lyrics found,spotify:track:0pUrx3AMrKPM2IRJGnCe57,שיר לטל,Peer Tasi,49222,187,,,,0.989,,,
no lyrics found,spotify:track:5DZ8C4ECBGxveR31MDq0BV,אופוריה,Itay Levi,49080,162,,,,0.99,,,
no lyrics found,spotify:track:13A9YrC5s1BegROEuZYF1D,קארמה,Jasmin Moallem,48999,181,,,,0.99,,,
no lyrics found,spotify:track:7F1Gx6BQJdgn9y5OFJ4u8W,קווים לדמותו,Osher Cohen,48944,160,,,,0.99,,,
no lyrics found,spotify:track:5J4nO4cqIUUCKeUgkU33yA,לא נגמר,הגר יפת,48749,161,,,,0.99,,,
no lyrics found,spotify:track:0lv4qpjNTUf1nATDz1fhsu,לא אכפת לי,פרידה,48673,174,,,,0.99,,,
no lyrics found,spotify:track:3ftCJn1Ik29diWXwXzL1rR,לב,Idan Amedi,48461,166,,,,0.991,,,
no lyrics found,spotify:track:4Uc70MctKQoDhKtiMfhB8h,מחרוזת פורים,"Itzik Eshel, מקהלת ילדי ניסים",48422,152,,,,0.991,,,
no lyrics found,spotify:track:2hmKpvdywJSBEqHjIilPrE,ללמוד לעוף,Akiva,48225,196,,,,0.991,,,
no lyrics found,spotify:track:1gg3OHucFALk4GBqpAHDma,יהונתן,Eviatar Banai,48057,170,,,,0.991,,,
no lyrics found,spotify:track:0uWhlKtR53jZg7E3gh3gj4,מביט אל השמיים,Eyal Golan,47945,185,,,,0.991,,,
no lyrics found,spotify:track:2rNoqRmOQfxAgJQQ0W70JH,דרך השלום,Peer Tasi,47834,189,,,,0.991,,,
no lyrics found,spotify:track:7jlmMlAJr9sEnBzChegzeH,שלחי אותו,Roni Dalumi,47637,108,,,,0.992,,,
no lyrics found,spotify:track:2GTiBbjPnoJeH20wD0Frrh,⁠סוד,Eden Ben Zaken,47625,199,,,,0.992,,,
no lyrics found,spotify:track:3jayVZGKD8ZSu0PxDoZqvT,2 דקות,Eyal Golan,47421,194,,,,0.992,,,
no lyrics found,spotify:track:38F5Qet7NykRGvr3C7KDJR,להרים,Static,47373,195,,,,0.992,,,
no lyrics found,spotify:track:5rAq5A04MbvQYDWKJsKsTy,חג פורים,Dorit Reuveni,47309,86,,,,0.992,,,
no lyrics found,spotify:track:6oOmpBInMQ3uOzgfRB4Z71,באנו חושך לגרש,Chavura,47131,108,,,,0.993,,,
no lyrics found,spotify:track:5ROswswUSxvwCkk8CiODGB,חנוכיה לי יש,Dudu Elharar,47063,125,,,,0.993,,,
no lyrics found,spotify:track:3FAOYZtUlvrvs3EgZ3Nyy1,שום דבר לא יפגע בי,Knesiyat Hasechel,46883,164,,,,0.993,,,
no lyrics found,spotify:track:3pzQPfvzoC4I2Pp7jNZfwB,כל הזמן אומרת,Osher Cohen,46793,84,,,,0.993,,,
no lyrics found,spotify:track:7AHyE0P9UKYVmrz0YVwCQP,אני פורים,Osnat Paz,46652,179,,,,0.993,,,
no lyrics found,spotify:track:2qmJ2h1UdncRMPI2DMRWvK,פסקול חיי,Omer Adam,46609,1,,,,0.993,,,
no lyrics found,spotify:track:3FYdP6pprYqBtGwzqEtCsx,מעונה לעונה,Eviatar Banai,46553,184,,,,0.994,,,
no lyrics found,spotify:track:2a7KYIA9S953OTyIlahCoU,תחזור (Tachzor),"Idan Raichel, Roni Dalumi",46482,154,,,,0.994,,,
no lyrics found,spotify:track:5pNwlsGCaem5d4Zrscx2LZ,בוגנוויליה,Eviatar Banai,46460,188,,,,0.994,,,
no lyrics found,spotify:track:2tQCrZ4fe3eDviBKb6wFhj,ברגעים שאת הולכת,Osher Cohen,46391,17,,,,0.994,,,
no lyrics found,spotify:track:4igpslTqYWspfws3blGsRM,אם רק תדברי,Guy Mazig,46317,139,,,,0.994,,,
no lyrics found,spotify:track:3Pmgm0QepSOImJfW29Hxy2,משהו בשמיים,Jasmin Moallem,46225,198,,,,0.995,,,
no lyrics found,spotify:track:4jF2KwFgnuwvAk1rHbCBx7,שמלה כחולה,Liran Danino,46124,143,,,,0.995,,,
no lyrics found,spotify:track:37UoK4f7ghXOirEorXNsqb,אוויר לנשימה,Eden Hason,45962,184,,,,0.995,,,
no lyrics found,spotify:track:1GZOUGboRlIZy0Nj3HN91J,אבנים מתגלגלות,Eyal Golan,45764,188,,,,0.995,,,
no lyrics found,spotify:track:5TwAuMaXxJ5dBSN76rRc4x,ניצחת איתי הכל,Amir Benayoun,45624,198,,,,0.995,,,
no lyrics found,spotify:track:08zWr8F1jIrBBDEaBB2EuU,עדלאידע,"שוקי סלומון, Arik Dvir",45577,187,,,,0.995,,,
no lyrics found,spotify:track:2UDUTgNjyL0BOnq2kcDbSe,לא חוקי,בנאל בן ציון,45498,194,,,,0.996,,,
no lyrics found,spotify:track:3HBMPTdsZQNO24vbrgcJKZ,מה את מרגישה,Idan Amedi,45463,22,,,,0.996,,,
no lyrics found,spotify:track:7pB0NZuggjYNGXipzdTMff,רכבת לצפון,Assaf Amdursky,45261,121,,,,0.996,,,
no lyrics found,spotify:track:0HPUcWtR8EHjd120wu2F9m,עומס לב,"Tuna, Dudu Tassa",45151,35,,,,0.996,,,
no lyrics found,spotify:track:6bmFicZxvhWn3wYScYhKfy,יונתן סע הביתה,Oshik Levy,45080,107,,,,0.996,,,
no lyrics found,spotify:track:0lhjUB7medv0bEiWHEMDy1,עד שתחזור,Yuval Dayan,44915,85,,,,0.997,,,
no lyrics found,spotify:track:4tJqps9lE4yMNuy0nufRE3,הכל טוב אחי,Eviatar Banai,44680,200,,,,0.997,,,
no lyrics found,spotify:track:1rvRyuQmz4d8R7B9wpBtq8,"פאפי - מיוחד למצעד הישראלי השנתי תשפ""ה של גלגלצ ו-ynet","Odeya, Tuna",44671,172,,,,0.997,,,
no lyrics found,spotify:track:4z0HqKOXJGaFGha9JPjD06,עכשיו קרוב,Idan Raichel,43798,77,,,,0.997,,,
no lyrics found,spotify:track:3gofSUW7Zn2qjfKumSHWKS,הנסיך הקטן,"Shlomo Gronich, Shlomo Ydov, Shem-Tov Levy Ensemble",43220,38,,,,0.997,,,
no lyrics found,spotify:track:60UdbrOrl7X8sR3xQu9kzN,דם של גיבורים,Odeya,43040,166,,,,0.997,,,
no lyrics found,spotify:track:66LQkHS38PqBwy97zJZuGY,ניצחונות קטנים,Nathan Goshen,42950,168,,,,0.998,,,
no lyrics found,spotify:track:5paLSZ9sF5jc3aSOSjQf3b,אהלן וסהלן,Lehakat Sfataim,42868,189,,,,0.998,,,
no lyrics found,spotify:track:2dpe4tyuC0d9ofnOlCMFpC,המצב של היום,Ofek Adanek,42749,180,,,,0.998,,,
no lyrics found,spotify:track:5EZfOTLFoj64rmQ8n43NGe,צעקתי אליך,Eyal Golan,42575,192,,,,0.998,,,
no lyrics found,spotify:track:4PA5UwwLNIPUoAoIkwBTjr,מכה אפורה,Monica Sex,42376,195,,,,0.998,,,
no lyrics found,spotify:track:0tqldrIhaskYRImTDWzf46,שעתיים,Ofek Adanek,42158,119,,,,0.998,,,
no lyrics found,spotify:track:2XOdRT5fQIFhctTJieM8a3,תחזור (Tachzor),"Idan Raichel, Roni Dalumi",41847,154,,,,0.999,,,
no lyrics found,spotify:track:7vXv8385iNKK2cdja1sHrU,תשמור עלי,"יאיר אלייצור, E-Z, Bar Tzabary",40507,174,,,,0.999,,,
no lyrics found,spotify:track:4ERPLdXEg2WqLoKNKnV7Vi,יהי רצון,Ishay Ribo,40305,195,,,,0.999,,,
no lyrics found,spotify:track:2wsDi2x4zDbBWSOLqWcjuj,אהבה גדולה,"Maor Edri, נאור אדרי",33596,171,,,,0.999,,,
no lyrics found,spotify:track:0pUafc8ib94x2pFHPt57dI,להתראות אהובי שלי,"אלקנה מרציאנו, Dudu Faruk",33318,174,,,,0.999,,,
no lyrics found,spotify:track:5vcjj1PnF81hHkf6tkHZWh,לראות את האור,Efrat Gosh,33315,199,,,,0.999,,,
no lyrics found,spotify:track:7xluxbbxxQ8ovB6xrJUlim,הכי קרוב אלייך,"Elai Botner, Avraham Aviv Alush",31970,20,,,,0.999,,,
no lyrics found,spotify:track:3hpaRxH73ciJCuH6QcNWXO,מטפסים על הקירות,Eden Hason,29863,6,,,,1.0,,,
no lyrics found,spotify:track:3PqHflY0wAwmSAt0pIZRT7,אבא,Eviatar Banai,28319,188,,,,1.0,,,
no lyrics found,spotify:track:6s7LQ3bgiQRORpqbxK2N5X,אחשילי,"Yishay Swissa, Michael Swissa, Shahar Hason",24511,132,,,,1.0,,,
no lyrics found,spotify:track:5A3bEckI7AjWTguGqZOzUm,פנתרה,Noa Kirel,24325,1,,,,1.0,,,
no lyrics found,spotify:track:4py8ddBPFRTYqL3vbh2FXq,טרנטולה,"Static, Agam Buhbut",23960,23,,,,1.0,,,
no lyrics found,spotify:track:4ZczcAx568Lt9m51yuMsTy,איך שאת אוהבת,Osher Cohen,23952,61,,,,1.0,,,
