uri,track_name,artist_names,total_streams,peak_rank,first_week,selection,status,n_parts,shironet_urls,shironet_titles,shironet_artists,title_score,artist_score,lyrics_file,lyrics_chars,shironet_url_correct,action,reviewer_note
spotify:track:2fewVF6oOGKux69rHGbPMq,צוחקת ובוכה,Eden Hason,11938964,4,2024-02-08,hebrew_title,review,1,https://shironet.mako.co.il/artist?type=lyrics&lang=1&prfid=4245&wrkid=13339,צוחקת ובוכה,אילנית ורון שובל,100.0,42.9,,,,,
spotify:track:7kFo0ivGlvuzIWmODfmrjF,אחת ממיליון,רון חיון,9195384,1,2025-03-20,hebrew_title,page_without_lyrics,1,https://shironet.mako.co.il/artist?type=lyrics&lang=1&prfid=24702&wrkid=63837,אחת ממיליון,רון חיון,100.0,100.0,,,,,
spotify:track:3RBpmZJ0YG9abVBXI2U1UO,את חסרה לי,Eden Hason,8273046,24,2023-10-12,hebrew_title,review,1,https://shironet.mako.co.il/artist?type=lyrics&lang=1&prfid=12322&wrkid=44222,את חסרה לי,רחמים ג'נאח,100.0,28.6,,,,,
spotify:track:3XSSUNQJHy7GTWtSHHITq5,השם ירחם,Tuna,7299993,6,2025-06-05,hebrew_title,review,1,https://shironet.mako.co.il/artist?type=lyrics&lang=1&prfid=4847&wrkid=63825,השם ירחם,איתי זבולון,100.0,33.3,,,,,
spotify:track:2Ozw7k5CLtM5W9SomrOyjw,Hurricane,Eden Golan,6840050,1,2024-03-14,israeli_artist,review,1,https://shironet.mako.co.il/artist?type=lyrics&lang=2&prfid=35360&wrkid=70515,Hurricane,Bob Dylan,100.0,61.5,,,,,
spotify:track:1hLd6flq2cPLvH2Xraimbu,תסביכים קשים,שירז אברהם,5529244,14,2024-08-08,hebrew_title,not_found,1,https://shironet.mako.co.il/artist?type=lyrics&lang=1&prfid=24858&wrkid=65321,היית לי עיניים,שירז אברהם,43.5,100.0,,,,,
spotify:track:6gGbQIKS0dyNQrJfUatt46,רוזה,Omer Adam,5183018,11,2025-06-12,hebrew_title,review,1,https://shironet.mako.co.il/artist?type=lyrics&lang=1&prfid=465&wrkid=2807,רוזה,יהורם גאון,100.0,50.0,,,,,
spotify:track:1136mOn1aHIa1evNDoYRfo,תקרא לי מאמי,Mor,5043833,88,2023-10-26,hebrew_title,not_found,1,https://shironet.mako.co.il/artist?type=lyrics&lang=1&prfid=24631&wrkid=57145,אין אותנו יותר,אבי אבורומי & מור,46.2,100.0,,,,,
spotify:track:3yyHRwblo5kk0fH9pfMP6M,ביחד,"Marina Maximilian, Guy Mentesh",4743220,44,2023-10-12,hebrew_title,review,1,https://shironet.mako.co.il/artist?type=lyrics&lang=1&prfid=2582&wrkid=52456,ביחד,אריאל גל,100.0,50.0,,,,,
spotify:track:5wXHoXp3DCnzuqZOE6rY0a,סיפורי צדיקים,"Odeya, Ben Zur",4580805,5,2025-03-06,hebrew_title,not_found,1,https://shironet.mako.co.il/artist?type=lyrics&lang=1&prfid=24458&wrkid=62962,סיפורי צדיקים - אודיה & בן צור,"שירים שנכתבו ע""י בן ציון חיים צור",70.6,100.0,,,,,
spotify:track:6qi83Ret9Yok9PfZWzmdZk,חסר/ה לי ברמות,"בנאל בן ציון, שירז אברהם",4519571,64,2023-10-12,hebrew_title,not_found,2,https://shironet.mako.co.il/artist?type=lyrics&lang=1&prfid=14616&wrkid=60210 | https://shironet.mako.co.il/artist?type=lyrics&lang=1&prfid=14616&wrkid=60210,ברמות את חסרה | ברמות את חסרה,בנאל בן ציון | בנאל בן ציון,42.9,100.0,,,,,
spotify:track:1oZbzZEpWVtmwMjxo12SzV,רוקי,Odeya,4437502,2,2025-10-09,hebrew_title,not_found,1,https://shironet.mako.co.il/artist?type=lyrics&lang=1&prfid=22151&wrkid=66457,רוצי ילדה,אודיה אזולאי,50.0,100.0,,,,,
spotify:track:0CBpvL8Z0NRdazbJ4HDm9M,תרקדי (7.10.23),Osher Cohen,4389850,10,2023-11-09,hebrew_title,review,1,https://shironet.mako.co.il/artist?type=lyrics&lang=1&prfid=3787&wrkid=51850,תרקדי,משה פרץ,100.0,36.4,,,,,
spotify:track:0h9lqpfcS37U6zvDCKwQhX,אייכה,Shuli Rand,4199213,71,2023-10-12,hebrew_title,review,1,https://shironet.mako.co.il/artist?type=lyrics&lang=1&prfid=939&wrkid=20224,איכה,שולי רנד,88.9,100.0,,,,,
spotify:track:4lBl6TVdZKF7KyLVw68JfP,שממה,Ori Ben Ari,3928200,51,2023-10-12,hebrew_title,not_found,1,https://shironet.mako.co.il/artist?type=lyrics&lang=1&prfid=22735&wrkid=67191,מה מצאת בעיר הזאת?,יגל אושרי,33.3,61.5,,,,,
spotify:track:2PpTUW96jjJYr8ib8RUnUu,י'א 2,Tuna,3924886,45,2023-10-12,hebrew_title,review,1,https://shironet.mako.co.il/artist?type=lyrics&lang=1&prfid=16260&wrkid=45727,יא 2,טונה,88.9,100.0,,,,,
spotify:track:7o6UDPFWtYrjUZnRvi1dvO,איך אפשר,Jane Bordeaux,3897700,109,2023-10-12,hebrew_title,review,1,https://shironet.mako.co.il/artist?type=lyrics&lang=1&prfid=19985&wrkid=45454,איך אפשר,יהונתן וענונו,100.0,45.5,,,,,
spotify:track:2Nn5rAJpUi1AhPIubW6HU7,בני ברק או ערק,מ',3891643,40,2024-10-10,hebrew_title,review,1,https://shironet.mako.co.il/artist?type=lyrics&lang=1&prfid=25876&wrkid=61813,בני ברק או ערק,מ המסתערב,100.0,18.2,,,,,
spotify:track:6Eds9y8ZiQHcIegsEIVcYP,את חסרה לי & אורות,"Avraham Tal, Eden Hason",3854206,25,2023-10-12,hebrew_title,review,2,https://shironet.mako.co.il/artist?type=lyrics&lang=1&prfid=12322&wrkid=44222 | https://shironet.mako.co.il/artist?type=lyrics&lang=1&prfid=7335&wrkid=26740,את חסרה לי | אורות,רחמים ג'נאח | אברהם טל,100.0,42.9,,,,,
spotify:track:1Rh5r9vUOumJ1sbPuv3dkO,עד שתבואי עד אליי,Eden Hason,3829411,49,2023-10-12,hebrew_title,not_found,1,https://shironet.mako.co.il/artist?type=lyrics&lang=1&prfid=13834&wrkid=60243,אוי ואבוי,עדן חסון,46.2,100.0,,,,,
spotify:track:4y4CClBoVYR9rXmeL5oK9c,לי ולה,"Ravid Plotnik, Avishai Cohen",3702229,57,2023-10-12,hebrew_title,not_found,1,https://shironet.mako.co.il/artist?type=lyrics&lang=1&prfid=17619&wrkid=53348,בלדה לביישן,רביד פלוטניק,58.8,100.0,,,,,
spotify:track:5CkagnykIgnpOEorVEHgCF,בדיוק כמו שאני,Ravid Plotnik,3604091,67,2023-11-02,hebrew_title,not_found,1,https://shironet.mako.co.il/artist?type=lyrics&lang=1&prfid=17619&wrkid=62414,בוקר טוב חיים שלי,רביד פלוטניק,51.6,100.0,,,,,
spotify:track:6YQpTZk61Ku0hyutsVLpPe,חיפשתי אותו בנרות,Eden Ben Zaken,3564006,31,2024-05-02,hebrew_title,not_found,1,https://shironet.mako.co.il/artist?type=lyrics&lang=1&prfid=16843&wrkid=44099,הייתי חוזרת,עדן בן זקן,48.0,100.0,,,,,
spotify:track:3X0WwsNHfSqpd85A9Iggr2,38 וחוץ מכדורגל,"Hanan Ben Ari, Peer Tasi",3409864,15,2023-10-12,hebrew_title,review,1,https://shironet.mako.co.il/artist?type=lyrics&lang=1&prfid=17593&wrkid=58126,חוץ מכדורגל,חנן בן ארי,87.0,100.0,,,,,
spotify:track:72W6xVQGdKHQl348KYgwg2,שלמים,Idan Rafael Haviv,3297715,62,2023-10-12,hebrew_title,not_found,1,https://shironet.mako.co.il/artist?type=lyrics&lang=1&prfid=8853&wrkid=37009,נמלטים,עידן חביב,54.5,100.0,,,,,
spotify:track:0ZFQYK9u8C1nGLXXb4y17W,קירות,Itay Levi,3246921,53,2024-03-14,hebrew_title,review,1,https://shironet.mako.co.il/artist?type=lyrics&lang=1&prfid=23205&wrkid=58622,קירות,יפית טסה,100.0,46.2,,,,,
spotify:track:5qOxJdYpngdcI4shMGYo8S,רובים ותלתלים,Tuna,3102353,4,2025-06-05,hebrew_title,review,1,https://shironet.mako.co.il/artist?type=lyrics&lang=1&prfid=4847&wrkid=63976,רובים ותלתלים,איתי זבולון,100.0,33.3,,,,,
spotify:track:02mgxr6NgCwAVtuLtttDUB,מדאם,Noam Bettan,3077935,2,2025-11-20,hebrew_title,review,1,https://shironet.mako.co.il/artist?type=lyrics&lang=1&prfid=19936&wrkid=62843,מדאם,נועם בתן,100.0,80.0,,,,,
spotify:track:7mBGGsJwx4o8NiqWfmAJ96,כפרה שלי,Ravid Plotnik,3021278,79,2023-10-12,hebrew_title,not_found,1,https://shironet.mako.co.il/artist?type=lyrics&lang=1&prfid=17619&wrkid=63191,מתי כספי,רביד פלוטניק,50.0,100.0,,,,,
spotify:track:79frUUdqTcE1Qll6Twt8Ds,לב יפה,Ron Buhnik,2934136,63,2023-10-19,hebrew_title,not_found,1,https://shironet.mako.co.il/artist?type=lyrics&lang=1&prfid=2126&wrkid=7919,לבן זה יפה,בוטן מתוק בקרקס,76.9,52.6,,,,,
spotify:track:6SsIHyxHGkKaN9MET0k11l,הכל יהיה,Blue Pill,2851766,81,2024-01-18,hebrew_title,review,1,https://shironet.mako.co.il/artist?type=lyrics&lang=1&prfid=9742&wrkid=46733,הכל יהיה,הפיל הכחול,100.0,14.3,,,,,
spotify:track:4abB8WdkswrxWxcV2e56x9,גדל לי קצת זקן,Eden Hason,2794344,55,2023-10-12,hebrew_title,not_found,1,https://shironet.mako.co.il/artist?type=lyrics&lang=1&prfid=13834&wrkid=57672,עושה לי צרות,עדן חסון,38.5,100.0,,,,,
spotify:track:12ddpfSEpTUe2iixjUvLl6,זזה עם הגוף,"LifeSwisa, RONNY",2737143,49,2024-12-12,hebrew_title,review,1,https://shironet.mako.co.il/artist?type=lyrics&lang=1&prfid=23014&wrkid=51895,זזה עם הגוף,ANIHU,100.0,33.3,,,,,
spotify:track:5edYMsNo852Zw29Qni9p8t,בובה,Noam Bettan,2668228,16,2023-10-12,hebrew_title,review,1,https://shironet.mako.co.il/artist?type=lyrics&lang=1&prfid=20077&wrkid=64931,בובה,עמנואל מרון,100.0,33.3,,,,,
spotify:track:05N02mZEB9QHcEacmFCJCB,נופלת לך,Rinat Bar,2595385,41,2025-06-26,hebrew_title,not_found,1,https://shironet.mako.co.il/artist?type=lyrics&lang=1&prfid=1387&wrkid=21100,אל תוותר,רינת בר,50.0,100.0,,,,,
spotify:track:1H5GUNNCrurtyoOKbS2tT8,New Day Will Rise,"Yuval Raphael, כאן - תאגיד השידור הישראלי",2573719,1,2025-03-13,israeli_artist,review,1,https://shironet.mako.co.il/artist?type=lyrics&lang=1&prfid=26080&wrkid=63010,New Day Will Rise,יובל רפאל,100.0,13.3,,,,,
spotify:track:5e4PVtYVBu9BpJVhmQhIvS,שמש,Hanan Ben Ari,2463399,89,2023-10-12,hebrew_title,review,1,https://shironet.mako.co.il/artist?type=lyrics&lang=1&prfid=20281&wrkid=66334,שמש,לירז גרין,100.0,46.2,,,,,
spotify:track:6aYvWy72gVdkip3Yco9osi,חתולים,"Jimbo J, Ravid Plotnik",2381733,93,2024-03-21,hebrew_title,review,1,https://shironet.mako.co.il/artist?type=lyrics&lang=1&prfid=1530&wrkid=28537,חתולים,ג'ירפות,100.0,61.5,,,,,
spotify:track:7jIQI2hhTqgBB7xga5jTWA,מלכת הקרח,נתנאל דהאן,2355488,25,2025-07-31,hebrew_title,not_found,1,https://shironet.mako.co.il/artist?type=lyrics&lang=1&prfid=24770&wrkid=66693,מעולה,אייל לוי,46.2,42.9,,,,,
spotify:track:5JGVm5Xshr1IlNlW9phZFQ,לא תראה אותי בוכה,Eden Hason,2351493,25,2023-10-12,hebrew_title,not_found,1,https://shironet.mako.co.il/artist?type=lyrics&lang=1&prfid=13834&wrkid=57944,לאהוב אותך כל יום,עדן חסון,58.8,100.0,,,,,
spotify:track:2TlbpPgFuDkTqYNv01Amcv,מקום לשנינו & השם יברך אותך - מתוך חזרות לפסטיבל התמר 2025,"Idan Amedi, Osher Cohen",2317896,19,2025-09-25,hebrew_title,review,2,https://shironet.mako.co.il/artist?type=lyrics&lang=1&prfid=12746&wrkid=53929 | https://shironet.mako.co.il/artist?type=lyrics&lang=1&prfid=16196&wrkid=62639,מקום לשנינו | ה׳ יברך אותך,עידן עמדי | אושר כהן,88.0,100.0,,,,,
spotify:track:0BIn5KNnPdnDZrLJ2qLXnp,תהיה בנאדם,מ',2225291,44,2025-08-28,hebrew_title,review,1,https://shironet.mako.co.il/artist?type=lyrics&lang=1&prfid=25876&wrkid=64532,תהיה בנאדם,מ המסתערב,100.0,18.2,,,,,
spotify:track:3idINUuyRidKbQiMFt6EkU,משוגעת,"Gal Adam, NOROZ",2163626,46,2023-10-12,hebrew_title,review,1,https://shironet.mako.co.il/artist?type=lyrics&lang=1&prfid=23330&wrkid=66428,משוגעת,שון בלו,100.0,33.3,,,,,
spotify:track:5nhdL0kvFVnRLIuygOcfQ9,מחשבות,Yossi Shitrit,2154424,85,2023-10-12,hebrew_title,review,1,https://shironet.mako.co.il/artist?type=lyrics&lang=1&prfid=25314&wrkid=59641,מחשבות,דורי יער,100.0,50.0,,,,,
spotify:track:557CJdchRFIqWE0V5iUR8A,היא ברזילאית,"אדם זרו, Yair Lugasy",2072321,36,2025-06-12,hebrew_title,not_found,1,https://shironet.mako.co.il/artist?type=lyrics&lang=1&prfid=4546&wrkid=55206,ברזיל זה כאן,אליזט,66.7,40.0,,,,,
spotify:track:2QUuLcqNlQUFOuMm4osKdN,38,Peer Tasi,2050043,86,2023-10-12,israeli_artist,not_found,1,https://shironet.mako.co.il/artist?type=lyrics&lang=1&prfid=7747&wrkid=63770,97 פרופיל,פאר טסי,0.0,100.0,,,,,
spotify:track:7rNA5Jwu23g7PaXcMwfLdq,מדליקה לי הכל,Eden Hason,2029471,100,2023-10-12,hebrew_title,not_found,1,https://shironet.mako.co.il/artist?type=lyrics&lang=1&prfid=13834&wrkid=31438,לא נגמל ממך,עדן חסון,41.7,100.0,,,,,
spotify:track:2FolAZmXbtYqnWALVQTb4B,הכול הכול לטובה,Odeya,1992869,9,2025-10-09,hebrew_title,not_found,1,https://shironet.mako.co.il/artist?type=lyrics&lang=1&prfid=15849&wrkid=36269,הכול זה לטובה,עוזיה צדוק,85.7,60.0,,,,,
spotify:track:5liIuoKq6hJZOheB95eTCt,אגרוף,Eden Ben Zaken,1972360,53,2025-09-04,hebrew_title,review,1,https://shironet.mako.co.il/artist?type=lyrics&lang=1&prfid=17358&wrkid=39608,אגרוף,בת אל פאפורה,100.0,30.8,,,,,
spotify:track:6RCxgLA7IVZjO5aPHEWNRC,אמן אמן אמן,Tuna,1965409,3,2025-06-05,hebrew_title,page_without_lyrics,1,https://shironet.mako.co.il/artist?type=lyrics&lang=1&prfid=16260&wrkid=63941,אמן אמן אמן,טונה,100.0,100.0,,,,,
spotify:track:05fmjmDag1xjIcIxuissuG,מחכה,Rita,1864741,60,2023-10-19,hebrew_title,not_found,1,https://shironet.mako.co.il/artist?type=lyrics&lang=1&prfid=6264&wrkid=65344,מחכה לנס,מרינה מקסימיליאן בלומין,72.7,75.0,,,,,
spotify:track:4JSUFLR3Uo7FPCfNDRxIrx,ברחובות של תל אביב,Eden Ben Zaken,1695898,96,2025-08-21,hebrew_title,review,1,https://shironet.mako.co.il/artist?type=lyrics&lang=1&prfid=17720&wrkid=57997,ברחובות של תל אביב,בן מצמבר,100.0,46.2,,,,,
spotify:track:1ShwMcHgAEuUFnY5T0EYjQ,Hikiti Leha,Rinat Bar,1633001,73,2025-05-08,israeli_artist,not_found,1,https://shironet.mako.co.il/artist?type=lyrics&lang=1&prfid=1387&wrkid=62547,קר לי,רינת בר,12.5,100.0,,,,,
spotify:track:0JoYMP7hvEwxKCjj9szUo6,טיל פצמר,LIAD MEIR,1567981,13,2023-10-12,hebrew_title,not_found,1,https://shironet.mako.co.il/artist?type=lyrics&lang=1&prfid=24768&wrkid=57674,פלואו של טמבל,ליעד מאיר,38.1,100.0,,,,,
spotify:track:0SmY5bTuls1ccput6QhHSA,"אני אוהב, אני מכור, אני שרוף",Adir Getz,1501697,103,2023-10-12,hebrew_title,not_found,1,https://shironet.mako.co.il/artist?type=lyrics&lang=1&prfid=24638&wrkid=66414,אוהב או שונא,ליאם גולן,51.6,46.2,,,,,
spotify:track:1hPyp13B8rWWxAduMcPsdM,אהבת אותי,"Tuna, Ravid Plotnik",1459514,13,2025-06-05,hebrew_title,review,1,https://shironet.mako.co.il/artist?type=lyrics&lang=1&prfid=686&wrkid=67,אהבת אותי,משינה,100.0,66.7,,,,,
spotify:track:51BtwvurK2ZCtRHhuXC3AR,ילד מסוכן,Eden Ben Zaken,1385323,91,2025-05-08,hebrew_title,not_found,1,https://shironet.mako.co.il/artist?type=lyrics&lang=1&prfid=16843&wrkid=58010,ילדת רחוב,עדן בן זקן,55.6,100.0,,,,,
spotify:track:4uL9uKOOrtjuAoXLaeDyoa,דרבק,Moni,1322011,59,2024-06-13,hebrew_title,not_found,1,https://shironet.mako.co.il/artist?type=lyrics&lang=1&prfid=1015&wrkid=30158,אינתה אל רמז,שרית חדד,14.3,28.6,,,,,
spotify:track:5UEnnrjmKyyReW8OY8FuvN,ללכת,Liran Danino,1266142,98,2023-10-26,hebrew_title,not_found,1,https://shironet.mako.co.il/artist?type=lyrics&lang=1&prfid=10743&wrkid=63717,ליד הדלת,לירן דנינו,54.5,100.0,,,,,
spotify:track:7a8B2vmOcJ6btFlBGl2IX9,ואז את תראי,"Doli & Penn, Dikla, Idan Rafael Haviv, Mark Eliyahu",1221630,104,2023-10-19,hebrew_title,not_found,1,https://shironet.mako.co.il/artist?type=lyrics&lang=1&prfid=8853&wrkid=37447,אם אני בא,עידן חביב,50.0,100.0,,,,,
spotify:track:6sQma97yWUaVkSwsuZPJ3K,בואי לא,Vibe Ish,1188943,115,2025-05-08,hebrew_title,not_found,1,https://shironet.mako.co.il/artist?type=lyrics&lang=1&prfid=25200&wrkid=59992,חשבתי עלייך,וייב איש,44.4,100.0,,,,,
spotify:track:02hXZxgl6XwtAdK9y2sb6B,כפיות,Eden Hason,1169370,44,2023-10-12,hebrew_title,not_found,1,https://shironet.mako.co.il/artist?type=lyrics&lang=1&prfid=13834&wrkid=51808,על כפיו יביא,עדן חסון,53.3,100.0,,,,,
spotify:track:3kgOZqPw2xurllVbuNxg8E,נשמה שלי את,אבירם עמר,1047342,68,2024-02-15,hebrew_title,review,1,https://shironet.mako.co.il/artist?type=lyrics&lang=1&prfid=21453&wrkid=48538,את הנשמה שלי,בריו,95.7,57.1,,,,,
spotify:track:50Or7niXp29xwKc8F9pLQA,לונדון דובאי,Kapelyo,1034451,62,2025-04-17,hebrew_title,not_found,1,https://shironet.mako.co.il/artist?type=lyrics&lang=1&prfid=17094&wrkid=40835,"מותק, תקנה את העולם!",פולינה,33.3,0.0,,,,,
spotify:track:093NpjRdVPM0zE1GlT4gNo,אם את חייבת/אינטרו,Vibe Ish,1026907,50,2024-08-01,hebrew_title,review,2,https://shironet.mako.co.il/artist?type=lyrics&lang=1&prfid=25200&wrkid=59990 | https://shironet.mako.co.il/artist?type=lyrics&lang=1&prfid=17460&wrkid=39738,אם את חייבת | אינטרו,וייב איש | בני אסתרקין,100.0,50.0,,,,,
spotify:track:09cFhCmE7LgCOjTcB8Rn6H,Welcome to Ya Hood,"Tamir Bar, שם טוב האבי, Berry Sakharof, Noga Erez, ROUSSO",1015630,19,2025-11-13,israeli_artist,not_found,1,https://shironet.mako.co.il/artist?type=lyrics&lang=1&prfid=202&wrkid=64789,Circumstance,ברי סחרוף,29.6,100.0,,,,,
spotify:track:2uZgji0m6WVPMkv1Hykf16,אל תענה,"Tamir Bar, שם טוב האבי, LIAD MEIR",1013311,29,2025-11-13,hebrew_title,not_found,1,https://shironet.mako.co.il/artist?type=lyrics&lang=1&prfid=383&wrkid=39198,אל תענה לי,חוה אלברשטיין,85.7,45.5,,,,,
spotify:track:7Jh8Ar4buQNTT3s3iHJjkj,היה מדבר,Tuna,972431,17,2025-06-05,hebrew_title,review,1,https://shironet.mako.co.il/artist?type=lyrics&lang=1&prfid=4847&wrkid=63974,היה מדבר,איתי זבולון,100.0,33.3,,,,,
spotify:track:5xrZpr1va5sIWMb5ndfgQP,ילדים כאלה,Eden Hason,929032,109,2023-10-19,hebrew_title,not_found,1,https://shironet.mako.co.il/artist?type=lyrics&lang=1&prfid=13834&wrkid=51808,על כפיו יביא,עדן חסון,45.5,100.0,,,,,
spotify:track:6FbmUqAPNiQ5IXxMTNKV3u,לילה,Omer Adam,907346,32,2024-11-14,hebrew_title,review,1,https://shironet.mako.co.il/artist?type=lyrics&lang=1&prfid=23035&wrkid=67003,לילה,נונו,100.0,33.3,,,,,
spotify:track:3qWDOGP2SBMLQ3nzMIkNbz,שני ילדים בעולם,Nathan Goshen,902575,110,2023-10-26,hebrew_title,not_found,1,https://shironet.mako.co.il/artist?type=lyrics&lang=1&prfid=12579&wrkid=30592,כל מה שיש לי,נתן גושן,51.9,100.0,,,,,
spotify:track:1LPAIuklAWhEUGQ3nQrcBr,Lifamim,Ori Ben Ari,861381,130,2023-11-23,israeli_artist,not_found,1,,,,,,,,,,
spotify:track:18ljxDm42G5YuQtWZElFSZ,אחת ממיליון & מלכת הדור & לא להמציא - מיוחד למצעד הישראלי השנתי,"DUDA, רון חיון",848654,71,2025-10-02,hebrew_title,not_found,3,https://shironet.mako.co.il/artist?type=lyrics&lang=1&prfid=24702&wrkid=63837 | https://shironet.mako.co.il/artist?type=lyrics&lang=1&prfid=10755&wrkid=63751 | https://shironet.mako.co.il/artist?type=lyrics&lang=1&prfid=24702&wrkid=57675,אחת ממיליון | מלכת הדור | פלואו של טמבל 2,רון חיון | עומר אדם | רון חיון,28.6,33.3,,,,,
spotify:track:7JoXEwDsbey37yMghVbIub,הריני,"Ravid Plotnik, Eviatar Banai",848499,97,2023-11-09,hebrew_title,review,1,https://shironet.mako.co.il/artist?type=lyrics&lang=1&prfid=20614&wrkid=62746,הריני,אסף הרוש,100.0,46.2,,,,,
spotify:track:3bNMJufCrUTvulgd5XhUKs,סליחה,"Static, ששון איפרם שאולוב",841252,42,2025-04-24,hebrew_title,page_without_lyrics,1,https://shironet.mako.co.il/artist?type=lyrics&lang=1&prfid=25152&wrkid=63703,סליחה,ששון שאולוב,100.0,100.0,,,,,
spotify:track:3hcA78977VXSLmAsVE7BWE,אדם שבור,Eden Hason,837997,25,2026-01-08,hebrew_title,not_found,1,https://shironet.mako.co.il/artist?type=lyrics&lang=1&prfid=13834&wrkid=61609,לב שביר,עדן חסון,53.3,100.0,,,,,
spotify:track:3s13Ypsdj82Uolj75MBE5f,היום,Noam Bettan,824129,46,2025-12-11,hebrew_title,review,1,https://shironet.mako.co.il/artist?type=lyrics&lang=1&prfid=26670&wrkid=66035,היום,סאבלימינל עם ליבי פנקר,100.0,57.1,,,,,
spotify:track:08vuE9ILz25hjgRX4K5tQT,בואי נדבר,"שירז אברהם, Shlomo Levi",814916,94,2023-11-16,hebrew_title,review,1,https://shironet.mako.co.il/artist?type=lyrics&lang=1&prfid=24321&wrkid=59167,בואי נדבר,ששון איפרם שאולוב,100.0,50.0,,,,,
spotify:track:2L2vg2n4bU1CVLlpKbQhef,שיר ללא שם,Eviatar Banai,814603,40,2023-12-28,hebrew_title,review,1,https://shironet.mako.co.il/artist?type=lyrics&lang=1&prfid=462&wrkid=3003,שיר ללא שם,יהודית רביץ,100.0,58.8,,,,,
spotify:track:1fWkzxrhsViaXfuJPIflNl,אליס - חי באולפן גלגלצ,נדב חנציס,793334,79,2025-07-24,hebrew_title,not_found,1,https://shironet.mako.co.il/artist?type=lyrics&lang=1&prfid=26233&wrkid=66472,אל תשחקי לי בלב,נדב חנציס,57.1,100.0,,,,,
spotify:track:58m9mqwBLliFpIFSYzprSn,עטלף עיוור,Eyal Golan,786528,51,2023-10-12,hebrew_title,review,1,https://shironet.mako.co.il/artist?type=lyrics&lang=1&prfid=17593&wrkid=57816,עטלף עיוור,חנן בן ארי,100.0,44.4,,,,,
spotify:track:4j6zwZXmowzteSNjeqq1np,איך את אוהבת,Eden Hason,764862,100,2023-10-19,hebrew_title,review,1,https://shironet.mako.co.il/artist?type=lyrics&lang=1&prfid=16196&wrkid=58004,איך שאת אוהבת,אושר כהן,96.0,40.0,,,,,
spotify:track:5fKgzl3NkOSBwVdsYRqxdd,אהבה חולה,"הכוכב הבא, Noam Bettan",732224,40,2026-01-01,hebrew_title,review,1,https://shironet.mako.co.il/artist?type=lyrics&lang=1&prfid=25681&wrkid=65980,חולה אהבה,ליעם חכמון,100.0,50.0,,,,,
spotify:track:7nMomFVtkNlufbOUqb89ey,וואי,Omer Adam,704875,103,2023-12-14,hebrew_title,review,1,https://shironet.mako.co.il/artist?type=lyrics&lang=1&prfid=10755&wrkid=33379,וואי לי,עומר אדם,80.0,100.0,,,,,
spotify:track:0MhNrKywHeTXXyWRJt7UDn,מגנט + הייתי חוזרת (מתוך החזרות למופע פול ווליום),"Eden Ben Zaken, ששון איפרם שאולוב",681209,102,2025-04-03,hebrew_title,review,1,https://shironet.mako.co.il/artist?type=lyrics&lang=1&prfid=16843&wrkid=44099,הייתי חוזרת,עדן בן זקן,83.3,100.0,,,,,
spotify:track:1B6qAMPiD7sv3WNI90ELMz,אור הירח,"Jasmin Moallem, Tuna",676238,120,2023-10-19,hebrew_title,review,1,https://shironet.mako.co.il/artist?type=lyrics&lang=1&prfid=3525&wrkid=42103,אור ירח,דנה לפידות,93.3,57.1,,,,,
spotify:track:5rg4MXC9LBysvrBLrt6i3O,אני שלך,Avraham Tal,646358,120,2023-10-26,hebrew_title,review,1,https://shironet.mako.co.il/artist?type=lyrics&lang=1&prfid=15157&wrkid=22501,אני שלך,עדן אבוטבול,100.0,53.3,,,,,
spotify:track:5BK8QQs9NhYRFGQHx8GMAG,שיר לאמא,Alon Eder,629379,152,2024-11-14,hebrew_title,review,1,https://shironet.mako.co.il/artist?type=lyrics&lang=1&prfid=1505&wrkid=39069,שיר לאמא,ישראל ברייט,100.0,50.0,,,,,
spotify:track:4TQmgOWfxnPyD4AIbFuBUb,מחרוזת חסידית - מנורה לייב,ששון איפרם שאולוב,622203,138,2024-11-21,hebrew_title,not_found,1,https://shironet.mako.co.il/artist?type=lyrics&lang=1&prfid=25152&wrkid=66594,חוזר אלייך,ששון שאולוב,47.1,100.0,,,,,
spotify:track:5vrzcGVyLeru7vHm89EvRr,אין מרחק בינינו,Eden Hason,618727,90,2024-10-03,hebrew_title,not_found,1,https://shironet.mako.co.il/artist?type=lyrics&lang=1&prfid=13834&wrkid=51808,על כפיו יביא,עדן חסון,44.4,100.0,,,,,
spotify:track:0VgQrZgWmIDO20EqbVCiLX,עבד כי ימלוך,"Tamir Bar, שם טוב האבי, Michael Swissa, Yishay Swissa",612185,33,2025-11-13,hebrew_title,not_found,1,https://shironet.mako.co.il/artist?type=lyrics&lang=1&prfid=14848&wrkid=45039,מעבר לחצות,יוחאי בן אבי,45.5,66.7,,,,,
spotify:track:65mihAxc8YUEoIuazo9au4,חיכיתי לך - מנורה Live,"ששון איפרם שאולוב, Rinat Bar",604381,120,2025-02-20,hebrew_title,not_found,1,https://shironet.mako.co.il/artist?type=lyrics&lang=1&prfid=1387&wrkid=65882,דחיתי אותך למחר,רינת בר,51.4,100.0,,,,,
spotify:track:66KxDVMUHeV3gv4F3KTp2n,לחזור הביתה,Hatikva 6,601797,123,2023-11-16,hebrew_title,review,1,https://shironet.mako.co.il/artist?type=lyrics&lang=1&prfid=7586&wrkid=65153,לחזור הביתה,עובדיה חממה,100.0,40.0,,,,,
spotify:track:1VlZ3l7Ea1vVXl2LqivNuS,לא הפסקתי לחפש אותך,"Shlomo Artzi, Omer Adam",596127,120,2025-06-19,hebrew_title,not_found,1,https://shironet.mako.co.il/artist?type=lyrics&lang=1&prfid=975&wrkid=63249,היה לי אותך,שלמה ארצי,60.0,100.0,,,,,
spotify:track:21sUkbh9rQ8p4luwW9nCpH,ליבי,Peer Tasi,594791,90,2024-05-30,hebrew_title,not_found,1,https://shironet.mako.co.il/artist?type=lyrics&lang=1&prfid=7747&wrkid=66500,ללי,פאר טסי,57.1,100.0,,,,,
spotify:track:5xlMI2eRQgUsDAl8vRmhJC,קשר בתקצורת,"Tuna, Haim Moshe",585280,27,2025-06-05,hebrew_title,page_without_lyrics,1,https://shironet.mako.co.il/artist?type=lyrics&lang=1&prfid=16260&wrkid=63927,קשר בתקצורת,טונה,100.0,100.0,,,,,
spotify:track:5N9I2p1Z9K4hi6Rs6FmgNF,אהבות ליום אחד,Noam Bettan,576022,68,2025-12-25,hebrew_title,review,1,https://shironet.mako.co.il/artist?type=lyrics&lang=1&prfid=19936&wrkid=51767,אהבות ליום אחד,נועם בתן,100.0,80.0,,,,,
spotify:track:5skSuo1jY3G5FGbWdaKD4w,מיליון לילות,"Eden Hason, Osher Cohen",533732,49,2025-07-10,hebrew_title,not_found,1,https://shironet.mako.co.il/artist?type=lyrics&lang=1&prfid=16196&wrkid=64265,לא מבין,אושר כהן,52.6,100.0,,,,,
spotify:track:2GOVLMW4SmZM14nMRtnhx3,אחד עומד ונואם,"Tamir Bar, שם טוב האבי, Arkadi Duchin",529250,39,2025-11-20,hebrew_title,not_found,1,https://shironet.mako.co.il/artist?type=lyrics&lang=1&prfid=1229&wrkid=17781,יום חדש,מוש בן ארי,47.6,58.8,,,,,
spotify:track:0jPy1Rm9G4UjNHLg9WXNDj,זורק תעניבה,Omer Adam,510991,115,2024-09-19,hebrew_title,not_found,1,https://shironet.mako.co.il/artist?type=lyrics&lang=1&prfid=10755&wrkid=53914,אחרי החתונה,עומר אדם,45.5,100.0,,,,,
spotify:track:6WHn7yqwDVstOlOsdU7UEt,רק תגידי,Ofek Adanek,462279,127,2025-07-10,hebrew_title,review,1,https://shironet.mako.co.il/artist?type=lyrics&lang=1&prfid=14571&wrkid=44630,רק תגידי,הדר עמרם,100.0,30.8,,,,,
spotify:track:5ogS9Gv62PA9a8h3nL2bEX,אבל את,"Meir Banai, Eviatar Banai",461887,106,2025-10-09,hebrew_title,review,1,https://shironet.mako.co.il/artist?type=lyrics&lang=1&prfid=497&wrkid=8337,אבל את,יוסי בנאי,100.0,80.0,,,,,
spotify:track:2Yfd4lEjv3Ah7lLHEAYX50,נגמר,Idan Amedi,453043,72,2024-01-11,hebrew_title,review,1,https://shironet.mako.co.il/artist?type=lyrics&lang=1&prfid=26650&wrkid=65964,נגמר,תמר יהלומי ויונתן קלימי,100.0,50.0,,,,,
spotify:track:0igXa4xOZowEJUNPhUbPwr,ממי את יודעת איך,"Tuna, Sima Noon",432065,32,2025-06-05,hebrew_title,review,1,https://shironet.mako.co.il/artist?type=lyrics&lang=1&prfid=4847&wrkid=63977,ממי את יודעת איך,איתי זבולון,100.0,50.0,,,,,
spotify:track:1b8Zi0VlYH3M7eeXQZ7APz,בגלגול הבא,Odeya,419091,86,2024-06-06,hebrew_title,review,1,https://shironet.mako.co.il/artist?type=lyrics&lang=1&prfid=13819&wrkid=31393,בגלגול הבא,חיים סינואני,100.0,50.0,,,,,
spotify:track:5WTyArd4ylPYTAifaqKDyM,היי אהובה,Anna Zak,405388,109,2025-07-03,hebrew_title,page_without_lyrics,1,https://shironet.mako.co.il/artist?type=lyrics&lang=1&prfid=20186&wrkid=63996,היי אהובה,אנה זק,100.0,100.0,,,,,
spotify:track:0bSlaaneF4lLymoMouvxfH,לילות וקללות,"הכוכב הבא, Noam Bettan",401406,50,2026-01-15,hebrew_title,review,1,https://shironet.mako.co.il/artist?type=lyrics&lang=1&prfid=10755&wrkid=60052,לילות וקללות,עומר אדם,100.0,33.3,,,,,
spotify:track:0WAMFZu9JKJ4HN3dzzPUgI,BA DA BING,Noa Kirel,389915,64,2024-09-12,israeli_artist,not_found,1,https://shironet.mako.co.il/artist?type=lyrics&lang=1&prfid=18493&wrkid=59289,UNICORN HOPE V,נועה קירל,33.3,100.0,,,,,
spotify:track:1tR8hiXhloHvk1U2Lsd3Fn,ציוד כבד,Tuna,381487,28,2025-06-05,hebrew_title,page_without_lyrics,1,https://shironet.mako.co.il/artist?type=lyrics&lang=1&prfid=16260&wrkid=63942,ציוד כבד,טונה,100.0,100.0,,,,,
spotify:track:53vzjmA9qNy7aztCbYUSEG,דמיון חופשי,Eviatar Banai,379491,42,2023-12-28,hebrew_title,review,1,https://shironet.mako.co.il/artist?type=lyrics&lang=1&prfid=173&wrkid=4788,דמיון חופשי,ארקדי דוכין,100.0,40.0,,,,,
spotify:track:0BRrzEO3cefFTdAmfYpGrv,נרקומנים של כאב,Eden Ben Zaken,374665,110,2026-01-15,hebrew_title,not_found,1,https://shironet.mako.co.il/artist?type=lyrics&lang=1&prfid=16843&wrkid=66671,שירים של ידיים,עדן בן זקן,48.3,100.0,,,,,
spotify:track:0hliYGBRdUfadM7y9mUkGe,האבי,"Tamir Bar, שם טוב האבי, דניאל חן",354095,48,2025-11-20,hebrew_title,not_found,1,https://shironet.mako.co.il/artist?type=lyrics&lang=1&prfid=23505&wrkid=66563,רוצה להיות חבר שלי?,מאור אשכנזי,31.6,44.4,,,,,
spotify:track:0tx3OWVFMJ5GgrGa9QGFaQ,יש לי חור בלב בצורה שלך,"Girafot, אלמוג",348498,82,2024-10-17,hebrew_title,not_found,1,https://shironet.mako.co.il/artist?type=lyrics&lang=1&prfid=26641&wrkid=67192,בובה על חוט,יהונתן לוי,47.1,50.0,,,,,
spotify:track:1VHwRD9MZUk5mEx93HeFAP,פרפר,Peer Tasi,345543,50,2025-05-22,hebrew_title,review,1,https://shironet.mako.co.il/artist?type=lyrics&lang=1&prfid=92&wrkid=32701,פרפר,אייל גולן,100.0,44.4,,,,,
spotify:track:7b6htbJnRzDhQL0RyptHvU,חורף באילת,Eden Hason,340098,99,2024-06-27,hebrew_title,not_found,1,https://shironet.mako.co.il/artist?type=lyrics&lang=1&prfid=13834&wrkid=60243,אוי ואבוי,עדן חסון,42.1,100.0,,,,,
spotify:track:6UGXKQw2JzoZ3R27txXljp,שבורי לב,Hanan Ben Ari,336278,126,2023-10-26,hebrew_title,review,1,https://shironet.mako.co.il/artist?type=lyrics&lang=1&prfid=18682&wrkid=43077,לב שבור,חנה אדרי,93.3,66.7,,,,,
spotify:track:3W2ivfrQP1kG0Uh5IBJn7P,כד קטן,Yorik Ben David,336159,61,2023-12-07,hebrew_title,review,1,https://shironet.mako.co.il/artist?type=lyrics&lang=1&prfid=806&wrkid=3653,כד קטן,עממי,100.0,40.0,,,,,
spotify:track:3uarXYLXAPlF4ZU5qUjU7U,היא לא את,Eyal Golan,327805,136,2025-03-13,hebrew_title,review,1,https://shironet.mako.co.il/artist?type=lyrics&lang=1&prfid=2205&wrkid=12271,את לא היא,אתי לוי,100.0,61.5,,,,,
spotify:track:2saHrb2XITEyOmjVfq4EPn,ליפול ולקום,Kapelyo,326878,145,2025-04-17,hebrew_title,review,1,https://shironet.mako.co.il/artist?type=lyrics&lang=1&prfid=23016&wrkid=63417,ליפול ולקום,הדר זכריה,100.0,0.0,,,,,
spotify:track:0ety2yTiWVKeqQeaed4Spj,נחכה לך,"Nathan Goshen, Ishay Ribo",323204,138,2023-10-19,hebrew_title,not_found,1,https://shironet.mako.co.il/artist?type=lyrics&lang=1&prfid=12579&wrkid=45707,אחכה ללילה,נתן גושן,53.3,100.0,,,,,
spotify:track:7yxg7ZbljyDzU5xMkrqyTP,מגדלים - לייב מבריכת הסולטן,"STILLA, Ness, Eden Hason",314445,74,2024-10-03,hebrew_title,not_found,1,https://shironet.mako.co.il/artist?type=lyrics&lang=1&prfid=13834&wrkid=57673,מטפסים על הקירות,עדן חסון,39.0,100.0,,,,,
spotify:track:2qromlkHDFXxm07yhpB63s,לא ביקשתי מלחמה,Kobi Maman,303252,167,2023-11-09,hebrew_title,not_found,1,https://shironet.mako.co.il/artist?type=lyrics&lang=1&prfid=856&wrkid=63195,הפרלמנט הקצבי של העם,קובי אוז,40.0,76.9,,,,,
spotify:track:7daT3ccNiMWGNNHERNv0bI,ראש למעלה,Tuna,295730,37,2025-06-05,hebrew_title,page_without_lyrics,1,https://shironet.mako.co.il/artist?type=lyrics&lang=1&prfid=16260&wrkid=63943,ראש למעלה,טונה,100.0,100.0,,,,,
spotify:track:7xSRAkFFuCp5gAy0sks1PH,ירושלים,מ',293849,91,2025-02-13,hebrew_title,review,1,https://shironet.mako.co.il/artist?type=lyrics&lang=1&prfid=10755&wrkid=51787,ירושלים,עומר אדם,100.0,20.0,,,,,
spotify:track:6FUS9A5cVHAHenMxMszfIL,בעיר שלי,Noam Bettan,292016,105,2026-01-15,hebrew_title,review,1,https://shironet.mako.co.il/artist?type=lyrics&lang=1&prfid=19936&wrkid=52822,בעיר שלי,נועם בתן,100.0,80.0,,,,,
spotify:track:05rB9PRfCF0MwbaANvs1lj,בואי נדבר,"שירז אברהם, Shlomo Levi",289075,146,2024-03-07,hebrew_title,review,1,https://shironet.mako.co.il/artist?type=lyrics&lang=1&prfid=24321&wrkid=59167,בואי נדבר,ששון איפרם שאולוב,100.0,50.0,,,,,
spotify:track:5KRYlY2elcHmdodMFboaC7,פלוס אחד,Mergui,286043,144,2024-12-12,hebrew_title,not_found,1,https://shironet.mako.co.il/artist?type=lyrics&lang=1&prfid=21907&wrkid=65716,כוכב אחר,מרגי,50.0,100.0,,,,,
spotify:track:3V4B7W0svTALLSvEKZLmoX,יאכטה,Tuna,284799,51,2025-06-05,hebrew_title,review,1,https://shironet.mako.co.il/artist?type=lyrics&lang=1&prfid=4847&wrkid=63979,יאכטה,איתי זבולון,100.0,33.3,,,,,
spotify:track:5QkKgRtUczlIQO6nbT90wu,"השם ירחם - מיוחד למצעד הישראלי השנתי תשפ""ה","Tuna, Odeya",273700,110,2025-09-25,hebrew_title,not_found,1,https://shironet.mako.co.il/artist?type=lyrics&lang=1&prfid=22151&wrkid=66368,לא תיקח לי את האושר,אודיה אזולאי,37.3,100.0,,,,,
spotify:track:1EZhkXREwxM3xUokGI9gkJ,Formidable,"הכוכב הבא, Noam Bettan",273281,56,2026-01-22,israeli_artist,not_found,1,https://shironet.mako.co.il/artist?type=lyrics&lang=2&prfid=12569&wrkid=25426,Olympian,Gene,44.4,40.0,,,,,
spotify:track:7v7nrrYMIdugbGRAseawG9,DEJA VU,Noa Kirel,252889,54,2023-10-12,israeli_artist,review,1,https://shironet.mako.co.il/artist?type=lyrics&lang=2&prfid=36565&wrkid=86514,Deja Vu,Inna,100.0,57.1,,,,,
spotify:track:6dUregFbvUNqHP5nphqesK,Unicorn,"Noa Kirel, כאן - תאגיד השידור הישראלי",241725,69,2023-10-12,israeli_artist,review,1,https://shironet.mako.co.il/artist?type=lyrics&lang=2&prfid=34421&wrkid=66649,Unicorn,Wizard,100.0,40.0,,,,,
spotify:track:04BEjO8G5HQM24fAvAv1cR,סוף סוף אני,Eden Hason,240095,97,2024-11-21,hebrew_title,not_found,1,https://shironet.mako.co.il/artist?type=lyrics&lang=1&prfid=13834&wrkid=60243,אוי ואבוי,עדן חסון,50.0,100.0,,,,,
spotify:track:0op6IBN7AhDJEsYl4KpBcH,לא ידעתי שתלכי ממני,"הכוכב הבא, אור כהן",237574,68,2024-02-01,hebrew_title,review,1,https://shironet.mako.co.il/artist?type=lyrics&lang=1&prfid=41&wrkid=1811,לא ידעתי שתלכי ממני,אביתר בנאי,100.0,46.2,,,,,
spotify:track:3LBSTYr6obFNcK0iICM0Dg,מה עשית לי,Eden Hason,236619,85,2024-06-27,hebrew_title,review,1,https://shironet.mako.co.il/artist?type=lyrics&lang=1&prfid=1183&wrkid=11622,מה עשית לי,יוסי עדן,100.0,62.5,,,,,
spotify:track:6TKjmsOfHzgVhn1L4LoJN2,קחי לך זמן,"הכוכב הבא, דניאל עזר, Tamir Levy",231062,117,2026-01-08,hebrew_title,review,1,https://shironet.mako.co.il/artist?type=lyrics&lang=1&prfid=549&wrkid=6687,קחי לך זמן,יציאת חירום,100.0,44.4,,,,,
spotify:track:6BwmUxwyDCz4CzcYGJyrOI,לתת ולקחת,"הכוכב הבא, Noam Bettan",228097,62,2026-01-22,hebrew_title,review,1,https://shironet.mako.co.il/artist?type=lyrics&lang=1&prfid=8853&wrkid=46888,לתת לקחת,עידן חביב,94.1,42.9,,,,,
spotify:track:58NBSNdG8s0jSikjPRmdjS,סביבון,Hana Laszlo,225797,73,2023-12-07,hebrew_title,review,1,https://shironet.mako.co.il/artist?type=lyrics&lang=1&prfid=2315&wrkid=19620,סביבון,חבורת רננים,100.0,36.4,,,,,
spotify:track:5L9736UQGwCXyT3rRU9fR7,חי (שיר הנושא מתוך לשחרר את שולי סאן),Omer Adam,224413,50,2025-08-14,hebrew_title,review,1,https://shironet.mako.co.il/artist?type=lyrics&lang=1&prfid=10755&wrkid=38871,אחי,עומר אדם,80.0,100.0,,,,,
spotify:track:0wEqTKnu9Hy3ejZZOgLbZb,אהבה רק של לילה,הגר יפת,223158,97,2024-02-22,hebrew_title,not_found,1,https://shironet.mako.co.il/artist?type=lyrics&lang=1&prfid=23655&wrkid=65822,תפילה של מישהו אחר,הדר שושן,42.4,54.5,,,,,
spotify:track:14E0fPijhRbA3mY0Tq96VP,שווארמה,Ravid Plotnik,220606,154,2023-11-30,hebrew_title,not_found,1,https://shironet.mako.co.il/artist?type=lyrics&lang=1&prfid=17619&wrkid=62420,בורות היא ברכה,רביד פלוטניק,52.6,100.0,,,,,
spotify:track:641ioKV4sLGvNahKTICQmt,פיראטים,Tuna,214508,49,2025-06-05,hebrew_title,page_without_lyrics,1,https://shironet.mako.co.il/artist?type=lyrics&lang=1&prfid=16260&wrkid=63948,פיראטים,טונה,100.0,100.0,,,,,
spotify:track:7eryoo7Obzh5KJI9jcYAFy,תחת אש,Tuna,212528,48,2025-06-05,hebrew_title,review,1,https://shironet.mako.co.il/artist?type=lyrics&lang=1&prfid=4847&wrkid=63787,תחת אש,איתי זבולון,100.0,33.3,,,,,
spotify:track:51PzbTl2iCV0Vcu6BaHJdv,Dernière Danse,"הכוכב הבא, Noam Bettan",208239,67,2026-01-29,israeli_artist,not_found,1,,,,,,,,,,
spotify:track:5HhVbTC6HGflJs0I2LHHxf,רציתי,Eden Ben Zaken,208200,143,2025-09-04,hebrew_title,not_found,1,https://shironet.mako.co.il/artist?type=lyrics&lang=1&prfid=16843&wrkid=65393,תחזור אליי,עדן בן זקן,42.9,100.0,,,,,
spotify:track:77hre9TJEQOFgciNAAlEMQ,אהובה שלי,Eden Hason,206318,93,2023-12-21,hebrew_title,review,1,https://shironet.mako.co.il/artist?type=lyrics&lang=1&prfid=4592&wrkid=23719,אהובה שלי,דודו אהרון,100.0,50.0,,,,,
spotify:track:7Jczj2J8z1CnhrYCIc5Apm,אל תפחד,Eviatar Banai,204407,43,2023-12-28,hebrew_title,review,1,https://shironet.mako.co.il/artist?type=lyrics&lang=1&prfid=57&wrkid=4392,אל תפחד,אהוד בנאי,100.0,71.4,,,,,
spotify:track:2tdu3ZAQuS6TF1SCaokpGG,משנכנס אדר 2023,"ישראל סוסנה ותזמורתו, DJ יהודה מור",203328,74,2024-03-28,hebrew_title,not_found,1,,,,,,,,,,
spotify:track:4GLfvVXJvSxsNdHa1sjB0D,מה אעשה,Eviatar Banai,201842,49,2023-12-28,hebrew_title,review,1,https://shironet.mako.co.il/artist?type=lyrics&lang=1&prfid=6145&wrkid=20857,מה אעשה,ארז לב ארי,100.0,62.5,,,,,
spotify:track:5gdKaAkYMDJCEOFSgjx0Wd,בחורים טובים,Omer Adam,200396,154,2025-02-27,hebrew_title,not_found,1,https://shironet.mako.co.il/artist?type=lyrics&lang=1&prfid=10755&wrkid=55037,אחים בדם,עומר אדם,60.0,100.0,,,,,
spotify:track:1RgcguEJ0u7iERSNP8jyZQ,חברים שלי,LIAD MEIR,194903,45,2026-02-12,hebrew_title,review,1,https://shironet.mako.co.il/artist?type=lyrics&lang=1&prfid=370&wrkid=8649,חברים שלי,זאב טנא,100.0,33.3,,,,,
spotify:track:7vn9SIc4NraLuIMzUeCK2o,שרק תחייך,Yuval Dayan,194834,122,2023-10-19,hebrew_title,review,1,https://shironet.mako.co.il/artist?type=lyrics&lang=1&prfid=5753&wrkid=48240,רק תחייך,יובל טייב,94.1,82.4,,,,,
spotify:track:12MLkjwb8FbUtPLhoUC2Nc,שוטים,"DUDA, LIAD MEIR",193895,90,2023-10-12,hebrew_title,not_found,1,https://shironet.mako.co.il/artist?type=lyrics&lang=1&prfid=24768&wrkid=66796,אובססיבית,ליעד מאיר,28.6,100.0,,,,,
spotify:track:1HH4IitAuYbMnZ4PYb2O5I,פתאום אהבה,Itay Levi,193670,140,2025-02-20,hebrew_title,not_found,1,https://shironet.mako.co.il/artist?type=lyrics&lang=1&prfid=15629&wrkid=55561,אפטר אמאלה,איתי לוי,44.4,100.0,,,,,
spotify:track:1nMRFLyQ9PtgOkHaOg2g2W,ניצחת איתי הכל,"הכוכב הבא, Noam Bettan",179259,119,2026-01-29,hebrew_title,review,1,https://shironet.mako.co.il/artist?type=lyrics&lang=1&prfid=965&wrkid=10000,ניצחת איתי הכל,שלומי שבן,100.0,54.5,,,,,
spotify:track:40eCbLoXl1zctJeGNdBA9P,אין לזה סוף,Tuna,177806,53,2025-06-05,hebrew_title,page_without_lyrics,1,https://shironet.mako.co.il/artist?type=lyrics&lang=1&prfid=16260&wrkid=63949,אין לזה סוף,טונה,100.0,100.0,,,,,
spotify:track:2MtS1bZ0N4qidWjD0qa0J7,האזרח הקטן,"שם טוב האבי, Tamir Bar, Jimbo J",176146,118,2025-11-20,hebrew_title,not_found,1,https://shironet.mako.co.il/artist?type=lyrics&lang=1&prfid=25256&wrkid=59868,האזרח הקטן משדרות,פרויקט עוטף ישראל,75.0,36.4,,,,,
spotify:track:5agR1z70SsxJ6e5BwIOWrs,וויו וויו,Tuna,172372,56,2025-06-05,hebrew_title,page_without_lyrics,1,https://shironet.mako.co.il/artist?type=lyrics&lang=1&prfid=16260&wrkid=63946,וויו וויו,טונה,100.0,100.0,,,,,
spotify:track:70Vsir4Wan3TrEzGCIZy0l,ככה כל יום,Eden Hason,171789,148,2023-11-02,hebrew_title,not_found,1,https://shironet.mako.co.il/artist?type=lyrics&lang=1&prfid=13834&wrkid=57944,לאהוב אותך כל יום,עדן חסון,54.5,100.0,,,,,
spotify:track:3eNp25VPeqvYS1RrGhGcVY,עד שנגמר,Kobi Maman,171756,155,2023-11-23,hebrew_title,not_found,1,https://shironet.mako.co.il/artist?type=lyrics&lang=1&prfid=17746&wrkid=52803,עד שזה נגמר,בניה ברבי,87.5,46.2,,,,,
spotify:track:0I6rh1Fz1zmJZARsxyo7v6,צבעים,"Gil Vain, Ron Buhnik",167795,176,2023-10-26,hebrew_title,review,1,https://shironet.mako.co.il/artist?type=lyrics&lang=1&prfid=488&wrkid=41402,צבעים,יוני רועה,100.0,63.2,,,,,
spotify:track:6W2tGdihSWtBIjooCZl35U,בחורים טובים - Acoustic Live,Omer Adam,166450,61,2024-02-08,hebrew_title,not_found,1,https://shironet.mako.co.il/artist?type=lyrics&lang=1&prfid=10755&wrkid=55037,אחים בדם,עומר אדם,60.0,100.0,,,,,
spotify:track:0g8AjHiTKGUrJbcfpsAnkO,It's So Hard,"Red Band, Moran Aharoni, הכוכב הבא",161840,87,2024-12-26,israeli_artist,review,1,https://shironet.mako.co.il/artist?type=lyrics&lang=2&prfid=16154&wrkid=31294,It's So Hard,John Lennon,100.0,45.5,,,,,
spotify:track:5orJto3LxfslzVPzNcLnVa,היסטוריה,"עידו מלכה, מאיה קיי, Participants of Festigal",159542,148,2025-12-25,hebrew_title,review,1,https://shironet.mako.co.il/artist?type=lyrics&lang=1&prfid=16090&wrkid=50141,היסטוריה,עומר קורן,100.0,50.0,,,,,
spotify:track:2E6XQlslDde0slMQqttEcZ,7 דקות (עם מרגי),"Anna Zak, Participants of Festigal",158138,152,2025-12-25,hebrew_title,not_found,1,https://shironet.mako.co.il/artist?type=lyrics&lang=1&prfid=20186&wrkid=50744,קוביות,אנה זק,54.5,100.0,,,,,
spotify:track:2z8Pw4rciTCjB1urO5oU0g,יש לי חור בלב בצורה שלך,"Girafot, אלמוג",157524,115,2024-11-28,hebrew_title,not_found,1,https://shironet.mako.co.il/artist?type=lyrics&lang=1&prfid=26641&wrkid=67192,בובה על חוט,יהונתן לוי,47.1,50.0,,,,,
spotify:track:706pZPUcsKsREHM8RqHaY0,ממה את מפחדת,"Eyal Golan, Benaia Barabi",156634,131,2024-03-21,hebrew_title,not_found,1,https://shironet.mako.co.il/artist?type=lyrics&lang=1&prfid=17746&wrkid=50244,קחי את הפחדים,בניה ברבי,56.0,100.0,,,,,
spotify:track:3hfCKjP17sODA1gKE7lqfS,ילד פריפריה,Tuna,156321,69,2025-06-05,hebrew_title,page_without_lyrics,1,https://shironet.mako.co.il/artist?type=lyrics&lang=1&prfid=16260&wrkid=63950,ילד פריפריה,טונה,100.0,100.0,,,,,
spotify:track:4JkX2aIE18SSvZ75JP0zr9,שתיתי,"Peer Tasi, Alon De Loco",156270,152,2025-03-27,hebrew_title,not_found,1,https://shironet.mako.co.il/artist?type=lyrics&lang=1&prfid=7747&wrkid=66499,שיר האותיות,פאר טסי,53.3,100.0,,,,,
spotify:track:6RcTTHWHpAFfqqzPpabh9m,בית,DUDA,155371,132,2025-05-15,hebrew_title,not_found,1,https://shironet.mako.co.il/artist?type=lyrics&lang=1&prfid=3706&wrkid=66625,שיר של בית,קובי אפללו,54.5,40.0,,,,,
spotify:track:4rlaGqWwl1cM6EPERYODrw,פשוטים,Akiva,151865,159,2023-10-26,hebrew_title,not_found,1,https://shironet.mako.co.il/artist?type=lyrics&lang=1&prfid=19260&wrkid=44812,שיבוא טוב,עקיבא תורג'מן,42.9,100.0,,,,,
spotify:track:0q3yDDxPh0k5nvgh2SPcsS,אין יותר מועדונים,Eden Hason,148563,127,2024-01-04,hebrew_title,not_found,1,https://shironet.mako.co.il/artist?type=lyrics&lang=1&prfid=13834&wrkid=51696,שושנים עצובות,עדן חסון,46.7,100.0,,,,,
spotify:track:4Yw9bTgtRGvRZpQXEWhqcK,השמחה / מדברים על שלום,"Omer Adam, ShrekDiMC",148325,110,2023-12-07,hebrew_title,not_found,2,https://shironet.mako.co.il/artist?type=lyrics&lang=1&prfid=10755&wrkid=53914 | https://shironet.mako.co.il/artist?type=lyrics&lang=1&prfid=620&wrkid=2039,אחרי החתונה | מדברים על שלום,עומר אדם | מוקי,40.0,33.3,,,,,
spotify:track:6J2R4mMoDfb5NQMDuV0nWq,עשר אפס לך,Adir Getz,146693,147,2025-04-03,hebrew_title,not_found,1,https://shironet.mako.co.il/artist?type=lyrics&lang=1&prfid=22151&wrkid=66368,לא תיקח לי את האושר,אודיה אזולאי,27.6,61.5,,,,,
spotify:track:3PCoQZCoceCnSvV6pTTSt3,ויפאסנה,Tuna,144211,73,2025-06-05,hebrew_title,page_without_lyrics,1,https://shironet.mako.co.il/artist?type=lyrics&lang=1&prfid=16260&wrkid=63940,ויפאסנה,טונה,100.0,100.0,,,,,
spotify:track:3l82VKxo78MFrFOZkAKD4u,Kvish Hachof,Static & Ben El,140961,185,2024-07-18,israeli_artist,not_found,1,,,,,,,,,,
spotify:track:27Sd1OtzjDaGURaArp3ssz,לך אלי,Meir Banai,134247,155,2024-10-17,hebrew_title,review,1,https://shironet.mako.co.il/artist?type=lyrics&lang=1&prfid=15815&wrkid=41160,לך אלי,שיראל ביתן,100.0,58.8,,,,,
spotify:track:6FjNzE8JzBiQCNcvUL1iCE,גשם,Vibe Ish,128957,174,2024-08-08,hebrew_title,review,1,https://shironet.mako.co.il/artist?type=lyrics&lang=1&prfid=25353&wrkid=63374,גשם,אבימאיר,100.0,50.0,,,,,
spotify:track:2aEuWBAOm7Lla8VAIRdHfy,אהבה חולה - חי באולפן גלגלצ,Noam Bettan,123779,107,2025-12-25,hebrew_title,not_found,1,,,,,,,,,,
spotify:track:336bQZpuJyMAYOxeXDGZy7,בראש השנה,Naomi Shemer,119851,97,2024-10-03,hebrew_title,review,1,https://shironet.mako.co.il/artist?type=lyrics&lang=1&prfid=806&wrkid=5890,בראש השנה,עממי,100.0,75.0,,,,,
spotify:track:18dKjJC84HdK7WarEW9XB2,רק לפעמים,מ',116978,108,2026-01-22,hebrew_title,review,1,https://shironet.mako.co.il/artist?type=lyrics&lang=1&prfid=25876&wrkid=65461,רק לפעמים,מ המסתערב,100.0,18.2,,,,,
spotify:track:5U65PDnwacprNvj7kDkPO6,יש בך,Eviatar Banai,116856,66,2023-12-28,hebrew_title,review,1,https://shironet.mako.co.il/artist?type=lyrics&lang=1&prfid=22662&wrkid=51170,יש בך,פסטיגל 2020,100.0,23.5,,,,,
spotify:track:2AUzygfHvqOIfd3W9uViro,שיר,Eviatar Banai,113913,73,2023-12-28,hebrew_title,not_found,1,https://shironet.mako.co.il/artist?type=lyrics&lang=1&prfid=41&wrkid=14354,מיתר,אביתר בנאי,57.1,100.0,,,,,
spotify:track:34R5dih7V1DWiuuUxH2tcj,A+ (feat. Ravid Plotnik),"Noga Erez, Ravid Plotnik",110319,79,2024-09-26,israeli_artist,not_found,1,https://shironet.mako.co.il/artist?type=lyrics&lang=1&prfid=17619&wrkid=64131,איזה מזל,רביד פלוטניק,0.0,100.0,,,,,
spotify:track:0HSOBKpR7EiHP06n8gAGFh,כל כך מוכר,"הכוכב הבא, Udi Schneider",110004,103,2025-01-16,hebrew_title,review,1,https://shironet.mako.co.il/artist?type=lyrics&lang=1&prfid=3118&wrkid=15719,כל כך מוכר,חגית קליש,100.0,15.4,,,,,
spotify:track:4Zm64H7mbeqRdvLzlsEZmR,מלוך,Ishay Ribo,107746,95,2025-09-25,hebrew_title,not_found,1,https://shironet.mako.co.il/artist?type=lyrics&lang=1&prfid=14733&wrkid=61727,אין לי מלבדך,ישי ריבו,42.9,100.0,,,,,
spotify:track:4wOpBKUnpBbjN2We6sB5nX,הפעם זה זה,Eden Hason,107636,109,2025-01-23,hebrew_title,not_found,1,https://shironet.mako.co.il/artist?type=lyrics&lang=1&prfid=13834&wrkid=59249,אנחנו זה גורל,עדן חסון,34.8,100.0,,,,,
spotify:track:07uIhNfeg1X7QZBl5BRxUK,אוחילה,Ishay Ribo,102603,117,2025-09-25,hebrew_title,review,1,https://shironet.mako.co.il/artist?type=lyrics&lang=1&prfid=493&wrkid=61475,אוחילה,יוסי אזולאי,100.0,50.0,,,,,
spotify:track:14b2CiDmRjVaZjpIULxPNx,שונא את תל אביב,Osher Cohen,100431,57,2026-02-19,hebrew_title,lyrics_not_fetched,1,https://shironet.mako.co.il/artist?type=lyrics&lang=1&prfid=16196&wrkid=65723,שונא את תל אביב,אושר כהן,100.0,100.0,,,,,
spotify:track:5SwAqyLNQggJ8ZsH7kDonT,מעוז צור,"Dalia Amihud, Kids Choir",99340,139,2023-12-14,hebrew_title,review,1,https://shironet.mako.co.il/artist?type=lyrics&lang=1&prfid=4760&wrkid=63011,מעוז צור,אדרת,100.0,40.0,,,,,
spotify:track:0xuvLglT2SXdo1ma5k0YvM,אומרים שהתרגלנו,Peer Tasi,99264,189,2025-07-03,hebrew_title,lyrics_not_fetched,1,https://shironet.mako.co.il/artist?type=lyrics&lang=1&prfid=7747&wrkid=63783,אומרים שהתרגלנו,פאר טסי,100.0,100.0,,,,,
spotify:track:3rXeukorvha6no0byAiMTn,בלי לבחור,Idan Amedi,98725,160,2025-01-09,hebrew_title,lyrics_not_fetched,1,https://shironet.mako.co.il/artist?type=lyrics&lang=1&prfid=12746&wrkid=62309,בלי לבחור,עידן עמדי,100.0,100.0,,,,,
spotify:track:5JU5xtaUvWXK5IkyUIFd03,מה יבוא,Jasmin Moallem,97951,131,2025-06-19,hebrew_title,lyrics_not_fetched,1,https://shironet.mako.co.il/artist?type=lyrics&lang=1&prfid=22199&wrkid=63681,מה יבוא,יסמין מועלם,100.0,100.0,,,,,
spotify:track:7jlmMlAJr9sEnBzChegzeH,שלחי אותו,Roni Dalumi,97914,137,2024-05-16,hebrew_title,lyrics_not_fetched,1,https://shironet.mako.co.il/artist?type=lyrics&lang=1&prfid=10744&wrkid=30770,שלחי אותו,רוני דלומי,100.0,100.0,,,,,
spotify:track:6oOmpBInMQ3uOzgfRB4Z71,באנו חושך לגרש,Chavura,97330,170,2023-12-14,hebrew_title,review,1,https://shironet.mako.co.il/artist?type=lyrics&lang=1&prfid=18919&wrkid=49771,באנו חושך לגרש,רבע לאפריקה,100.0,44.4,,,,,
spotify:track:0pCh1MtPvEBDXx8y6Hbpio,עדלאידע,"שוקי סלומון, Arik Dvir",97250,160,2025-03-13,hebrew_title,review,1,https://shironet.mako.co.il/artist?type=lyrics&lang=1&prfid=9777&wrkid=66460,עדלאידע,יערה טופ,100.0,40.0,,,,,
spotify:track:4bwt8SyTzdhMycwH3mQhy3,הכי יפה בנוף,Dylen Dror,96091,67,2025-08-28,hebrew_title,lyrics_not_fetched,1,https://shironet.mako.co.il/artist?type=lyrics&lang=1&prfid=24551&wrkid=65675,הכי יפה בנוף,דילן דרור,100.0,100.0,,,,,
spotify:track:5oJmOggiNibBGtUFZVcdbM,סקסית,Eden Golan,95781,158,2025-09-25,hebrew_title,lyrics_not_fetched,1,https://shironet.mako.co.il/artist?type=lyrics&lang=1&prfid=25357&wrkid=64353,סקסית,עדן גולן,100.0,93.3,,,,,
spotify:track:4IFQD1thQ2rgSgt5rXXqqp,ליצן קטן נחמד,Ruchama Raz,95102,147,2024-03-21,hebrew_title,review,1,https://shironet.mako.co.il/artist?type=lyrics&lang=1&prfid=806&wrkid=3886,ליצן קטן נחמד,עממי,100.0,25.0,,,,,
spotify:track:7LqyrZRChL74oFbjYx7QX8,היה נחמד,"הכוכב הבא, Yuval Gold",94422,183,2024-12-19,hebrew_title,review,1,https://shironet.mako.co.il/artist?type=lyrics&lang=1&prfid=21218&wrkid=62572,היה נחמד,יובל גולד,100.0,14.3,,,,,
spotify:track:06kTXsor7NS6I2fGxS1bn6,הפעם זה זה,Eden Hason,94414,152,2025-02-13,hebrew_title,not_found,1,https://shironet.mako.co.il/artist?type=lyrics&lang=1&prfid=13834&wrkid=59249,אנחנו זה גורל,עדן חסון,34.8,100.0,,,,,
spotify:track:2kGlyGO41yJcLwBz3Czejq,דם שלי,Eden Ben Zaken,94026,181,2024-02-08,hebrew_title,review,1,https://shironet.mako.co.il/artist?type=lyrics&lang=1&prfid=22151&wrkid=59613,הדם שלי,אודיה אזולאי,92.3,33.3,,,,,
spotify:track:3fbZ0Up6ZCqNtVWECIRosI,על קו הזינוק,The Friends of Natasha,93871,190,2024-08-22,hebrew_title,lyrics_not_fetched,1,https://shironet.mako.co.il/artist?type=lyrics&lang=1&prfid=338&wrkid=2550,על קו הזינוק,החברים של נטאשה,100.0,96.6,,,,,
spotify:track:1YgeLm7V5s6BlIrALkqDjj,להתחתן איתי,"Shahar Tavoch, נועם קלינשטיין",93510,183,2025-05-15,hebrew_title,lyrics_not_fetched,1,https://shironet.mako.co.il/artist?type=lyrics&lang=1&prfid=23814&wrkid=66408,להתחתן איתי,נועם קלינשטיין,100.0,100.0,,,,,
spotify:track:6xhxulJ4BXNlnDmw3KpDP0,קריוקי,"Tuna, Peer Tasi",93404,197,2024-07-11,hebrew_title,lyrics_not_fetched,1,https://shironet.mako.co.il/artist?type=lyrics&lang=1&prfid=16260&wrkid=52359,קריוקי,טונה,100.0,100.0,,,,,
spotify:track:2kwDpzImeK3RAnwKMJ7Kue,הכי יפה בעולם,Maor Cohen,93395,189,2023-12-28,hebrew_title,lyrics_not_fetched,1,https://shironet.mako.co.il/artist?type=lyrics&lang=1&prfid=602&wrkid=1110,הכי יפה בעולם,מאור כהן,100.0,100.0,,,,,
spotify:track:4GzV9XajF9E8rSLAZa9WVA,מפרש לבן,Jimbo J,92330,195,2025-05-29,hebrew_title,not_found,1,https://shironet.mako.co.il/artist?type=lyrics&lang=1&prfid=950&wrkid=56596,שי להב,שי להב,57.1,36.4,,,,,
spotify:track:4A5lRH29TyKxllsl94BWex,סדר העבודה,Ishay Ribo,91880,141,2024-10-17,hebrew_title,not_found,1,https://shironet.mako.co.il/artist?type=lyrics&lang=1&prfid=14733&wrkid=67324,דרך עושים מאהבה,ישי ריבו,45.5,100.0,,,,,
spotify:track:0lhjUB7medv0bEiWHEMDy1,עד שתחזור,Yuval Dayan,91785,173,2024-05-16,hebrew_title,lyrics_not_fetched,1,https://shironet.mako.co.il/artist?type=lyrics&lang=1&prfid=14382&wrkid=35504,עד שתחזור,יובל דיין,100.0,100.0,,,,,
spotify:track:026Zbu5XXqb4LktYv4RXWa,פרפרים בבטן,"LIAD MEIR, Moran Mazor",91741,175,2025-06-26,hebrew_title,review,1,https://shironet.mako.co.il/artist?type=lyrics&lang=1&prfid=10483&wrkid=23014,פרפרים בבטן,איתי הררי,100.0,50.0,,,,,
spotify:track:7yK3Xio4KcExOyi28hWpmt,אסטרולוגים רבנים,Odeya,90754,181,2025-01-30,hebrew_title,lyrics_not_fetched,1,https://shironet.mako.co.il/artist?type=lyrics&lang=1&prfid=22151&wrkid=61577,אסטרולוגים רבנים,אודיה אזולאי,100.0,100.0,,,,,
spotify:track:0ExJZj9wQqys22ZnUv3BWO,מחרוזת חנוכה,Itzik Eshel,89820,68,2025-12-18,hebrew_title,not_found,1,,,,,,,,,,
spotify:track:0taqIIB89cQQoiA8ZDukWf,מקבל על עצמי,Osher Cohen,88743,159,2023-10-12,hebrew_title,lyrics_not_fetched,1,https://shironet.mako.co.il/artist?type=lyrics&lang=1&prfid=16196&wrkid=54272,מקבל על עצמי,אושר כהן,100.0,100.0,,,,,
spotify:track:3gofSUW7Zn2qjfKumSHWKS,הנסיך הקטן,"Shlomo Gronich, Shlomo Ydov, Shem-Tov Levy Ensemble",87769,191,2024-05-16,hebrew_title,lyrics_not_fetched,1,https://shironet.mako.co.il/artist?type=lyrics&lang=1&prfid=985&wrkid=1186,הנסיך הקטן,שם טוב לוי,100.0,100.0,,,,,
spotify:track:4ml1tecvYSfbETHZXVmXkH,פלאזה אתנה,Omer Adam,86164,70,2026-02-19,hebrew_title,lyrics_not_fetched,1,https://shironet.mako.co.il/artist?type=lyrics&lang=1&prfid=10755&wrkid=65734,פלאזה אתנה,עומר אדם,100.0,100.0,,,,,
spotify:track:0A1D1YYzOJjpqUTImCkIgA,אהבת חיי,רואי אדם,85187,71,2026-02-19,hebrew_title,lyrics_not_fetched,1,https://shironet.mako.co.il/artist?type=lyrics&lang=1&prfid=24794&wrkid=65713,אהבת חיי,רואי אדם,100.0,100.0,,,,,
spotify:track:5FGZ7S2rqgXeqkPR2jyO1R,טן טן טן,Ofek Adanek,84608,181,2024-08-01,hebrew_title,not_found,1,https://shironet.mako.co.il/artist?type=lyrics&lang=1&prfid=14902&wrkid=54750,טן טן,רועי סנדלר,80.0,37.5,,,,,
spotify:track:1Klq6eQjmwh7KSaT4P0Odm,ברית עולם,Matti Caspi,82714,70,2026-02-12,hebrew_title,lyrics_not_fetched,1,https://shironet.mako.co.il/artist?type=lyrics&lang=1&prfid=688&wrkid=749,ברית עולם,מתי כספי,100.0,100.0,,,,,
spotify:track:7q4kvgrBDzcLZ127CDLSj9,הנרות הללו,"Dalia Amihud, Kids Choir",80565,81,2025-12-18,hebrew_title,review,1,https://shironet.mako.co.il/artist?type=lyrics&lang=1&prfid=806&wrkid=6042,הנרות הללו,עממי,100.0,75.0,,,,,
spotify:track:4ERPLdXEg2WqLoKNKnV7Vi,יהי רצון,Ishay Ribo,80345,176,2024-10-10,hebrew_title,lyrics_not_fetched,1,https://shironet.mako.co.il/artist?type=lyrics&lang=1&prfid=14733&wrkid=61726,יהי רצון,ישי ריבו,100.0,100.0,,,,,
spotify:track:2xJ2U2vyuAvbYbdmvG9QfL,מעוז צור,"Dalia Amihud, Kids Choir",78891,84,2025-12-18,hebrew_title,review,1,https://shironet.mako.co.il/artist?type=lyrics&lang=1&prfid=4760&wrkid=63011,מעוז צור,אדרת,100.0,40.0,,,,,
spotify:track:0aOr7kM2f8Xx5Pd40BYOeE,שגרה בזמן מלחמה,"Ravid Plotnik, Taboo Plus",78645,78,2025-01-16,hebrew_title,not_found,1,https://shironet.mako.co.il/artist?type=lyrics&lang=1&prfid=17619&wrkid=45661,כל הזמן הזה,רביד פלוטניק,45.5,100.0,,,,,
spotify:track:42SQu1kUEJfcQgpW3gbeyl,שיר לשירה,Korin Allal,78383,72,2024-12-19,hebrew_title,lyrics_not_fetched,1,https://shironet.mako.co.il/artist?type=lyrics&lang=1&prfid=862&wrkid=3004,שיר לשירה,קורין אלאל,100.0,100.0,,,,,
spotify:track:0mNRxKOMTG52ZMasDZGgH6,הייתי שם,Tuna,77167,77,2026-02-05,hebrew_title,lyrics_not_fetched,1,https://shironet.mako.co.il/artist?type=lyrics&lang=1&prfid=16260&wrkid=65490,הייתי שם,טונה,100.0,100.0,,,,,
spotify:track:5zFZAHRjxLs7JQ35GHvQg3,לא תירא,Peer Tasi,75736,173,2023-11-02,hebrew_title,lyrics_not_fetched,1,https://shironet.mako.co.il/artist?type=lyrics&lang=1&prfid=7747&wrkid=59187,לא תירא,פאר טסי,100.0,100.0,,,,,
spotify:track:0XNXjle2vmmm3qgLApGi3L,באנו חושך לגרש,Chavura,75358,97,2025-12-18,hebrew_title,review,1,https://shironet.mako.co.il/artist?type=lyrics&lang=1&prfid=18919&wrkid=49771,באנו חושך לגרש,רבע לאפריקה,100.0,44.4,,,,,
spotify:track:2jCP2LzrztPq7MSwKNP28j,אלבי,Omer Adam,73701,93,2026-02-19,hebrew_title,review,1,https://shironet.mako.co.il/artist?type=lyrics&lang=1&prfid=10755&wrkid=26295,אל תבכי,עומר אדם,80.0,100.0,,,,,
spotify:track:2ZNZu58uCMZF44qwK4nEg3,הנה הנה,Matti Caspi,73196,91,2026-02-12,hebrew_title,lyrics_not_fetched,1,https://shironet.mako.co.il/artist?type=lyrics&lang=1&prfid=688&wrkid=1179,הנה הנה,מתי כספי,100.0,100.0,,,,,
spotify:track:6jG3OmapjEN38Q1UCA6CJI,אורות כחולים,Omer Adam,72925,94,2026-02-19,hebrew_title,lyrics_not_fetched,1,https://shironet.mako.co.il/artist?type=lyrics&lang=1&prfid=10755&wrkid=65735,אורות כחולים,עומר אדם,100.0,100.0,,,,,
spotify:track:0nJgIDMnqVuouCgnW8ebOR,לא ידעתי שתלכי ממני,Matti Caspi,71814,96,2026-02-12,hebrew_title,lyrics_not_fetched,1,https://shironet.mako.co.il/artist?type=lyrics&lang=1&prfid=688&wrkid=32478,לא ידעתי שתלכי ממני,מתי כספי,100.0,100.0,,,,,
spotify:track:68yDSCJFAR8wmJKZtsEmV7,אנטארקטיקה,Korin Allal,70109,92,2024-12-19,hebrew_title,lyrics_not_fetched,1,https://shironet.mako.co.il/artist?type=lyrics&lang=1&prfid=862&wrkid=4265,אנטארקטיקה,קורין אלאל,100.0,100.0,,,,,
spotify:track:1JG6IWsgkl89Mj4iSxrMxS,יאללה יא נסראללה,פרישמן והחלוצים,69219,67,2024-10-03,hebrew_title,lyrics_not_fetched,1,https://shironet.mako.co.il/artist?type=lyrics&lang=1&prfid=6518&wrkid=17207,יאללה יא נסראללה,פרישמן והחלוצים,100.0,100.0,,,,,
spotify:track:66yefnmjUf8GOqIwhfbpCk,לילות יפים,"Omer Adam, Gal Adam, רואי אדם",68276,109,2026-02-19,hebrew_title,lyrics_not_fetched,1,https://shironet.mako.co.il/artist?type=lyrics&lang=1&prfid=10755&wrkid=65737,לילות יפים,עומר אדם,100.0,100.0,,,,,
spotify:track:6pkYtrBzWDuD3VrYlLw4px,יש יותר מדי שירים היום,Omer Adam,67665,111,2026-02-19,hebrew_title,lyrics_not_fetched,1,https://shironet.mako.co.il/artist?type=lyrics&lang=1&prfid=10755&wrkid=65736,יש יותר מידי שירים היום,עומר אדם,97.8,100.0,,,,,
spotify:track:3FuJ1e5yAS2n3x6FvPGZ3I,זן נדיר - Remastered,Korin Allal,67449,100,2024-12-19,hebrew_title,not_found,1,https://shironet.mako.co.il/artist?type=lyrics&lang=1&prfid=862&wrkid=1389,זן נדיר,קורין אלאל,56.0,100.0,,,,,
spotify:track:427KgFyKa6OhI4Bqu3G9Cb,סביבון,Hana Laszlo,67089,117,2025-12-18,hebrew_title,review,1,https://shironet.mako.co.il/artist?type=lyrics&lang=1&prfid=2315&wrkid=19620,סביבון,חבורת רננים,100.0,36.4,,,,,
spotify:track:1LaaLAzuCV0N785i5snlGF,חנוכה חנוכה,"Dalia Amihud, Kids Choir",66942,118,2025-12-18,hebrew_title,review,1,https://shironet.mako.co.il/artist?type=lyrics&lang=1&prfid=806&wrkid=3638,חנוכה חנוכה,עממי,100.0,75.0,,,,,
spotify:track:6swbk6pNdei7S5ZRtdyApp,אחרי החגים,Eviatar Banai,65567,68,2023-12-28,hebrew_title,review,1,https://shironet.mako.co.il/artist?type=lyrics&lang=1&prfid=2639&wrkid=148,אחרי החגים,אבי טולדנו ועופרה חזה,100.0,57.1,,,,,
spotify:track:3CdPL5qF03DtSPZMhECaqu,בן 32,Omer Adam,65290,125,2026-02-19,hebrew_title,lyrics_not_fetched,1,https://shironet.mako.co.il/artist?type=lyrics&lang=1&prfid=10755&wrkid=65954,בן 32,עומר אדם,100.0,100.0,,,,,
spotify:track:7eCFgwYgX8sxhZpy224aNT,שירתו של החורף,Omer Adam,65266,126,2026-02-19,hebrew_title,lyrics_not_fetched,1,https://shironet.mako.co.il/artist?type=lyrics&lang=1&prfid=10755&wrkid=65738,שירתו של החורף,עומר אדם,100.0,100.0,,,,,
spotify:track:7GguigxECygJxMkp47Gwlj,אפטרשוק,Eyal Golan,64123,133,2026-02-19,hebrew_title,lyrics_not_fetched,1,https://shironet.mako.co.il/artist?type=lyrics&lang=1&prfid=92&wrkid=65730,אפטרשוק,אייל גולן,100.0,94.1,,,,,
spotify:track:59WiHC6djTa97XxqawF8SX,פינה של שקט,Omer Adam,63962,134,2026-02-19,hebrew_title,lyrics_not_fetched,1,https://shironet.mako.co.il/artist?type=lyrics&lang=1&prfid=10755&wrkid=65739,פינה של שקט,עומר אדם,100.0,100.0,,,,,
spotify:track:34OkDplGZoRah6d3yCe8lZ,אל תחזרי,"Eden Ben Zaken, Eyal Golan",63154,124,2025-09-04,hebrew_title,lyrics_not_fetched,1,https://shironet.mako.co.il/artist?type=lyrics&lang=1&prfid=16843&wrkid=64191,אל תחזרי,עדן בן זקן,100.0,100.0,,,,,
spotify:track:3gPo9Y9MgmltvcNQXNEqEP,מה היה מה יהיה,Ben Zur,63097,123,2025-12-25,hebrew_title,lyrics_not_fetched,1,https://shironet.mako.co.il/artist?type=lyrics&lang=1&prfid=22973&wrkid=65304,מה היה מה יהיה,בן צור,100.0,100.0,,,,,
spotify:track:1jIupbSkQxkCWLsYBkRMN1,חיה פצועה,Eyal Golan,62439,141,2026-02-19,hebrew_title,lyrics_not_fetched,1,https://shironet.mako.co.il/artist?type=lyrics&lang=1&prfid=92&wrkid=65729,חיה פצועה,אייל גולן,100.0,94.1,,,,,
spotify:track:6EgKPoNztkLCy3T9Z2zZxL,סכין,Nissim Baranes,61768,137,2025-08-21,hebrew_title,lyrics_not_fetched,1,https://shironet.mako.co.il/artist?type=lyrics&lang=1&prfid=13892&wrkid=64204,סכין,ניסים ברנס,100.0,100.0,,,,,
spotify:track:4AVYNA8DzrsjckLInCC7XB,פנים מחוקות,Eviatar Banai,61502,81,2023-12-28,hebrew_title,not_found,1,https://shironet.mako.co.il/artist?type=lyrics&lang=1&prfid=41&wrkid=12,אבות ובנים,אביתר בנאי,57.1,100.0,,,,,
spotify:track:2Otm3KEdvaoS1svZOLVGwc,ואן גוך,"שגב, ערן יוסף, עידו בן דב",61074,110,2023-10-12,hebrew_title,lyrics_not_fetched,1,https://shironet.mako.co.il/artist?type=lyrics&lang=1&prfid=24855&wrkid=59166,ואן גוך,ערן יוסף,100.0,100.0,,,,,
spotify:track:1jlRBIzjwY248pSQS8wdpE,באנו חושך לגרש,"Hop! Channel, Sharonit Children Choir",60834,140,2025-12-18,hebrew_title,review,1,https://shironet.mako.co.il/artist?type=lyrics&lang=1&prfid=18919&wrkid=49771,באנו חושך לגרש,רבע לאפריקה,100.0,13.3,,,,,
spotify:track:6VshpKQ55Z31tJQiCI4wJI,חנוכיה לי יש,Dudu Elharar,59528,149,2025-12-18,hebrew_title,review,1,https://shironet.mako.co.il/artist?type=lyrics&lang=1&prfid=4760&wrkid=63013,חנוכיה לי יש,אדרת,100.0,50.0,,,,,
spotify:track:1iapzOyCCKUSbOnRn92of7,סינוס,Eviatar Banai,58693,96,2023-12-28,hebrew_title,not_found,1,https://shironet.mako.co.il/artist?type=lyrics&lang=1&prfid=41&wrkid=17841,דיו,אביתר בנאי,50.0,100.0,,,,,
spotify:track:2jKE4XyZJEJKMInqkniNr7,שריטות ופחדים,Eyal Golan,58118,153,2026-02-19,hebrew_title,lyrics_not_fetched,1,https://shironet.mako.co.il/artist?type=lyrics&lang=1&prfid=92&wrkid=65731,שריטות ופחדים,אייל גולן,100.0,94.1,,,,,
spotify:track:50uspwzqbMxkpyHzMLwUVy,לירז,Static,57589,123,2023-10-12,hebrew_title,lyrics_not_fetched,1,https://shironet.mako.co.il/artist?type=lyrics&lang=1&prfid=20594&wrkid=57153,לירז,סטטיק,100.0,100.0,,,,,
spotify:track:3tT0AuW2Xjykbx5TcYv64j,תקופה חרא,Omer Adam,56782,167,2026-02-19,hebrew_title,lyrics_not_fetched,1,https://shironet.mako.co.il/artist?type=lyrics&lang=1&prfid=10755&wrkid=65744,תקופה חרא,עומר אדם,100.0,100.0,,,,,
spotify:track:6ZmcbbrN8yAKzdMAx4aT7j,מישהו שמזכיר אותי,Omer Adam,56599,170,2026-02-19,hebrew_title,lyrics_not_fetched,1,https://shironet.mako.co.il/artist?type=lyrics&lang=1&prfid=10755&wrkid=65740,מישהו שמזכיר אותי,עומר אדם,100.0,100.0,,,,,
spotify:track:2w2yDqoMHaHoB25X8a4XGR,מחפש את הכיוון,Eviatar Banai,56303,112,2023-12-28,hebrew_title,review,1,https://shironet.mako.co.il/artist?type=lyrics&lang=1&prfid=606&wrkid=2093,מחפש את הכיוון,מאיר בנאי,100.0,84.2,,,,,
spotify:track:1SEFRCe0y7bIJKXrCz4g90,ימי החנוכה,Makhelat Yeladim,56279,171,2025-12-18,hebrew_title,review,1,https://shironet.mako.co.il/artist?type=lyrics&lang=1&prfid=806&wrkid=3640,ימי החנוכה,עממי,100.0,40.0,,,,,
spotify:track:4bHrZFn02i3hBlIYfGLqgI,מאושר יותר,Shahar Saul,55884,104,2024-02-01,hebrew_title,lyrics_not_fetched,1,https://shironet.mako.co.il/artist?type=lyrics&lang=1&prfid=20461&wrkid=59597,מאושר יותר,שחר סאול,100.0,87.5,,,,,
spotify:track:23YI5ICXNXlaVnr6CEMvaA,ליצן קטן נחמד,Ruchama Raz,55498,134,2025-03-13,hebrew_title,review,1,https://shironet.mako.co.il/artist?type=lyrics&lang=1&prfid=806&wrkid=3886,ליצן קטן נחמד,עממי,100.0,25.0,,,,,
spotify:track:46ePz37ejKrWqTt9SjkoZj,"יפה שלי, יפה שלו",Eyal Golan,55271,178,2026-02-19,hebrew_title,lyrics_not_fetched,1,https://shironet.mako.co.il/artist?type=lyrics&lang=1&prfid=92&wrkid=65728,יפה שלי יפה שלו,אייל גולן,100.0,94.1,,,,,
spotify:track:6hejRIYDdXDSn3LK2V16xf,באך,Liran Danino,54977,125,2024-06-20,hebrew_title,lyrics_not_fetched,1,https://shironet.mako.co.il/artist?type=lyrics&lang=1&prfid=10743&wrkid=60623,באך‎,לירן דנינו,100.0,100.0,,,,,
spotify:track:4PQDzCTyZkCW5o4FueSJaa,ריו דה ז'נרו,Omer Adam,54686,181,2026-02-19,hebrew_title,lyrics_not_fetched,1,https://shironet.mako.co.il/artist?type=lyrics&lang=1&prfid=10755&wrkid=65741,ריו דה ז'נרו,עומר אדם,100.0,100.0,,,,,
spotify:track:2iSzY4U1N4GshwiDYEVTuZ,שיר אהבה טרי,Eviatar Banai,54651,120,2023-12-28,hebrew_title,review,1,https://shironet.mako.co.il/artist?type=lyrics&lang=1&prfid=980&wrkid=2945,שיר אהבה טרי,שלמה גרוניך,100.0,40.0,,,,,
spotify:track:4BViDvVfquPNEZZJWDbD3Z,איפה תלך,אור כהן,54637,140,2025-05-29,hebrew_title,lyrics_not_fetched,1,https://shironet.mako.co.il/artist?type=lyrics&lang=1&prfid=25664&wrkid=63793,איפה תלך,אור כהן,100.0,100.0,,,,,
spotify:track:3yIOvtT07WeIeYLQEdrsuB,אליך ה',"Eden Hason, Ofer Levi",54559,157,2025-09-11,hebrew_title,not_found,1,https://shironet.mako.co.il/artist?type=lyrics&lang=1&prfid=13834&wrkid=66476,איך שהיא רוקדת,עדן חסון,47.6,100.0,,,,,
spotify:track:0WDw4EOQfiqVyjTZxsV59o,מחכה לו,Eyal Golan,54231,170,2025-04-10,hebrew_title,lyrics_not_fetched,1,https://shironet.mako.co.il/artist?type=lyrics&lang=1&prfid=92&wrkid=63583,מחכה לו,אייל גולן,100.0,94.1,,,,,
spotify:track:2V5dl36PGbC6osvNTx8kE7,נר לי,Ruchama,54004,187,2025-12-18,hebrew_title,review,1,https://shironet.mako.co.il/artist?type=lyrics&lang=1&prfid=806&wrkid=3645,נר לי,עממי,100.0,33.3,,,,,
spotify:track:0Q2mZN9IwaYqdUoJtIoZZZ,סביבון סוב סוב סוב,"Dalia Amihud, Kids Choir",53972,188,2025-12-18,hebrew_title,not_found,1,https://shironet.mako.co.il/artist?type=lyrics&lang=1&prfid=806&wrkid=3647,סביבון סוב סוב,עממי,88.9,75.0,,,,,
spotify:track:2tNQeBWYhwFGqbDq53if0s,חוזר לעצמי,Eden Hason,53829,176,2026-02-12,hebrew_title,review,1,https://shironet.mako.co.il/artist?type=lyrics&lang=1&prfid=16614&wrkid=63041,חוזר לעצמי,פן חזות,100.0,61.5,,,,,
spotify:track:3TQtybs90OnjGO8uaYSZi6,אמא שלך,Ben Zur,53037,180,2025-12-25,hebrew_title,lyrics_not_fetched,1,https://shironet.mako.co.il/artist?type=lyrics&lang=1&prfid=22973&wrkid=65306,אמא שלך,בן צור,100.0,100.0,,,,,
spotify:track:0dutoNQWL1xJBU5JpOcbNi,בסיבוב הבא (לייב מתוך 'העשירייה' בכאן גימל),"נדב חנציס, כאן גימל",52971,177,2025-08-14,hebrew_title,review,1,https://shironet.mako.co.il/artist?type=lyrics&lang=1&prfid=2566&wrkid=46227,בסיבוב הבא,ערן ויץ,100.0,46.2,,,,,
spotify:track:4r5E6wRRSOVUTrmrHKYlLm,עוד טיפה,"Eden Ben Zaken, Ofek Adanek",52608,124,2024-09-05,hebrew_title,review,1,https://shironet.mako.co.il/artist?type=lyrics&lang=1&prfid=939&wrkid=48183,עוד טיפה,שולי רנד,100.0,40.0,,,,,
spotify:track:1SFtkFm8LFUozazhrBWHzx,לב אמיץ,Hanan Ben Ari,52397,174,2026-01-22,hebrew_title,lyrics_not_fetched,1,https://shironet.mako.co.il/artist?type=lyrics&lang=1&prfid=17593&wrkid=65480,לב אמיץ,חנן בן ארי,100.0,100.0,,,,,
spotify:track:0jPtqyNeV0MlKYBJP1iyUz,ימי החנוכה,Makhelat Banot,52022,199,2025-12-18,hebrew_title,review,1,https://shironet.mako.co.il/artist?type=lyrics&lang=1&prfid=4760&wrkid=63014,ימי החנוכה,אדרת,100.0,40.0,,,,,
spotify:track:7AfWkhoN7gijL1EalwoBf7,הרע זה לא אני,"ששון איפרם שאולוב, יאיר אלייצור",51709,182,2025-09-18,hebrew_title,lyrics_not_fetched,1,https://shironet.mako.co.il/artist?type=lyrics&lang=1&prfid=24321&wrkid=64482,הרע זה לא אני,ששון איפרם שאולוב,100.0,100.0,,,,,
spotify:track:2GCR5b8UkMN2QtBMtfMvZQ,מצילה אותי,Avihu Pinhasov Rhythm Club,51610,194,2026-02-12,hebrew_title,lyrics_not_fetched,1,https://shironet.mako.co.il/artist?type=lyrics&lang=1&prfid=16376&wrkid=40366,מציל אותי,אביהו פנחסוב,94.7,100.0,,,,,
spotify:track:69CPAaEBVZLFEebBIIhZ03,הדייגים,Eviatar Banai,51469,143,2023-12-28,hebrew_title,review,1,https://shironet.mako.co.il/artist?type=lyrics&lang=1&prfid=17069&wrkid=39020,הדייגים,בית ספר לנבואה,100.0,60.0,,,,,
spotify:track:5YNiqqi7OmJhKcyz6g7QF7,חלל,Eviatar Banai,51326,148,2024-09-26,hebrew_title,review,1,https://shironet.mako.co.il/artist?type=lyrics&lang=1&prfid=2349&wrkid=23697,חלל,אמיר דדון,100.0,53.3,,,,,
spotify:track:0kb42sln40xKrX5wgwU1ak,Cry,Mergui,51276,135,2024-02-22,israeli_artist,review,1,https://shironet.mako.co.il/artist?type=lyrics&lang=2&prfid=35283&wrkid=74697,Cry,Rihanna,100.0,50.0,,,,,
spotify:track:58gjKhdAyYFvtuw0sGn95e,ארץ ישראל שלי,נירה רבינוביץ,51178,133,2025-05-01,hebrew_title,lyrics_not_fetched,1,https://shironet.mako.co.il/artist?type=lyrics&lang=1&prfid=2157&wrkid=6294,ארץ ישראל שלי,נירה רבינוביץ',100.0,100.0,,,,,
spotify:track:4XoyhizXsQYQA2avkUMSwQ,בימים של עצב,Eyal Golan,50876,167,2024-04-18,hebrew_title,lyrics_not_fetched,1,https://shironet.mako.co.il/artist?type=lyrics&lang=1&prfid=92&wrkid=60298,בימים של עצב,אייל גולן,100.0,94.1,,,,,
spotify:track:2TDC45f5lK7QIN5K5zhI2C,סימני דרך,Hanan Ben Ari,50285,142,2025-10-02,hebrew_title,review,1,https://shironet.mako.co.il/artist?type=lyrics&lang=1&prfid=2479&wrkid=5622,סימני דרך,האירוסים,100.0,54.5,,,,,
spotify:track:4Q50Iecki1XRdnZlOdLa1Q,אם את כבר הולכת - חי באולפן גלגלצ,נדב חנציס,50074,192,2025-08-14,hebrew_title,not_found,1,https://shironet.mako.co.il/artist?type=lyrics&lang=1&prfid=26233&wrkid=63806,אם את כבר הולכת,נדב חנציס,65.2,100.0,,,,,
spotify:track:0vHfUyS3MmAvTbaApCbzo6,ממה את מפחדת,"Eyal Golan, Benaia Barabi",50025,172,2024-04-18,hebrew_title,not_found,1,https://shironet.mako.co.il/artist?type=lyrics&lang=1&prfid=17746&wrkid=50244,קחי את הפחדים,בניה ברבי,56.0,100.0,,,,,
spotify:track:0GqJJ73OEzDfTj1U8186uZ,שיחות שלום,Eviatar Banai,49864,155,2024-09-26,hebrew_title,not_found,1,https://shironet.mako.co.il/artist?type=lyrics&lang=1&prfid=41&wrkid=12,אבות ובנים,אביתר בנאי,50.0,100.0,,,,,
spotify:track:4IU2Ckcgd9W8ONOpAj8VDK,משנכנס אדר,Yorik Ben David,49838,160,2025-03-13,hebrew_title,review,1,https://shironet.mako.co.il/artist?type=lyrics&lang=1&prfid=510&wrkid=35091,כשנכנס אדר,יוריק בן דוד,90.0,100.0,,,,,
spotify:track:3Vh5D8nz2Vc1BcpiHePfVk,אסטרולוגים רבנים,Odeya,49784,173,2024-12-12,hebrew_title,lyrics_not_fetched,1,https://shironet.mako.co.il/artist?type=lyrics&lang=1&prfid=22151&wrkid=61577,אסטרולוגים רבנים,אודיה אזולאי,100.0,100.0,,,,,
spotify:track:4ZlzBwHFiuDNQ1OEpUwfDf,שיר ללא שם,Yehudit Ravitz,49747,169,2025-10-16,hebrew_title,lyrics_not_fetched,1,https://shironet.mako.co.il/artist?type=lyrics&lang=1&prfid=462&wrkid=3003,שיר ללא שם,יהודית רביץ,100.0,100.0,,,,,
spotify:track:0A2vpSZUbHj0lHL4pcHydI,בית מפואר,Eyal Golan,49713,194,2025-08-14,hebrew_title,lyrics_not_fetched,1,https://shironet.mako.co.il/artist?type=lyrics&lang=1&prfid=92&wrkid=64341,בית מפואר,אייל גולן,100.0,94.1,,,,,
spotify:track:1vTVrYErMEixGuPZFZGg6C,רוק 30,Tuna,49681,173,2025-06-05,hebrew_title,lyrics_not_fetched,1,https://shironet.mako.co.il/artist?type=lyrics&lang=1&prfid=16260&wrkid=40130,רוק 30,טונה,100.0,100.0,,,,,
spotify:track:3DNUgZ8SOC7wE4wcs15Ad8,את ההוכחה שיש אלוהים,Hanan Ben Ari,49568,194,2026-01-22,hebrew_title,lyrics_not_fetched,1,https://shironet.mako.co.il/artist?type=lyrics&lang=1&prfid=17593&wrkid=65481,את ההוכחה שיש אלוהים,חנן בן ארי,100.0,100.0,,,,,
spotify:track:2JAYY8Ts7FruUCEXxE07Nt,LIVING ROOM,"maryjo, Mergui",49494,186,2025-08-28,israeli_artist,review,1,https://shironet.mako.co.il/artist?type=lyrics&lang=2&prfid=8187&wrkid=17990,Living Room,David Gray,100.0,50.0,,,,,
spotify:track:2ZVGw7FVIyZFHt03lUMQb7,חתולים שחורים (ישראל בידור),"Israel Bidur, Eyal Golan, Static",49418,145,2024-05-16,hebrew_title,not_found,1,https://shironet.mako.co.il/artist?type=lyrics&lang=1&prfid=20594&wrkid=60454,אייל גולן וסטטיק - חתולים שחורים,סטטיק,63.2,100.0,,,,,
spotify:track:30HZfUucfwWAOVAVUCsfJj,בלדה לסוכן כפול,Mashina,49343,189,2025-10-09,hebrew_title,lyrics_not_fetched,1,https://shironet.mako.co.il/artist?type=lyrics&lang=1&prfid=686&wrkid=664,בלדה לסוכן כפול,משינה,100.0,100.0,,,,,
spotify:track:6VCdW8lerxdUm9y09EquIc,עוד פעם,Jasmin Moallem,49308,177,2025-07-17,hebrew_title,lyrics_not_fetched,1,https://shironet.mako.co.il/artist?type=lyrics&lang=1&prfid=22199&wrkid=63943,עוד פעם,יסמין מועלם,100.0,100.0,,,,,
spotify:track:2abTygqy1SZHLvYxbbAS41,סוכנת כפולה,ששון איפרם שאולוב,49264,195,2025-07-10,hebrew_title,lyrics_not_fetched,1,https://shironet.mako.co.il/artist?type=lyrics&lang=1&prfid=25152&wrkid=63884,סוכנת כפולה,ששון שאולוב,100.0,100.0,,,,,
spotify:track:0pUrx3AMrKPM2IRJGnCe57,שיר לטל,Peer Tasi,49222,187,2024-06-06,hebrew_title,lyrics_not_fetched,1,https://shironet.mako.co.il/artist?type=lyrics&lang=1&prfid=7747&wrkid=60592,שיר לטל,פאר טסי,100.0,100.0,,,,,
spotify:track:5DZ8C4ECBGxveR31MDq0BV,אופוריה,Itay Levi,49080,162,2025-03-20,hebrew_title,lyrics_not_fetched,1,https://shironet.mako.co.il/artist?type=lyrics&lang=1&prfid=15629&wrkid=63035,אופוריה,איתי לוי,100.0,100.0,,,,,
spotify:track:13A9YrC5s1BegROEuZYF1D,קארמה,Jasmin Moallem,48999,181,2025-07-17,hebrew_title,lyrics_not_fetched,1,https://shironet.mako.co.il/artist?type=lyrics&lang=1&prfid=22199&wrkid=63944,קארמה,יסמין מועלם,100.0,100.0,,,,,
spotify:track:7F1Gx6BQJdgn9y5OFJ4u8W,קווים לדמותו,Osher Cohen,48944,160,2023-12-28,hebrew_title,lyrics_not_fetched,1,https://shironet.mako.co.il/artist?type=lyrics&lang=1&prfid=16196&wrkid=59472,קווים לדמותו,אושר כהן,100.0,100.0,,,,,
spotify:track:5J4nO4cqIUUCKeUgkU33yA,לא נגמר,הגר יפת,48749,181,2025-01-02,hebrew_title,review,1,https://shironet.mako.co.il/artist?type=lyrics&lang=1&prfid=602&wrkid=51020,לא נגמר,מאור כהן,100.0,33.3,,,,,
spotify:track:0lv4qpjNTUf1nATDz1fhsu,לא אכפת לי,פרידה,48673,174,2025-05-15,hebrew_title,lyrics_not_fetched,1,https://shironet.mako.co.il/artist?type=lyrics&lang=1&prfid=26236&wrkid=63761,לא אכפת לי,פרידה עוזיאל,100.0,100.0,,,,,
spotify:track:72yhMb8kkkzWxM4UEPywPC,GODMOTHER (feat. Eden Ben Zaken),"Noga Erez, Eden Ben Zaken",48581,175,2024-08-29,israeli_artist,not_found,1,https://shironet.mako.co.il/artist?type=lyrics&lang=1&prfid=16843&wrkid=64938,MACTUB,עדן בן זקן,26.7,100.0,,,,,
spotify:track:3ftCJn1Ik29diWXwXzL1rR,לב,Idan Amedi,48461,166,2025-01-09,hebrew_title,lyrics_not_fetched,1,https://shironet.mako.co.il/artist?type=lyrics&lang=1&prfid=12746&wrkid=62310,לב,עידן עמדי,100.0,100.0,,,,,
spotify:track:4Uc70MctKQoDhKtiMfhB8h,מחרוזת פורים,"Itzik Eshel, מקהלת ילדי ניסים",48422,167,2025-03-13,hebrew_title,not_found,1,https://shironet.mako.co.il/artist?type=lyrics&lang=1&prfid=412&wrkid=10374,ריח בושם,חמסה,40.0,57.1,,,,,
spotify:track:01GbG6dxVvdvV5XuzRvgC5,GODMOTHER (feat. Eden Ben Zaken),"Noga Erez, Eden Ben Zaken",48296,165,2024-09-26,israeli_artist,not_found,1,https://shironet.mako.co.il/artist?type=lyrics&lang=1&prfid=16843&wrkid=64938,MACTUB,עדן בן זקן,26.7,100.0,,,,,
spotify:track:1gg3OHucFALk4GBqpAHDma,יהונתן,Eviatar Banai,48057,170,2024-09-26,hebrew_title,not_found,1,https://shironet.mako.co.il/artist?type=lyrics&lang=1&prfid=41&wrkid=45211,הושענא,אביתר בנאי,50.0,100.0,,,,,
spotify:track:0uWhlKtR53jZg7E3gh3gj4,מביט אל השמיים,Eyal Golan,47945,185,2024-04-18,hebrew_title,lyrics_not_fetched,1,https://shironet.mako.co.il/artist?type=lyrics&lang=1&prfid=92&wrkid=60300,מביט אל השמיים,אייל גולן,100.0,94.1,,,,,
spotify:track:2GTiBbjPnoJeH20wD0Frrh,⁠סוד,Eden Ben Zaken,47625,199,2025-09-11,hebrew_title,review,1,https://shironet.mako.co.il/artist?type=lyrics&lang=1&prfid=7100&wrkid=66589,סוד,הדס דגול שמרלינג,100.0,31.6,,,,,
spotify:track:3jayVZGKD8ZSu0PxDoZqvT,2 דקות,Eyal Golan,47421,194,2024-04-18,hebrew_title,lyrics_not_fetched,1,https://shironet.mako.co.il/artist?type=lyrics&lang=1&prfid=92&wrkid=60296,2 דקות,אייל גולן,100.0,94.1,,,,,
spotify:track:38F5Qet7NykRGvr3C7KDJR,להרים,Static,47373,195,2024-04-18,hebrew_title,lyrics_not_fetched,1,https://shironet.mako.co.il/artist?type=lyrics&lang=1&prfid=20594&wrkid=60240,להרים,סטטיק,100.0,100.0,,,,,
spotify:track:5rAq5A04MbvQYDWKJsKsTy,חג פורים,Dorit Reuveni,47309,175,2025-03-13,hebrew_title,review,1,https://shironet.mako.co.il/artist?type=lyrics&lang=1&prfid=806&wrkid=3887,חג פורים,עממי,100.0,40.0,,,,,
spotify:track:1KqiG69e5Rq5WVmJu9xVrq,Zahav,Static & Ben El,47113,199,2025-08-28,israeli_artist,not_found,1,https://shironet.mako.co.il/artist?type=lyrics&lang=1&prfid=13997&wrkid=60867,Gold Bracelet,ריף כהן,11.8,20.0,,,,,
spotify:track:5ROswswUSxvwCkk8CiODGB,חנוכיה לי יש,Dudu Elharar,47063,180,2023-12-14,hebrew_title,review,1,https://shironet.mako.co.il/artist?type=lyrics&lang=1&prfid=4760&wrkid=63013,חנוכיה לי יש,אדרת,100.0,50.0,,,,,
spotify:track:3FAOYZtUlvrvs3EgZ3Nyy1,שום דבר לא יפגע בי,Knesiyat Hasechel,46883,164,2024-05-16,hebrew_title,lyrics_not_fetched,1,https://shironet.mako.co.il/artist?type=lyrics&lang=1&prfid=565&wrkid=21278,שום דבר לא יפגע בי,כנסיית השכל,100.0,100.0,,,,,
spotify:track:3pzQPfvzoC4I2Pp7jNZfwB,כל הזמן אומרת,Osher Cohen,46793,175,2024-03-21,hebrew_title,lyrics_not_fetched,1,https://shironet.mako.co.il/artist?type=lyrics&lang=1&prfid=16196&wrkid=50542,כל הזמן אומרת,אושר כהן,100.0,100.0,,,,,
spotify:track:7AHyE0P9UKYVmrz0YVwCQP,אני פורים,Osnat Paz,46652,184,2025-03-13,hebrew_title,review,1,https://shironet.mako.co.il/artist?type=lyrics&lang=1&prfid=806&wrkid=4672,אני פורים,עממי,100.0,0.0,,,,,
spotify:track:2qmJ2h1UdncRMPI2DMRWvK,פסקול חיי,Omer Adam,46609,172,2025-02-27,hebrew_title,not_found,1,https://shironet.mako.co.il/artist?type=lyrics&lang=1&prfid=10755&wrkid=6060,איני יכול,עומר אדם,55.6,100.0,,,,,
spotify:track:3FYdP6pprYqBtGwzqEtCsx,מעונה לעונה,Eviatar Banai,46553,184,2024-09-26,hebrew_title,not_found,1,https://shironet.mako.co.il/artist?type=lyrics&lang=1&prfid=41&wrkid=35987,יפה כלבנה,אביתר בנאי,44.4,100.0,,,,,
spotify:track:2a7KYIA9S953OTyIlahCoU,תחזור (Tachzor),"Idan Raichel, Roni Dalumi",46482,168,2024-05-16,hebrew_title,lyrics_not_fetched,1,https://shironet.mako.co.il/artist?type=lyrics&lang=1&prfid=10744&wrkid=59736,תחזור,רוני דלומי,100.0,100.0,,,,,
spotify:track:5pNwlsGCaem5d4Zrscx2LZ,בוגנוויליה,Eviatar Banai,46460,188,2023-12-28,hebrew_title,not_found,1,https://shironet.mako.co.il/artist?type=lyrics&lang=1&prfid=41&wrkid=13619,הזאב והאיילה,אביתר בנאי,47.6,100.0,,,,,
spotify:track:2tQCrZ4fe3eDviBKb6wFhj,ברגעים שאת הולכת,Osher Cohen,46391,180,2024-03-21,hebrew_title,not_found,1,https://shironet.mako.co.il/artist?type=lyrics&lang=1&prfid=16196&wrkid=67132,יום הולדת,אושר כהן,54.5,100.0,,,,,
spotify:track:4igpslTqYWspfws3blGsRM,אם רק תדברי,Guy Mazig,46317,139,2024-10-10,hebrew_title,lyrics_not_fetched,1,https://shironet.mako.co.il/artist?type=lyrics&lang=1&prfid=2142&wrkid=42042,אם רק תדברי,גיא מזיג,100.0,100.0,,,,,
spotify:track:3Pmgm0QepSOImJfW29Hxy2,משהו בשמיים,Jasmin Moallem,46225,198,2025-07-17,hebrew_title,lyrics_not_fetched,1,https://shironet.mako.co.il/artist?type=lyrics&lang=1&prfid=22199&wrkid=63682,משהו בשמיים,יסמין מועלם,100.0,100.0,,,,,
spotify:track:37UoK4f7ghXOirEorXNsqb,אוויר לנשימה,Eden Hason,45962,184,2025-02-20,hebrew_title,review,1,https://shironet.mako.co.il/artist?type=lyrics&lang=1&prfid=14273&wrkid=58398,אוויר לנשימה,נסרין קדרי,100.0,44.4,,,,,
spotify:track:1GZOUGboRlIZy0Nj3HN91J,אבנים מתגלגלות,Eyal Golan,45764,188,2025-04-17,hebrew_title,lyrics_not_fetched,1,https://shironet.mako.co.il/artist?type=lyrics&lang=1&prfid=92&wrkid=63585,אבנים מתגלגלות,אייל גולן,100.0,94.1,,,,,
spotify:track:5TwAuMaXxJ5dBSN76rRc4x,ניצחת איתי הכל,Amir Benayoun,45624,198,2025-09-25,hebrew_title,lyrics_not_fetched,1,https://shironet.mako.co.il/artist?type=lyrics&lang=1&prfid=802&wrkid=10000,ניצחת איתי הכל,עמיר בניון,100.0,100.0,,,,,
spotify:track:08zWr8F1jIrBBDEaBB2EuU,עדלאידע,"שוקי סלומון, Arik Dvir",45577,187,2024-03-28,hebrew_title,review,1,https://shironet.mako.co.il/artist?type=lyrics&lang=1&prfid=9777&wrkid=66460,עדלאידע,יערה טופ,100.0,40.0,,,,,
spotify:track:2UDUTgNjyL0BOnq2kcDbSe,לא חוקי,בנאל בן ציון,45498,194,2024-01-11,hebrew_title,lyrics_not_fetched,1,https://shironet.mako.co.il/artist?type=lyrics&lang=1&prfid=14616&wrkid=58830,לא חוקי,בנאל בן ציון,100.0,100.0,,,,,
spotify:track:7pB0NZuggjYNGXipzdTMff,רכבת לצפון,Assaf Amdursky,45261,199,2025-01-16,hebrew_title,lyrics_not_fetched,1,https://shironet.mako.co.il/artist?type=lyrics&lang=1&prfid=150&wrkid=21339,רכבת לצפון,אסף אמדורסקי,100.0,100.0,,,,,
spotify:track:0HPUcWtR8EHjd120wu2F9m,עומס לב,"Tuna, Dudu Tassa",45151,200,2024-04-11,hebrew_title,lyrics_not_fetched,1,https://shironet.mako.co.il/artist?type=lyrics&lang=1&prfid=16260&wrkid=52364,עומס לב,טונה,100.0,100.0,,,,,
spotify:track:6bmFicZxvhWn3wYScYhKfy,יונתן סע הביתה,Oshik Levy,45080,192,2025-02-20,hebrew_title,lyrics_not_fetched,1,https://shironet.mako.co.il/artist?type=lyrics&lang=1&prfid=85&wrkid=1542,יונתן סע הביתה,אושיק לוי,100.0,100.0,,,,,
spotify:track:4tJqps9lE4yMNuy0nufRE3,הכל טוב אחי,Eviatar Banai,44680,200,2024-09-26,hebrew_title,not_found,1,https://shironet.mako.co.il/artist?type=lyrics&lang=1&prfid=41&wrkid=35987,יפה כלבנה,אביתר בנאי,50.0,100.0,,,,,
spotify:track:1rvRyuQmz4d8R7B9wpBtq8,"פאפי - מיוחד למצעד הישראלי השנתי תשפ""ה של גלגלצ ו-ynet","Odeya, Tuna",44671,172,2025-10-02,hebrew_title,not_found,1,https://shironet.mako.co.il/artist?type=lyrics&lang=1&prfid=22151&wrkid=61957,את לא יודעת כמה שאני אוהב אותך,אודיה אזולאי,36.4,100.0,,,,,
spotify:track:4z0HqKOXJGaFGha9JPjD06,עכשיו קרוב,Idan Raichel,43798,200,2025-05-01,hebrew_title,lyrics_not_fetched,1,https://shironet.mako.co.il/artist?type=lyrics&lang=1&prfid=1333&wrkid=34782,עכשיו קרוב,הפרויקט של עידן רייכל,100.0,100.0,,,,,
spotify:track:60UdbrOrl7X8sR3xQu9kzN,דם של גיבורים,Odeya,43040,166,2023-11-23,hebrew_title,lyrics_not_fetched,1,https://shironet.mako.co.il/artist?type=lyrics&lang=1&prfid=22151&wrkid=59286,דם של גיבורים,אודיה אזולאי,100.0,100.0,,,,,
spotify:track:5paLSZ9sF5jc3aSOSjQf3b,אהלן וסהלן,Lehakat Sfataim,42868,189,2025-04-24,hebrew_title,review,1,https://shironet.mako.co.il/artist?type=lyrics&lang=1&prfid=10687&wrkid=25438,אהלן וסהלן,התיירים,100.0,72.7,,,,,
spotify:track:2dpe4tyuC0d9ofnOlCMFpC,המצב של היום,Ofek Adanek,42749,180,2024-08-15,hebrew_title,lyrics_not_fetched,1,https://shironet.mako.co.il/artist?type=lyrics&lang=1&prfid=21469&wrkid=48573,המצב של היום,אופק אדנק,100.0,88.9,,,,,
spotify:track:5EZfOTLFoj64rmQ8n43NGe,צעקתי אליך,Eyal Golan,42575,192,2025-10-02,hebrew_title,lyrics_not_fetched,1,https://shironet.mako.co.il/artist?type=lyrics&lang=1&prfid=92&wrkid=64415,צעקתי אליך,אייל גולן,100.0,94.1,,,,,
spotify:track:0tqldrIhaskYRImTDWzf46,שעתיים,Ofek Adanek,42158,187,2024-08-15,hebrew_title,lyrics_not_fetched,1,https://shironet.mako.co.il/artist?type=lyrics&lang=1&prfid=21469&wrkid=58077,שעתיים,אופק אדנק,100.0,88.9,,,,,
spotify:track:2XOdRT5fQIFhctTJieM8a3,תחזור (Tachzor),"Idan Raichel, Roni Dalumi",41847,154,2023-11-09,hebrew_title,lyrics_not_fetched,1,https://shironet.mako.co.il/artist?type=lyrics&lang=1&prfid=10744&wrkid=59736,תחזור,רוני דלומי,100.0,100.0,,,,,
spotify:track:7vXv8385iNKK2cdja1sHrU,תשמור עלי,"יאיר אלייצור, E-Z, Bar Tzabary",40507,174,2025-06-26,hebrew_title,review,1,https://shironet.mako.co.il/artist?type=lyrics&lang=1&prfid=23803&wrkid=63129,תשמור עלי,מאיה דדון,100.0,57.1,,,,,
spotify:track:2wsDi2x4zDbBWSOLqWcjuj,אהבה גדולה,"Maor Edri, נאור אדרי",33596,171,2025-06-19,hebrew_title,review,1,https://shironet.mako.co.il/artist?type=lyrics&lang=1&prfid=25164&wrkid=59235,אהבה גדולה,ארז דן,100.0,66.7,,,,,
spotify:track:0pUafc8ib94x2pFHPt57dI,להתראות אהובי שלי,"אלקנה מרציאנו, Dudu Faruk",33318,174,2025-06-19,hebrew_title,lyrics_not_fetched,1,https://shironet.mako.co.il/artist?type=lyrics&lang=1&prfid=17178&wrkid=63911,להתראות אהוב שלי,אלקנה מרציאנו,97.0,100.0,,,,,
spotify:track:5vcjj1PnF81hHkf6tkHZWh,לראות את האור,Efrat Gosh,33315,199,2023-10-26,hebrew_title,lyrics_not_fetched,1,https://shironet.mako.co.il/artist?type=lyrics&lang=1&prfid=3078&wrkid=18976,לראות את האור,אפרת גוש,100.0,100.0,,,,,
spotify:track:7xluxbbxxQ8ovB6xrJUlim,הכי קרוב אלייך,"Elai Botner, Avraham Aviv Alush",31970,188,2025-06-19,hebrew_title,lyrics_not_fetched,1,https://shironet.mako.co.il/artist?type=lyrics&lang=1&prfid=4727&wrkid=49865,הכי קרוב אלייך,עילי בוטנר,100.0,100.0,,,,,
spotify:track:3hpaRxH73ciJCuH6QcNWXO,מטפסים על הקירות,Eden Hason,29863,166,2023-10-19,hebrew_title,lyrics_not_fetched,1,https://shironet.mako.co.il/artist?type=lyrics&lang=1&prfid=13834&wrkid=57673,מטפסים על הקירות,עדן חסון,100.0,100.0,,,,,
spotify:track:3PqHflY0wAwmSAt0pIZRT7,אבא,Eviatar Banai,28319,188,2023-10-19,hebrew_title,lyrics_not_fetched,1,https://shironet.mako.co.il/artist?type=lyrics&lang=1&prfid=41&wrkid=22236,אבא,אביתר בנאי,100.0,100.0,,,,,
spotify:track:6s7LQ3bgiQRORpqbxK2N5X,אחשילי,"Yishay Swissa, Michael Swissa, Shahar Hason",24511,186,2023-10-12,hebrew_title,not_found,1,https://shironet.mako.co.il/artist?type=lyrics&lang=1&prfid=24959&wrkid=66325,כלום בפית,רותם אלגם אסולין,28.6,53.3,,,,,
spotify:track:5A3bEckI7AjWTguGqZOzUm,פנתרה,Noa Kirel,24325,188,2023-10-12,hebrew_title,lyrics_not_fetched,1,https://shironet.mako.co.il/artist?type=lyrics&lang=1&prfid=18493&wrkid=55919,פנתרה,נועה קירל,100.0,100.0,,,,,
spotify:track:4py8ddBPFRTYqL3vbh2FXq,טרנטולה,"Static, Agam Buhbut",23960,194,2023-10-12,hebrew_title,lyrics_not_fetched,1,https://shironet.mako.co.il/artist?type=lyrics&lang=1&prfid=20594&wrkid=57162,טרנטולה,סטטיק,100.0,100.0,,,,,
spotify:track:4ZczcAx568Lt9m51yuMsTy,איך שאת אוהבת,Osher Cohen,23952,195,2023-10-12,hebrew_title,lyrics_not_fetched,1,https://shironet.mako.co.il/artist?type=lyrics&lang=1&prfid=16196&wrkid=58004,איך שאת אוהבת,אושר כהן,100.0,100.0,,,,,
